{"mean":{"confidence_interval":{"confidence_level":0.95,"lower_bound":-0.044509417854216124,"upper_bound":-0.042968233081239364},"point_estimate":-0.04371497892111853,"standard_error":0.00039338235503027575},"median":{"confidence_interval":{"confidence_level":0.95,"lower_bound":-0.043828739314198194,"upper_bound":-0.04271053464976604},"point_estimate":-0.043158297404089385,"standard_error":0.0002980115398126676}}