{"mean":{"confidence_interval":{"confidence_level":0.95,"lower_bound":-0.850419208453341,"upper_bound":-0.8499739936050706},"point_estimate":-0.8501685582493386,"standard_error":0.00011491568485163452},"median":{"confidence_interval":{"confidence_level":0.95,"lower_bound":-0.8500279862509563,"upper_bound":-0.849957975468107},"point_estimate":-0.8499917469923863,"standard_error":0.00001838216184781978}}