{"mean":{"confidence_interval":{"confidence_level":0.95,"lower_bound":-0.0031564669381299536,"upper_bound":-3.816257981973495e-6},"point_estimate":-0.0013440551505051745,"standard_error":0.0008151248941564088},"median":{"confidence_interval":{"confidence_level":0.95,"lower_bound":-0.000176890075351821,"upper_bound":0.0002891003425871119},"point_estimate":0.00012199855350925048,"standard_error":0.00012206960288444931}}