{"mean":{"confidence_interval":{"confidence_level":0.95,"lower_bound":-0.8211714031068552,"upper_bound":-0.820297232255072},"point_estimate":-0.8208488737533823,"standard_error":0.00021864708929075918},"median":{"confidence_interval":{"confidence_level":0.95,"lower_bound":-0.8212292265614796,"upper_bound":-0.8211447960955243},"point_estimate":-0.821189703767839,"standard_error":0.000021507351950148952}}