{"mean":{"confidence_interval":{"confidence_level":0.95,"lower_bound":0.0009173966352609254,"upper_bound":0.004989440594320506},"point_estimate":0.0029146601964307184,"standard_error":0.0010864151434593957},"median":{"confidence_interval":{"confidence_level":0.95,"lower_bound":-0.00016908198727105805,"upper_bound":0.0003230761512036384},"point_estimate":0.00006216998403796303,"standard_error":0.0001296919653018742}}