{"mean":{"confidence_interval":{"confidence_level":0.95,"lower_bound":-0.0029846595846452187,"upper_bound":-0.001227376933950525},"point_estimate":-0.0020116926034390303,"standard_error":0.00045039870129624294},"median":{"confidence_interval":{"confidence_level":0.95,"lower_bound":-0.0013120368819714567,"upper_bound":-0.00034354451890838966},"point_estimate":-0.0008116689904840158,"standard_error":0.00023780158209680784}}