{"mean":{"confidence_interval":{"confidence_level":0.95,"lower_bound":-0.0027919214648595143,"upper_bound":0.0004349262235051821},"point_estimate":-0.0009840476862743586,"standard_error":0.0008303500043600532},"median":{"confidence_interval":{"confidence_level":0.95,"lower_bound":-0.0001430711494526364,"upper_bound":0.00018115754724767896},"point_estimate":0.000022512360705606582,"standard_error":0.00008159990304119253}}