{"mean":{"confidence_interval":{"confidence_level":0.95,"lower_bound":-0.9226633712397483,"upper_bound":-0.9226070397616019},"point_estimate":-0.9226334520151718,"standard_error":0.000014372117652521234},"median":{"confidence_interval":{"confidence_level":0.95,"lower_bound":-0.9226320154993074,"upper_bound":-0.9225988322967541},"point_estimate":-0.9226158298443847,"standard_error":8.654632279423741e-6}}