{"mean":{"confidence_interval":{"confidence_level":0.95,"lower_bound":-0.001026105353948048,"upper_bound":0.000014271861754854981},"point_estimate":-0.00042354422207990794,"standard_error":0.0002688880412985172},"median":{"confidence_interval":{"confidence_level":0.95,"lower_bound":-0.00037162200653806376,"upper_bound":0.000209756809965711},"point_estimate":-0.0000689908262069272,"standard_error":0.00015361333920799945}}