{"mean":{"confidence_interval":{"confidence_level":0.95,"lower_bound":0.6331842140436041,"upper_bound":0.6353928999469117},"point_estimate":0.6341713896104583,"standard_error":0.0005673294812852495},"median":{"confidence_interval":{"confidence_level":0.95,"lower_bound":0.6331161862261392,"upper_bound":0.6342027113503844},"point_estimate":0.6335253169546823,"standard_error":0.00028828183890108227},"median_abs_dev":{"confidence_interval":{"confidence_level":0.95,"lower_bound":0.0014188129858814372,"upper_bound":0.0022132862910924497},"point_estimate":0.0018944756510325276,"standard_error":0.0002027181150739691},"slope":{"confidence_interval":{"confidence_level":0.95,"lower_bound":0.6337198991118491,"upper_bound":0.6342876728418563},"point_estimate":0.6340112052750176,"standard_error":0.00014472115574084202},"std_dev":{"confidence_interval":{"confidence_level":0.95,"lower_bound":0.0027275905825921163,"upper_bound":0.008482504706691298},"point_estimate":0.005700679443517709,"standard_error":0.0015391772288560392}}