{"mean":{"confidence_interval":{"confidence_level":0.95,"lower_bound":-0.0007745725521000667,"upper_bound":0.001039360687278029},"point_estimate":0.0001973258117047294,"standard_error":0.0004590750901329451},"median":{"confidence_interval":{"confidence_level":0.95,"lower_bound":-0.00011948559489727284,"upper_bound":0.00037334286548174056},"point_estimate":0.00023910450709707654,"standard_error":0.00012717138034868124}}