{"mean":{"confidence_interval":{"confidence_level":0.95,"lower_bound":-0.9101095175666011,"upper_bound":-0.9100516481953255},"point_estimate":-0.9100810453482014,"standard_error":0.000014780731065210699},"median":{"confidence_interval":{"confidence_level":0.95,"lower_bound":-0.9100934616093346,"upper_bound":-0.910058641116767},"point_estimate":-0.9100778429837142,"standard_error":8.610103166155656e-6}}