{"mean":{"confidence_interval":{"confidence_level":0.95,"lower_bound":-0.9587169284981204,"upper_bound":-0.9586850371550799},"point_estimate":-0.9587005867620041,"standard_error":8.144446766796208e-6},"median":{"confidence_interval":{"confidence_level":0.95,"lower_bound":-0.958701787727347,"upper_bound":-0.9586826382440695},"point_estimate":-0.9586907150522591,"standard_error":4.944898037073282e-6}}