{"mean":{"confidence_interval":{"confidence_level":0.95,"lower_bound":-0.0010848801867390423,"upper_bound":0.0007586619413570747},"point_estimate":-0.00019193810471862527,"standard_error":0.00046547182394903147},"median":{"confidence_interval":{"confidence_level":0.95,"lower_bound":-0.00040214123102300103,"upper_bound":0.00008075068203061697},"point_estimate":-0.00019564218223000474,"standard_error":0.00012556854061966034}}