{"mean":{"confidence_interval":{"confidence_level":0.95,"lower_bound":-0.887613764036539,"upper_bound":-0.8874634056047256},"point_estimate":-0.887543150253167,"standard_error":0.00003837435141304723},"median":{"confidence_interval":{"confidence_level":0.95,"lower_bound":-0.8877390069171314,"upper_bound":-0.8875770455026205},"point_estimate":-0.8876600061550335,"standard_error":0.0000411909328725039}}