{"mean":{"confidence_interval":{"confidence_level":0.95,"lower_bound":-0.0030084221099243072,"upper_bound":0.000010205203229767816},"point_estimate":-0.0014130821228607315,"standard_error":0.0007723490282093088},"median":{"confidence_interval":{"confidence_level":0.95,"lower_bound":-0.00044144718135219474,"upper_bound":0.00012958908478544195},"point_estimate":-0.00015291633889591427,"standard_error":0.0001462346556913933}}