{"mean":{"confidence_interval":{"confidence_level":0.95,"lower_bound":0.07194345350843326,"upper_bound":0.07399866831334938},"point_estimate":0.0730089057549439,"standard_error":0.0005230945848412023},"median":{"confidence_interval":{"confidence_level":0.95,"lower_bound":0.07256048558699346,"upper_bound":0.07322431375867966},"point_estimate":0.07289800688941406,"standard_error":0.00016868743002408887}}