{"mean":{"confidence_interval":{"confidence_level":0.95,"lower_bound":9.76213332184451e-6,"upper_bound":0.001043084515280656},"point_estimate":0.00042535866116866217,"standard_error":0.0002675069629230394},"median":{"confidence_interval":{"confidence_level":0.95,"lower_bound":-0.00017725938383128526,"upper_bound":0.00029411824748759585},"point_estimate":0.000027189544907990637,"standard_error":0.00012002554688897462}}