{"mean":{"confidence_interval":{"confidence_level":0.95,"lower_bound":-0.7000750876055751,"upper_bound":-0.699810049354065},"point_estimate":-0.6999486912568083,"standard_error":0.00006854896061927429},"median":{"confidence_interval":{"confidence_level":0.95,"lower_bound":-0.700090960922586,"upper_bound":-0.6999765126014654},"point_estimate":-0.7000369794103999,"standard_error":0.000028605623166390673}}