{"mean":{"confidence_interval":{"confidence_level":0.95,"lower_bound":0.5429105901962006,"upper_bound":0.5431504525929212},"point_estimate":0.5430236514525314,"standard_error":0.00006148927621887043},"median":{"confidence_interval":{"confidence_level":0.95,"lower_bound":0.5427554558177923,"upper_bound":0.5429486992749054},"point_estimate":0.5428354998109242,"standard_error":0.00005144852179853835},"median_abs_dev":{"confidence_interval":{"confidence_level":0.95,"lower_bound":0.00027421353250329015,"upper_bound":0.0004858482354865304},"point_estimate":0.0003814481986716978,"standard_error":0.00005424827066854085},"slope":{"confidence_interval":{"confidence_level":0.95,"lower_bound":0.5429127886899066,"upper_bound":0.5432328697603329},"point_estimate":0.5430532185786043,"standard_error":0.00008248786238089354},"std_dev":{"confidence_interval":{"confidence_level":0.95,"lower_bound":0.0004391188182642841,"upper_bound":0.0007835526784794785},"point_estimate":0.0006195319190035296,"standard_error":0.00008851057464777648}}