{"mean":{"confidence_interval":{"confidence_level":0.95,"lower_bound":-0.36861509354622074,"upper_bound":-0.368038514885461},"point_estimate":-0.3683173156393287,"standard_error":0.0001450348196694716},"median":{"confidence_interval":{"confidence_level":0.95,"lower_bound":-0.36842895293940503,"upper_bound":-0.3680767573091229},"point_estimate":-0.36823517676395046,"standard_error":0.00008722160838095672}}