{"mean":{"confidence_interval":{"confidence_level":0.95,"lower_bound":-0.005334257888992419,"upper_bound":-0.0009594045207398567},"point_estimate":-0.0031255132545867648,"standard_error":0.0011172366024757407},"median":{"confidence_interval":{"confidence_level":0.95,"lower_bound":-0.004812150877259169,"upper_bound":0.001362395976045816},"point_estimate":-0.0021340742137984092,"standard_error":0.0017190665691136759}}