{"mean":{"confidence_interval":{"confidence_level":0.95,"lower_bound":-0.8085862990930617,"upper_bound":-0.8082038385707376},"point_estimate":-0.8083680319515588,"standard_error":0.00009850675742378631},"median":{"confidence_interval":{"confidence_level":0.95,"lower_bound":-0.8082674882767842,"upper_bound":-0.8081696600773425},"point_estimate":-0.8082251821975008,"standard_error":0.000027198850913479763}}