{"mean":{"confidence_interval":{"confidence_level":0.95,"lower_bound":-0.8781613396444969,"upper_bound":-0.8773461944736891},"point_estimate":-0.8778087833735702,"standard_error":0.00020725680631552716},"median":{"confidence_interval":{"confidence_level":0.95,"lower_bound":-0.8776851274491402,"upper_bound":-0.8775682630200006},"point_estimate":-0.8776263870436493,"standard_error":0.00002912654146874781}}