{"mean":{"confidence_interval":{"confidence_level":0.95,"lower_bound":0.14081703133028978,"upper_bound":0.14410686084022706},"point_estimate":0.14259455976900992,"standard_error":0.0008361512971707015},"median":{"confidence_interval":{"confidence_level":0.95,"lower_bound":0.14186809244680365,"upper_bound":0.14328419620012434},"point_estimate":0.14234736106806078,"standard_error":0.00034747418806568923}}