{"mean":{"confidence_interval":{"confidence_level":0.95,"lower_bound":-0.8983465211146704,"upper_bound":-0.8982419793196142},"point_estimate":-0.8982921414731316,"standard_error":0.000026610099523601126},"median":{"confidence_interval":{"confidence_level":0.95,"lower_bound":-0.8983462072156827,"upper_bound":-0.8982654010293594},"point_estimate":-0.8983080196639865,"standard_error":0.000020512367622681546}}