{"mean":{"confidence_interval":{"confidence_level":0.95,"lower_bound":-0.004492884640514322,"upper_bound":0.00007754989466628363},"point_estimate":-0.002070158102534969,"standard_error":0.001168943423246417},"median":{"confidence_interval":{"confidence_level":0.95,"lower_bound":-0.0013590241474876752,"upper_bound":0.0007929059474469646},"point_estimate":-0.000025608683938083132,"standard_error":0.0005664290251253323}}