{"mean":{"confidence_interval":{"confidence_level":0.95,"lower_bound":0.6980789222113446,"upper_bound":0.6983764273281127},"point_estimate":0.698212609521874,"standard_error":0.00007626077278011639},"median":{"confidence_interval":{"confidence_level":0.95,"lower_bound":0.6979676845656693,"upper_bound":0.6981482084693839},"point_estimate":0.6980679228195207,"standard_error":0.00004958905828505114},"median_abs_dev":{"confidence_interval":{"confidence_level":0.95,"lower_bound":0.0002915749815563399,"upper_bound":0.0005072800389862279},"point_estimate":0.00042360158730879894,"standard_error":0.000055310694921475565},"slope":{"confidence_interval":{"confidence_level":0.95,"lower_bound":0.6980367038955062,"upper_bound":0.6982557017933435},"point_estimate":0.6981423982835752,"standard_error":0.00005597810418161655},"std_dev":{"confidence_interval":{"confidence_level":0.95,"lower_bound":0.00042192473539194716,"upper_bound":0.0011139673289227584},"point_estimate":0.0007670946905527752,"standard_error":0.0001864588619100923}}