{"mean":{"confidence_interval":{"confidence_level":0.95,"lower_bound":-0.0014948210872684107,"upper_bound":0.002333720454506777},"point_estimate":0.0004881749401381974,"standard_error":0.0009747872067739804},"median":{"confidence_interval":{"confidence_level":0.95,"lower_bound":0.0005663316349222569,"upper_bound":0.0018209401936220004},"point_estimate":0.0012253567900188944,"standard_error":0.0003197757213268789}}