{"mean":{"confidence_interval":{"confidence_level":0.95,"lower_bound":-0.00037202347953456394,"upper_bound":0.0003385363209869425},"point_estimate":-0.00004808784690524259,"standard_error":0.0001788326438764628},"median":{"confidence_interval":{"confidence_level":0.95,"lower_bound":-0.00038580760124118374,"upper_bound":0.0001761479820516776},"point_estimate":-0.0001310373312688462,"standard_error":0.00014100941952191457}}