{"mean":{"confidence_interval":{"confidence_level":0.95,"lower_bound":0.6206489402957485,"upper_bound":0.6213665810145785},"point_estimate":0.6209634785070897,"standard_error":0.0001841688371809612},"median":{"confidence_interval":{"confidence_level":0.95,"lower_bound":0.620316556385774,"upper_bound":0.6205677434808426},"point_estimate":0.6204257622739611,"standard_error":0.00006698670241370184},"median_abs_dev":{"confidence_interval":{"confidence_level":0.95,"lower_bound":0.00032450688426617673,"upper_bound":0.0005921239501235167},"point_estimate":0.0004855410991962057,"standard_error":0.00007353812602975877},"slope":{"confidence_interval":{"confidence_level":0.95,"lower_bound":0.6204376538434391,"upper_bound":0.6207894418104053},"point_estimate":0.6205795805455279,"standard_error":0.00009163535359691836},"std_dev":{"confidence_interval":{"confidence_level":0.95,"lower_bound":0.0009144823227984427,"upper_bound":0.002777259207790648},"point_estimate":0.0018562921370965945,"standard_error":0.0005360263123756077}}