{"mean":{"confidence_interval":{"confidence_level":0.95,"lower_bound":-0.0025302062642437477,"upper_bound":0.001572378340350949},"point_estimate":-0.0005445111699494687,"standard_error":0.0010503732861427953},"median":{"confidence_interval":{"confidence_level":0.95,"lower_bound":-0.0018662321355616678,"upper_bound":0.0034009175490982454},"point_estimate":0.00033405507498351916,"standard_error":0.0013158362086020715}}