{"mean":{"confidence_interval":{"confidence_level":0.95,"lower_bound":1.166835412877614,"upper_bound":1.1674946440109593},"point_estimate":1.16714130021208,"standard_error":0.00016825162401127496},"median":{"confidence_interval":{"confidence_level":0.95,"lower_bound":1.1666004566229615,"upper_bound":1.1669463257687875},"point_estimate":1.1667418929022881,"standard_error":0.00009044995583922434},"median_abs_dev":{"confidence_interval":{"confidence_level":0.95,"lower_bound":0.0005601695178116544,"upper_bound":0.001206477394993828},"point_estimate":0.0008874315780251213,"standard_error":0.00016731685707909434},"slope":{"confidence_interval":{"confidence_level":0.95,"lower_bound":1.166697601348828,"upper_bound":1.1670924990830032},"point_estimate":1.1668881865175629,"standard_error":0.00010092809816644414},"std_dev":{"confidence_interval":{"confidence_level":0.95,"lower_bound":0.0011045493334323757,"upper_bound":0.002336981356435654},"point_estimate":0.0016938174503512116,"standard_error":0.0003425075880888083}}