{"mean":{"confidence_interval":{"confidence_level":0.95,"lower_bound":-0.7196212838824605,"upper_bound":-0.7187205820520203},"point_estimate":-0.7190560656184255,"standard_error":0.00025169252859448153},"median":{"confidence_interval":{"confidence_level":0.95,"lower_bound":-0.7188583555018657,"upper_bound":-0.7187464660797958},"point_estimate":-0.7187994328937852,"standard_error":0.000027186477575552906}}