{"mean":{"confidence_interval":{"confidence_level":0.95,"lower_bound":-0.9108727089352308,"upper_bound":-0.9102681920897406},"point_estimate":-0.9105318025984506,"standard_error":0.0001564076989211004},"median":{"confidence_interval":{"confidence_level":0.95,"lower_bound":-0.9102401819823591,"upper_bound":-0.9101938421660689},"point_estimate":-0.9102123246231268,"standard_error":0.00001175496141322317}}