{"mean":{"confidence_interval":{"confidence_level":0.95,"lower_bound":-0.9390703029079804,"upper_bound":-0.9388911546577268},"point_estimate":-0.938990809649778,"standard_error":0.00004545905748586481},"median":{"confidence_interval":{"confidence_level":0.95,"lower_bound":-0.9389887254452781,"upper_bound":-0.9389210486474768},"point_estimate":-0.9389601137243327,"standard_error":0.000017567649382941354}}