{"mean":{"confidence_interval":{"confidence_level":0.95,"lower_bound":-0.23018036694718721,"upper_bound":-0.22178827201675066},"point_estimate":-0.22593099196826028,"standard_error":0.0021382341710810856},"median":{"confidence_interval":{"confidence_level":0.95,"lower_bound":-0.22782235817572294,"upper_bound":-0.22223932126896362},"point_estimate":-0.22408123985402284,"standard_error":0.0015262848309629267}}