{"mean":{"confidence_interval":{"confidence_level":0.95,"lower_bound":-0.000787092206374365,"upper_bound":0.0008725676288428463},"point_estimate":-0.000016510704147321142,"standard_error":0.00042391904765160676},"median":{"confidence_interval":{"confidence_level":0.95,"lower_bound":-0.00045941321912945643,"upper_bound":0.0002823100845159576},"point_estimate":-0.00008472924552138661,"standard_error":0.00019244386860712762}}