{"mean":{"confidence_interval":{"confidence_level":0.95,"lower_bound":-0.0030439578678139426,"upper_bound":0.00019770843611682193},"point_estimate":-0.0011992638559427116,"standard_error":0.0008374636322141043},"median":{"confidence_interval":{"confidence_level":0.95,"lower_bound":-0.00020814216650256946,"upper_bound":0.0002179094790908387},"point_estimate":-0.000030356609010517843,"standard_error":0.00010740068393745139}}