{"mean":{"confidence_interval":{"confidence_level":0.95,"lower_bound":-0.8112714691592801,"upper_bound":-0.8110379339305768},"point_estimate":-0.8111518981618986,"standard_error":0.000059314849135305135},"median":{"confidence_interval":{"confidence_level":0.95,"lower_bound":-0.8112260078438851,"upper_bound":-0.8109960576306636},"point_estimate":-0.8111282068519626,"standard_error":0.000056400847960262617}}