{"mean":{"confidence_interval":{"confidence_level":0.95,"lower_bound":-0.003312940886485771,"upper_bound":-0.00007544964303913095},"point_estimate":-0.0014607197508513803,"standard_error":0.0008339972875624993},"median":{"confidence_interval":{"confidence_level":0.95,"lower_bound":-0.00046916885225478655,"upper_bound":0.00026121626604780346},"point_estimate":-0.000047282768472767245,"standard_error":0.00018695060617887027}}