{"mean":{"confidence_interval":{"confidence_level":0.95,"lower_bound":-0.11086959374938814,"upper_bound":-0.10882397610509803},"point_estimate":-0.10981457505809189,"standard_error":0.0005424591365220521},"median":{"confidence_interval":{"confidence_level":0.95,"lower_bound":-0.11080272967384208,"upper_bound":-0.10791334991948609},"point_estimate":-0.10938356253769577,"standard_error":0.0007365406178914902}}