{"mean":{"confidence_interval":{"confidence_level":0.95,"lower_bound":-0.00003429580369333762,"upper_bound":0.0010669969126419032},"point_estimate":0.00040039645929423884,"standard_error":0.000275870864157763},"median":{"confidence_interval":{"confidence_level":0.95,"lower_bound":-0.00018292927999863373,"upper_bound":0.00036296562417008024},"point_estimate":0.00007367631794941154,"standard_error":0.00013744568283938447}}