{"mean":{"confidence_interval":{"confidence_level":0.95,"lower_bound":-0.0009990793258684847,"upper_bound":0.0003614406353294627},"point_estimate":-0.0002781457130562881,"standard_error":0.000347257841402736},"median":{"confidence_interval":{"confidence_level":0.95,"lower_bound":-0.000605911228103162,"upper_bound":0.000023800399630458102},"point_estimate":-0.00037848122631944925,"standard_error":0.00016126825115695447}}