{"mean":{"confidence_interval":{"confidence_level":0.95,"lower_bound":0.38839075137867873,"upper_bound":0.388735228277311},"point_estimate":0.3885397558072113,"standard_error":0.00008892297971897351},"median":{"confidence_interval":{"confidence_level":0.95,"lower_bound":0.38824054173042155,"upper_bound":0.3883496410774832},"point_estimate":0.3882772643845782,"standard_error":0.00003087848323275342},"median_abs_dev":{"confidence_interval":{"confidence_level":0.95,"lower_bound":0.00016766234580436538,"upper_bound":0.00031974971595343063},"point_estimate":0.0002244346427092396,"standard_error":0.00003977915393278803},"slope":{"confidence_interval":{"confidence_level":0.95,"lower_bound":0.3883737676676075,"upper_bound":0.38859039181930344},"point_estimate":0.3884737425769781,"standard_error":0.000055256937208758294},"std_dev":{"confidence_interval":{"confidence_level":0.95,"lower_bound":0.0004240003772797788,"upper_bound":0.0013604565678123173},"point_estimate":0.0008935529690890365,"standard_error":0.00027555799990555967}}