{"mean":{"confidence_interval":{"confidence_level":0.95,"lower_bound":-0.910568927373536,"upper_bound":-0.9103685202702879},"point_estimate":-0.9104842508807915,"standard_error":0.00005299060074255982},"median":{"confidence_interval":{"confidence_level":0.95,"lower_bound":-0.9106097876253234,"upper_bound":-0.9105756619030696},"point_estimate":-0.9105902307355831,"standard_error":8.59373628995521e-6}}