{"mean":{"confidence_interval":{"confidence_level":0.95,"lower_bound":-0.391994647123887,"upper_bound":-0.3908112901912037},"point_estimate":-0.39139260764523665,"standard_error":0.00029941718103177357},"median":{"confidence_interval":{"confidence_level":0.95,"lower_bound":-0.39214014141750264,"upper_bound":-0.390580101995194},"point_estimate":-0.39132028694937393,"standard_error":0.0003407678201420751}}