{"mean":{"confidence_interval":{"confidence_level":0.95,"lower_bound":-0.8613618120535819,"upper_bound":-0.8608583839406443},"point_estimate":-0.8610891098713049,"standard_error":0.00012752931599915054},"median":{"confidence_interval":{"confidence_level":0.95,"lower_bound":-0.8610091463146614,"upper_bound":-0.8609661350545031},"point_estimate":-0.8609794284591448,"standard_error":0.000010984888368832072}}