{"mean":{"confidence_interval":{"confidence_level":0.95,"lower_bound":12.01865627819899,"upper_bound":12.070804164567125},"point_estimate":12.041894059034853,"standard_error":0.01338666426561023},"median":{"confidence_interval":{"confidence_level":0.95,"lower_bound":12.005392354112537,"upper_bound":12.009465314587159},"point_estimate":12.007302730091784,"standard_error":0.0010410549395659559},"median_abs_dev":{"confidence_interval":{"confidence_level":0.95,"lower_bound":0.005687315125937955,"upper_bound":0.01045031145996994},"point_estimate":0.008185682414232094,"standard_error":0.0011441796545399632},"slope":{"confidence_interval":{"confidence_level":0.95,"lower_bound":12.006935830354852,"upper_bound":12.028607999785955},"point_estimate":12.015317204260615,"standard_error":0.005769927164704364},"std_dev":{"confidence_interval":{"confidence_level":0.95,"lower_bound":0.05904250516191844,"upper_bound":0.18948060301690395},"point_estimate":0.1343868466153939,"standard_error":0.03283434718793426}}