{"mean":{"confidence_interval":{"confidence_level":0.95,"lower_bound":-0.0002889858228264125,"upper_bound":0.0006741981982279872},"point_estimate":0.0001443594778001156,"standard_error":0.000243700217691501},"median":{"confidence_interval":{"confidence_level":0.95,"lower_bound":-0.00024840601371112214,"upper_bound":0.00024920111265247513},"point_estimate":3.012906457433573e-6,"standard_error":0.00012468183288652615}}