{"mean":{"confidence_interval":{"confidence_level":0.95,"lower_bound":-0.0007824935762177242,"upper_bound":0.0003005009653381901},"point_estimate":-0.00019834536589879992,"standard_error":0.0002774744418162356},"median":{"confidence_interval":{"confidence_level":0.95,"lower_bound":-0.00013496059192463772,"upper_bound":0.000329970080207298},"point_estimate":0.00011502252902739762,"standard_error":0.00011611929481808338}}