{"mean":{"confidence_interval":{"confidence_level":0.95,"lower_bound":0.621521915077308,"upper_bound":0.6224857839754272},"point_estimate":0.6219556031669841,"standard_error":0.0002486017208111065},"median":{"confidence_interval":{"confidence_level":0.95,"lower_bound":0.621175181015488,"upper_bound":0.6214809410466605},"point_estimate":0.6213645860026877,"standard_error":0.00008868150854299409},"median_abs_dev":{"confidence_interval":{"confidence_level":0.95,"lower_bound":0.0004313792853325237,"upper_bound":0.0007952269795774766},"point_estimate":0.0005890668057077504,"standard_error":0.00009329016666099266},"slope":{"confidence_interval":{"confidence_level":0.95,"lower_bound":0.6213714134665562,"upper_bound":0.6216478731627005},"point_estimate":0.6215033111509458,"standard_error":0.00007084574269138763},"std_dev":{"confidence_interval":{"confidence_level":0.95,"lower_bound":0.0012838240510508628,"upper_bound":0.003465421276728353},"point_estimate":0.0024993430260403407,"standard_error":0.0005612180080480021}}