{"mean":{"confidence_interval":{"confidence_level":0.95,"lower_bound":-0.0027879577537089466,"upper_bound":0.0006831625318787056},"point_estimate":-0.0008455656362827968,"standard_error":0.0008897867847610209},"median":{"confidence_interval":{"confidence_level":0.95,"lower_bound":-0.0001926990950624763,"upper_bound":0.00022198982420040814},"point_estimate":0.00004118685883880424,"standard_error":0.00010363923006245379}}