{"mean":{"confidence_interval":{"confidence_level":0.95,"lower_bound":-0.0020402862173183206,"upper_bound":0.001491863897080122},"point_estimate":-0.00019088033069769583,"standard_error":0.0008900049341362962},"median":{"confidence_interval":{"confidence_level":0.95,"lower_bound":-0.0013732776033484884,"upper_bound":0.0011864352079442586},"point_estimate":0.0002299946645796247,"standard_error":0.0006556329236055148}}