{"mean":{"confidence_interval":{"confidence_level":0.95,"lower_bound":-0.9588259991843565,"upper_bound":-0.9587919508289611},"point_estimate":-0.9588100481603894,"standard_error":8.596325087822019e-6},"median":{"confidence_interval":{"confidence_level":0.95,"lower_bound":-0.9588215341160155,"upper_bound":-0.9588015638724882},"point_estimate":-0.9588144297790063,"standard_error":5.120768438288377e-6}}