{"mean":{"confidence_interval":{"confidence_level":0.95,"lower_bound":-0.008656813478676023,"upper_bound":-0.0028694420939121786},"point_estimate":-0.005583427062834878,"standard_error":0.0014802281001793402},"median":{"confidence_interval":{"confidence_level":0.95,"lower_bound":-0.0004893438507954899,"upper_bound":0.000044711021331078626},"point_estimate":-0.0002355141439420727,"standard_error":0.0001366564616910015}}