{"mean":{"confidence_interval":{"confidence_level":0.95,"lower_bound":-0.003083857792542932,"upper_bound":0.0000715753042090427},"point_estimate":-0.0012742067327226048,"standard_error":0.0008157137512827473},"median":{"confidence_interval":{"confidence_level":0.95,"lower_bound":-0.0002536899698842854,"upper_bound":0.0002465089749921212},"point_estimate":-0.0000166275091901813,"standard_error":0.00012565570685942686}}