{"mean":{"confidence_interval":{"confidence_level":0.95,"lower_bound":0.2305295478825459,"upper_bound":0.23142888640886528},"point_estimate":0.2309489700606766,"standard_error":0.00022819001163914169},"median":{"confidence_interval":{"confidence_level":0.95,"lower_bound":0.23057238405581007,"upper_bound":0.23116576314890414},"point_estimate":0.23082357798329056,"standard_error":0.0001456659359815192}}