{"mean":{"confidence_interval":{"confidence_level":0.95,"lower_bound":-0.00326168599501681,"upper_bound":-0.00003667482761319824},"point_estimate":-0.0014217045820449359,"standard_error":0.000833607889340777},"median":{"confidence_interval":{"confidence_level":0.95,"lower_bound":-0.0003312902966039477,"upper_bound":0.0002832049151988425},"point_estimate":2.5764894489022083e-6,"standard_error":0.00016224176552899296}}