{"mean":{"confidence_interval":{"confidence_level":0.95,"lower_bound":-0.9531395100321243,"upper_bound":-0.9531094061240795},"point_estimate":-0.9531249881847339,"standard_error":7.633392761745681e-6},"median":{"confidence_interval":{"confidence_level":0.95,"lower_bound":-0.9531353215733633,"upper_bound":-0.9531111486542804},"point_estimate":-0.9531216867262149,"standard_error":6.209888665505148e-6}}