{"mean":{"confidence_interval":{"confidence_level":0.95,"lower_bound":-0.8453459401728235,"upper_bound":-0.8448393041952718},"point_estimate":-0.8450821204631458,"standard_error":0.0001310833221048625},"median":{"confidence_interval":{"confidence_level":0.95,"lower_bound":-0.8454521993659585,"upper_bound":-0.8448960226292909},"point_estimate":-0.8452208854820642,"standard_error":0.0001519705549419495}}