{"mean":{"confidence_interval":{"confidence_level":0.95,"lower_bound":-0.3747181562159547,"upper_bound":-0.37366838347666315},"point_estimate":-0.3741891908810323,"standard_error":0.00026615178404100845},"median":{"confidence_interval":{"confidence_level":0.95,"lower_bound":-0.3742905879727725,"upper_bound":-0.3740360589790529},"point_estimate":-0.3741523560369022,"standard_error":0.000064532314992129}}