{"mean":{"confidence_interval":{"confidence_level":0.95,"lower_bound":-0.8576071258651311,"upper_bound":-0.8573363618623856},"point_estimate":-0.857500817446978,"standard_error":0.00007078266563988144},"median":{"confidence_interval":{"confidence_level":0.95,"lower_bound":-0.8576144754260637,"upper_bound":-0.8575264173864391},"point_estimate":-0.8575819937412066,"standard_error":0.000021493139450687782}}