{"mean":{"confidence_interval":{"confidence_level":0.95,"lower_bound":-0.942900839852758,"upper_bound":-0.9428533331545834},"point_estimate":-0.9428776510468051,"standard_error":0.000012177600675045997},"median":{"confidence_interval":{"confidence_level":0.95,"lower_bound":-0.9428922016468321,"upper_bound":-0.9428642427980467},"point_estimate":-0.9428790452741681,"standard_error":7.751188293779676e-6}}