{"mean":{"confidence_interval":{"confidence_level":0.95,"lower_bound":-0.8639259990328336,"upper_bound":-0.8637692458114526},"point_estimate":-0.8638540279667706,"standard_error":0.00004083988546361518},"median":{"confidence_interval":{"confidence_level":0.95,"lower_bound":-0.8638823320433398,"upper_bound":-0.8638299193428107},"point_estimate":-0.8638500967420579,"standard_error":0.000013745231952249491}}