{"mean":{"confidence_interval":{"confidence_level":0.95,"lower_bound":-0.005587379307396675,"upper_bound":-0.0020490531185560616},"point_estimate":-0.003629775230266974,"standard_error":0.000911002020215753},"median":{"confidence_interval":{"confidence_level":0.95,"lower_bound":-0.0020870053203441152,"upper_bound":-0.000895288706045827},"point_estimate":-0.0016046930909483503,"standard_error":0.00030918276385071805}}