{"mean":{"confidence_interval":{"confidence_level":0.95,"lower_bound":-0.0056350262613567926,"upper_bound":-0.00026616635762691547},"point_estimate":-0.0026281745986421745,"standard_error":0.0013863770577424068},"median":{"confidence_interval":{"confidence_level":0.95,"lower_bound":-0.0005388020349906819,"upper_bound":0.0005329873215526913},"point_estimate":0.000022523670601293233,"standard_error":0.0002698049455675574}}