{"mean":{"confidence_interval":{"confidence_level":0.95,"lower_bound":-0.0015553398323475682,"upper_bound":0.002522316962737612},"point_estimate":0.000652512454362153,"standard_error":0.0010405497614796656},"median":{"confidence_interval":{"confidence_level":0.95,"lower_bound":0.0009911211888367077,"upper_bound":0.0034475254040791103},"point_estimate":0.0019020524036723607,"standard_error":0.0006117114712788864}}