{"mean":{"confidence_interval":{"confidence_level":0.95,"lower_bound":-0.0028683334798831977,"upper_bound":0.0003672057345624811},"point_estimate":-0.001047764319872302,"standard_error":0.0008370075046785039},"median":{"confidence_interval":{"confidence_level":0.95,"lower_bound":-0.0003151484354236678,"upper_bound":0.00016437610160213723},"point_estimate":-0.00013248100402396545,"standard_error":0.00012659084366710915}}