{"mean":{"confidence_interval":{"confidence_level":0.95,"lower_bound":-0.9044304659911893,"upper_bound":-0.9043630522763615},"point_estimate":-0.90439633466348,"standard_error":0.000017238287211492138},"median":{"confidence_interval":{"confidence_level":0.95,"lower_bound":-0.9044069502217038,"upper_bound":-0.9043701843556913},"point_estimate":-0.9043887824640953,"standard_error":8.726521982031628e-6}}