{"mean":{"confidence_interval":{"confidence_level":0.95,"lower_bound":0.24893210149747347,"upper_bound":0.25033947182458455},"point_estimate":0.24963957272218829,"standard_error":0.00035467193706477054},"median":{"confidence_interval":{"confidence_level":0.95,"lower_bound":0.24928362945574722,"upper_bound":0.2500001544685546},"point_estimate":0.24962091402760622,"standard_error":0.00018497406410469401}}