{"mean":{"confidence_interval":{"confidence_level":0.95,"lower_bound":0.47896761366133855,"upper_bound":0.4794885628680691},"point_estimate":0.4791912008577162,"standard_error":0.00013553391617210998},"median":{"confidence_interval":{"confidence_level":0.95,"lower_bound":0.4788034048744998,"upper_bound":0.47893426405497463},"point_estimate":0.4788602188372022,"standard_error":0.000035454166407783864},"median_abs_dev":{"confidence_interval":{"confidence_level":0.95,"lower_bound":0.00021194852087252523,"upper_bound":0.00036646314085858416},"point_estimate":0.00029133631673524025,"standard_error":0.0000378930147091853},"slope":{"confidence_interval":{"confidence_level":0.95,"lower_bound":0.4789600559024287,"upper_bound":0.4794026965478241},"point_estimate":0.47916579313130747,"standard_error":0.00011409283189234756},"std_dev":{"confidence_interval":{"confidence_level":0.95,"lower_bound":0.0006040447899722098,"upper_bound":0.002103136729525268},"point_estimate":0.0013618184071064743,"standard_error":0.0004547873348990854}}