{"mean":{"confidence_interval":{"confidence_level":0.95,"lower_bound":0.5042881693420468,"upper_bound":0.5044970350488438},"point_estimate":0.5043876533804618,"standard_error":0.00005332195964530816},"median":{"confidence_interval":{"confidence_level":0.95,"lower_bound":0.5041471848863447,"upper_bound":0.504298547919653},"point_estimate":0.5042128274584119,"standard_error":0.000034431614666932034},"median_abs_dev":{"confidence_interval":{"confidence_level":0.95,"lower_bound":0.00023618511384843838,"upper_bound":0.00043674961365727387},"point_estimate":0.0003147950797064635,"standard_error":0.000051291515403952685},"slope":{"confidence_interval":{"confidence_level":0.95,"lower_bound":0.5042202775707139,"upper_bound":0.5044047529635574},"point_estimate":0.5043075918229618,"standard_error":0.00004714163401675792},"std_dev":{"confidence_interval":{"confidence_level":0.95,"lower_bound":0.0003989447437617062,"upper_bound":0.0006667825459401989},"point_estimate":0.0005345009463177889,"standard_error":0.00006870721448846822}}