{"mean":{"confidence_interval":{"confidence_level":0.95,"lower_bound":-0.9260109444841381,"upper_bound":-0.9259520699278408},"point_estimate":-0.9259835200762462,"standard_error":0.000014592336312355183},"median":{"confidence_interval":{"confidence_level":0.95,"lower_bound":-0.9260289276529329,"upper_bound":-0.9259951890754249},"point_estimate":-0.9260181653246975,"standard_error":8.68376045114234e-6}}