{"mean":{"confidence_interval":{"confidence_level":0.95,"lower_bound":3.140099495131519,"upper_bound":3.158696336739749},"point_estimate":3.148461617243527,"standard_error":0.0047618874159397},"median":{"confidence_interval":{"confidence_level":0.95,"lower_bound":3.136811910840819,"upper_bound":3.1419810984364647},"point_estimate":3.1403110209790337,"standard_error":0.0012110839830054957},"median_abs_dev":{"confidence_interval":{"confidence_level":0.95,"lower_bound":0.007816817666122874,"upper_bound":0.012957638591925877},"point_estimate":0.010341905020054592,"standard_error":0.0012546345474193769},"slope":{"confidence_interval":{"confidence_level":0.95,"lower_bound":3.1391828725711406,"upper_bound":3.1429434624810026},"point_estimate":3.141051168079003,"standard_error":0.0009593672953215469},"std_dev":{"confidence_interval":{"confidence_level":0.95,"lower_bound":0.02223973079635664,"upper_bound":0.06638802899614396},"point_estimate":0.047804919037686806,"standard_error":0.010917195658016491}}