{"mean":{"confidence_interval":{"confidence_level":0.95,"lower_bound":-0.0056893293347972315,"upper_bound":-0.0003422548550460014},"point_estimate":-0.0026179484068389325,"standard_error":0.0013835142535279705},"median":{"confidence_interval":{"confidence_level":0.95,"lower_bound":-0.00024444754340346986,"upper_bound":0.00021453746135903227},"point_estimate":-0.00004714928589988343,"standard_error":0.00011717787385352328}}