{"mean":{"confidence_interval":{"confidence_level":0.95,"lower_bound":-0.8933529398337133,"upper_bound":-0.8932766179432428},"point_estimate":-0.8933151643262324,"standard_error":0.000019464050520987373},"median":{"confidence_interval":{"confidence_level":0.95,"lower_bound":-0.8933571301967881,"upper_bound":-0.893309486564967},"point_estimate":-0.8933330034297391,"standard_error":0.000012749582471556064}}