{"mean":{"confidence_interval":{"confidence_level":0.95,"lower_bound":-0.9474646909547173,"upper_bound":-0.9472422440373648},"point_estimate":-0.9473445641931195,"standard_error":0.00005700681061736261},"median":{"confidence_interval":{"confidence_level":0.95,"lower_bound":-0.9471776361726403,"upper_bound":-0.9471544083859946},"point_estimate":-0.9471671889888162,"standard_error":6.263212101175383e-6}}