{"mean":{"confidence_interval":{"confidence_level":0.95,"lower_bound":-0.0016025080483148236,"upper_bound":0.0017291297030012584},"point_estimate":-0.00012127069615053276,"standard_error":0.0008515269076986777},"median":{"confidence_interval":{"confidence_level":0.95,"lower_bound":-0.00230466803102769,"upper_bound":0.0008316249173452306},"point_estimate":-0.0010814739927593742,"standard_error":0.0008122774028757601}}