{"mean":{"confidence_interval":{"confidence_level":0.95,"lower_bound":-0.0004462306554748107,"upper_bound":0.0002490630231778034},"point_estimate":-0.00009717606680359481,"standard_error":0.00017655714896431916},"median":{"confidence_interval":{"confidence_level":0.95,"lower_bound":-0.00027857284280563555,"upper_bound":0.00027778477997864037},"point_estimate":-0.000029880495942324892,"standard_error":0.00014650343778185247}}