{"mean":{"confidence_interval":{"confidence_level":0.95,"lower_bound":-0.007376749118399864,"upper_bound":-0.00371907339259765},"point_estimate":-0.005607841807593217,"standard_error":0.0009323527366135058},"median":{"confidence_interval":{"confidence_level":0.95,"lower_bound":-0.006877205287868504,"upper_bound":-0.002615677960659313},"point_estimate":-0.004431661963866573,"standard_error":0.0010696437194490686}}