{"mean":{"confidence_interval":{"confidence_level":0.95,"lower_bound":-0.004693453929085883,"upper_bound":-0.0012707711898535259},"point_estimate":-0.00284513614110693,"standard_error":0.0008745836721341887},"median":{"confidence_interval":{"confidence_level":0.95,"lower_bound":-0.0027608280020349103,"upper_bound":-0.0007939566655680363},"point_estimate":-0.0014908407266787105,"standard_error":0.0005014253230169385}}