{"mean":{"confidence_interval":{"confidence_level":0.95,"lower_bound":-0.7501431488430956,"upper_bound":-0.7499390721359815},"point_estimate":-0.7500339536957977,"standard_error":0.00005222186113984066},"median":{"confidence_interval":{"confidence_level":0.95,"lower_bound":-0.7500935503976989,"upper_bound":-0.7499916143316759},"point_estimate":-0.7500403765970052,"standard_error":0.00002447834338714073}}