{"mean":{"confidence_interval":{"confidence_level":0.95,"lower_bound":-0.0004228797966509157,"upper_bound":0.003412632757094108},"point_estimate":0.0009656079652466953,"standard_error":0.0011531900178855213},"median":{"confidence_interval":{"confidence_level":0.95,"lower_bound":-0.00019306526673049657,"upper_bound":0.00020117205679714978},"point_estimate":-0.00003998059393006681,"standard_error":0.00010592004541595152}}