{"mean":{"confidence_interval":{"confidence_level":0.95,"lower_bound":-0.0036893970883175357,"upper_bound":-0.0010926072154258865},"point_estimate":-0.0022073182667754487,"standard_error":0.0006689473010303891},"median":{"confidence_interval":{"confidence_level":0.95,"lower_bound":-0.0022063405375175593,"upper_bound":-0.00004739228757488778},"point_estimate":-0.0005265531678876334,"standard_error":0.000517246363285788}}