{"mean":{"confidence_interval":{"confidence_level":0.95,"lower_bound":-0.4641770063405856,"upper_bound":-0.46278213669207185},"point_estimate":-0.4634613673172324,"standard_error":0.00035433534731351167},"median":{"confidence_interval":{"confidence_level":0.95,"lower_bound":-0.46452089346073,"upper_bound":-0.4626707300726002},"point_estimate":-0.4636879294827997,"standard_error":0.0005258181317331906}}