{"mean":{"confidence_interval":{"confidence_level":0.95,"lower_bound":0.6327787445272712,"upper_bound":0.6342303114157573},"point_estimate":0.6335096620545079,"standard_error":0.0003698415323653518},"median":{"confidence_interval":{"confidence_level":0.95,"lower_bound":0.6336448656444692,"upper_bound":0.634258600127986},"point_estimate":0.6340027635328167,"standard_error":0.00015743913912783932},"median_abs_dev":{"confidence_interval":{"confidence_level":0.95,"lower_bound":0.0010803385647297687,"upper_bound":0.0019926964503541073},"point_estimate":0.001395801606121657,"standard_error":0.00022062671432967345},"slope":{"confidence_interval":{"confidence_level":0.95,"lower_bound":0.6340176560656056,"upper_bound":0.6344837355906989},"point_estimate":0.6342488770009361,"standard_error":0.00011897185294427766},"std_dev":{"confidence_interval":{"confidence_level":0.95,"lower_bound":0.0025939703774367972,"upper_bound":0.0047292913493748165},"point_estimate":0.003716055003266983,"standard_error":0.0005443775232223012}}