{"mean":{"confidence_interval":{"confidence_level":0.95,"lower_bound":0.38788303220868897,"upper_bound":0.388782783382162},"point_estimate":0.38824600773495604,"standard_error":0.00023643001645486052},"median":{"confidence_interval":{"confidence_level":0.95,"lower_bound":0.38767434535566236,"upper_bound":0.3878195100407516},"point_estimate":0.38773867616322655,"standard_error":0.00003334374509761961},"median_abs_dev":{"confidence_interval":{"confidence_level":0.95,"lower_bound":0.00019174897285040995,"upper_bound":0.00037645512664278804},"point_estimate":0.0003059304999312611,"standard_error":0.00005031839687071228},"slope":{"confidence_interval":{"confidence_level":0.95,"lower_bound":0.38790964361361013,"upper_bound":0.38875244017099986},"point_estimate":0.38824717225846267,"standard_error":0.00021897331174448777},"std_dev":{"confidence_interval":{"confidence_level":0.95,"lower_bound":0.0005119502962736259,"upper_bound":0.003839990372162505},"point_estimate":0.002368452483601325,"standard_error":0.0009603790930581913}}