{"mean":{"confidence_interval":{"confidence_level":0.95,"lower_bound":0.7368814420178711,"upper_bound":0.7371909002828675},"point_estimate":0.7370288188342932,"standard_error":0.00007902503742489132},"median":{"confidence_interval":{"confidence_level":0.95,"lower_bound":0.7366749113305829,"upper_bound":0.7369470567887316},"point_estimate":0.7368424363355348,"standard_error":0.00006491278291117842},"median_abs_dev":{"confidence_interval":{"confidence_level":0.95,"lower_bound":0.00041996405625401636,"upper_bound":0.0007773571109816004},"point_estimate":0.000635001714963815,"standard_error":0.00009351424001681159},"slope":{"confidence_interval":{"confidence_level":0.95,"lower_bound":0.7368752631016358,"upper_bound":0.7373079837136265},"point_estimate":0.737066570344899,"standard_error":0.00011119668061252044},"std_dev":{"confidence_interval":{"confidence_level":0.95,"lower_bound":0.0005786313018158674,"upper_bound":0.0010015527447768144},"point_estimate":0.0007944946893598549,"standard_error":0.00010878958328593278}}