{"mean":{"confidence_interval":{"confidence_level":0.95,"lower_bound":-0.9203278547736108,"upper_bound":-0.9202564602609963},"point_estimate":-0.9202919976061129,"standard_error":0.000018280358698303842},"median":{"confidence_interval":{"confidence_level":0.95,"lower_bound":-0.9203171499063719,"upper_bound":-0.9202676845938336},"point_estimate":-0.9202921502189042,"standard_error":0.00001190939421629573}}