{"mean":{"confidence_interval":{"confidence_level":0.95,"lower_bound":-0.0074829300778427085,"upper_bound":-0.004846077971558205},"point_estimate":-0.005963251467746233,"standard_error":0.0006792079328375664},"median":{"confidence_interval":{"confidence_level":0.95,"lower_bound":-0.005709987730223354,"upper_bound":-0.004864719046045654},"point_estimate":-0.005332831904730995,"standard_error":0.00022182018536212508}}