{"mean":{"confidence_interval":{"confidence_level":0.95,"lower_bound":-0.8283174823562753,"upper_bound":-0.8277565211818756},"point_estimate":-0.8280383145287866,"standard_error":0.0001414022393330941},"median":{"confidence_interval":{"confidence_level":0.95,"lower_bound":-0.8284793881582776,"upper_bound":-0.8278041496970401},"point_estimate":-0.8282201613692844,"standard_error":0.00018830034739657716}}