{"mean":{"confidence_interval":{"confidence_level":0.95,"lower_bound":6.036289715028228,"upper_bound":6.038993085641672},"point_estimate":6.037548340730677,"standard_error":0.000692842710604019},"median":{"confidence_interval":{"confidence_level":0.95,"lower_bound":6.034488014914418,"upper_bound":6.036371767606235},"point_estimate":6.035406088120063,"standard_error":0.00043547986310330607},"median_abs_dev":{"confidence_interval":{"confidence_level":0.95,"lower_bound":0.0023071956133140486,"upper_bound":0.00447204840739128},"point_estimate":0.003392179804188464,"standard_error":0.0006031322003936219},"slope":{"confidence_interval":{"confidence_level":0.95,"lower_bound":6.035904558424139,"upper_bound":6.03794497895363},"point_estimate":6.036879283309271,"standard_error":0.0005204491319232002},"std_dev":{"confidence_interval":{"confidence_level":0.95,"lower_bound":0.004625806895879094,"upper_bound":0.009020512394783575},"point_estimate":0.006938425289180327,"standard_error":0.001130448911149982}}