{"mean":{"confidence_interval":{"confidence_level":0.95,"lower_bound":0.7369128879270028,"upper_bound":0.7373792281499},"point_estimate":0.7371203188415457,"standard_error":0.00011967355922150289},"median":{"confidence_interval":{"confidence_level":0.95,"lower_bound":0.736696296683129,"upper_bound":0.7369210884357731},"point_estimate":0.7368460785036133,"standard_error":0.00006886213901145613},"median_abs_dev":{"confidence_interval":{"confidence_level":0.95,"lower_bound":0.00038702062181962456,"upper_bound":0.0006945938953300495},"point_estimate":0.0005561404634245036,"standard_error":0.00007836533356024832},"slope":{"confidence_interval":{"confidence_level":0.95,"lower_bound":0.7368404512608414,"upper_bound":0.7372230682141013},"point_estimate":0.7370117668814036,"standard_error":0.0000978289233342397},"std_dev":{"confidence_interval":{"confidence_level":0.95,"lower_bound":0.0006399078515332924,"upper_bound":0.0017739760260696517},"point_estimate":0.0012004009207402845,"standard_error":0.00032624003534772723}}