{"mean":{"confidence_interval":{"confidence_level":0.95,"lower_bound":-0.9717875504410631,"upper_bound":-0.9716319857550648},"point_estimate":-0.9717000001522199,"standard_error":0.0000397407916223025},"median":{"confidence_interval":{"confidence_level":0.95,"lower_bound":-0.971639054924592,"upper_bound":-0.9716255829637646},"point_estimate":-0.9716317042042836,"standard_error":3.5011189175517028e-6}}