{"mean":{"confidence_interval":{"confidence_level":0.95,"lower_bound":-0.38089233072671586,"upper_bound":-0.38012896323855055},"point_estimate":-0.38051781608915547,"standard_error":0.00020312527683690745},"median":{"confidence_interval":{"confidence_level":0.95,"lower_bound":-0.3809671044330426,"upper_bound":-0.3806286332333755},"point_estimate":-0.38077339317375414,"standard_error":0.00008464893016008882}}