{"mean":{"confidence_interval":{"confidence_level":0.95,"lower_bound":-0.8946383915520759,"upper_bound":-0.8942247165803017},"point_estimate":-0.8944115059178405,"standard_error":0.00010598632118236706},"median":{"confidence_interval":{"confidence_level":0.95,"lower_bound":-0.8942590289696898,"upper_bound":-0.8941730806562078},"point_estimate":-0.8942199030932891,"standard_error":0.000022696647708720677}}