{"mean":{"confidence_interval":{"confidence_level":0.95,"lower_bound":-0.004774493387375749,"upper_bound":-0.0005728745851677712},"point_estimate":-0.002492081101595933,"standard_error":0.0010741058383624549},"median":{"confidence_interval":{"confidence_level":0.95,"lower_bound":-0.0002664224386698111,"upper_bound":0.00020236960212782762},"point_estimate":-0.00003600950011728443,"standard_error":0.00011860293386849335}}