{"mean":{"confidence_interval":{"confidence_level":0.95,"lower_bound":-0.5236967419535946,"upper_bound":-0.5230132073749153},"point_estimate":-0.5233212916992589,"standard_error":0.0001748577016882697},"median":{"confidence_interval":{"confidence_level":0.95,"lower_bound":-0.5232966116645444,"upper_bound":-0.5230282939126301},"point_estimate":-0.5231785396300503,"standard_error":0.0000672729612495894}}