{"mean":{"confidence_interval":{"confidence_level":0.95,"lower_bound":-0.0005117511833515221,"upper_bound":0.0006817607387630929},"point_estimate":0.000055996503759425664,"standard_error":0.00030087844323201796},"median":{"confidence_interval":{"confidence_level":0.95,"lower_bound":-0.000293986694851478,"upper_bound":0.00030975846396512504},"point_estimate":-0.000057573509983144255,"standard_error":0.00015245447218719134}}