{"mean":{"confidence_interval":{"confidence_level":0.95,"lower_bound":-0.001209026980899516,"upper_bound":0.0009400120854089354},"point_estimate":-0.00015019145271000234,"standard_error":0.0005397009522084174},"median":{"confidence_interval":{"confidence_level":0.95,"lower_bound":-0.00033745383251104766,"upper_bound":0.00023334133146013514},"point_estimate":-0.00006383302351442577,"standard_error":0.00014859059895435325}}