{"mean":{"confidence_interval":{"confidence_level":0.95,"lower_bound":-0.0029564909036764783,"upper_bound":0.00019085628114029463},"point_estimate":-0.001157497271191632,"standard_error":0.0008155661685940626},"median":{"confidence_interval":{"confidence_level":0.95,"lower_bound":-0.0001194548427821962,"upper_bound":0.00032434997901709117},"point_estimate":0.0000789105492537967,"standard_error":0.00011074398840713952}}