{"mean":{"confidence_interval":{"confidence_level":0.95,"lower_bound":-0.8641259058247901,"upper_bound":-0.863645245738176},"point_estimate":-0.8638656198503867,"standard_error":0.00012323045742766532},"median":{"confidence_interval":{"confidence_level":0.95,"lower_bound":-0.8638688909718694,"upper_bound":-0.8635343110813172},"point_estimate":-0.863766148620972,"standard_error":0.00010378522949329214}}