{"mean":{"confidence_interval":{"confidence_level":0.95,"lower_bound":-0.863910448771905,"upper_bound":-0.8636100969861173},"point_estimate":-0.8637668792720649,"standard_error":0.0000765484375338616},"median":{"confidence_interval":{"confidence_level":0.95,"lower_bound":-0.8638694966455794,"upper_bound":-0.8637977427822509},"point_estimate":-0.8638368839450485,"standard_error":0.000018009596621849282}}