{"mean":{"confidence_interval":{"confidence_level":0.95,"lower_bound":-0.952207713058871,"upper_bound":-0.9521563562670676},"point_estimate":-0.9521822913909196,"standard_error":0.000013210347296492999},"median":{"confidence_interval":{"confidence_level":0.95,"lower_bound":-0.9521955080845536,"upper_bound":-0.9521753454701538},"point_estimate":-0.9521856377887143,"standard_error":4.945432805976197e-6}}