{"mean":{"confidence_interval":{"confidence_level":0.95,"lower_bound":-0.0005924289726631724,"upper_bound":0.004256540492022972},"point_estimate":0.0011523161713131724,"standard_error":0.0014047764085227152},"median":{"confidence_interval":{"confidence_level":0.95,"lower_bound":-0.0001484069267017052,"upper_bound":0.000386421568554951},"point_estimate":0.00016330134433872878,"standard_error":0.00013680652698201627}}