{"mean":{"confidence_interval":{"confidence_level":0.95,"lower_bound":3.838408865446605,"upper_bound":3.8406013662150715},"point_estimate":3.8394460931541246,"standard_error":0.0005624683116922881},"median":{"confidence_interval":{"confidence_level":0.95,"lower_bound":3.8368443296730566,"upper_bound":3.838741081952975},"point_estimate":3.837521740371762,"standard_error":0.0004469360068649232},"median_abs_dev":{"confidence_interval":{"confidence_level":0.95,"lower_bound":0.0019749163935056896,"upper_bound":0.0037538957745607802},"point_estimate":0.002813197961719198,"standard_error":0.00042469126896387547},"slope":{"confidence_interval":{"confidence_level":0.95,"lower_bound":3.8380580451757593,"upper_bound":3.8402810514268557},"point_estimate":3.8390797041997007,"standard_error":0.0005703961462810144},"std_dev":{"confidence_interval":{"confidence_level":0.95,"lower_bound":0.003977153943817339,"upper_bound":0.007067912045097403},"point_estimate":0.0056302528056754505,"standard_error":0.0007899832038418922}}