{"mean":{"confidence_interval":{"confidence_level":0.95,"lower_bound":3.304469041915381,"upper_bound":3.306359643601716},"point_estimate":3.305340417546552,"standard_error":0.00048339096744334775},"median":{"confidence_interval":{"confidence_level":0.95,"lower_bound":3.3033184150179866,"upper_bound":3.304436479649727},"point_estimate":3.30380910725946,"standard_error":0.000286102575863696},"median_abs_dev":{"confidence_interval":{"confidence_level":0.95,"lower_bound":0.0015229379979381774,"upper_bound":0.002914197845205181},"point_estimate":0.002206129513713174,"standard_error":0.0003577514051388959},"slope":{"confidence_interval":{"confidence_level":0.95,"lower_bound":3.3039206605155593,"upper_bound":3.3058127193984443},"point_estimate":3.3047358856474487,"standard_error":0.0004900614149993799},"std_dev":{"confidence_interval":{"confidence_level":0.95,"lower_bound":0.0030320682453975466,"upper_bound":0.006624348917206955},"point_estimate":0.004839523763287574,"standard_error":0.0009453891674536904}}