{"mean":{"confidence_interval":{"confidence_level":0.95,"lower_bound":4.343551146038181,"upper_bound":4.345833032486659},"point_estimate":4.344608576387262,"standard_error":0.000582676982907043},"median":{"confidence_interval":{"confidence_level":0.95,"lower_bound":4.342046667740521,"upper_bound":4.343868350371417},"point_estimate":4.342638273308035,"standard_error":0.0004932530438195717},"median_abs_dev":{"confidence_interval":{"confidence_level":0.95,"lower_bound":0.002049112329940769,"upper_bound":0.0035392839353953474},"point_estimate":0.0029615826472161482,"standard_error":0.00038369388805754883},"slope":{"confidence_interval":{"confidence_level":0.95,"lower_bound":4.343356514998022,"upper_bound":4.346035211322918},"point_estimate":4.344562759510335,"standard_error":0.0006903316475741752},"std_dev":{"confidence_interval":{"confidence_level":0.95,"lower_bound":0.003873667016436727,"upper_bound":0.007701691328438791},"point_estimate":0.005861890224231535,"standard_error":0.0009869742202146202}}