{"mean":{"confidence_interval":{"confidence_level":0.95,"lower_bound":0.5041052616124808,"upper_bound":0.5043314596204427},"point_estimate":0.5042130470737073,"standard_error":0.000057931874459446983},"median":{"confidence_interval":{"confidence_level":0.95,"lower_bound":0.5039428025836814,"upper_bound":0.504153559315243},"point_estimate":0.5039910133997147,"standard_error":0.000055606756218971994},"median_abs_dev":{"confidence_interval":{"confidence_level":0.95,"lower_bound":0.00022050103595525771,"upper_bound":0.0004489799214746709},"point_estimate":0.0003113172852200802,"standard_error":0.00005772508134356442},"slope":{"confidence_interval":{"confidence_level":0.95,"lower_bound":0.504147246577118,"upper_bound":0.5043652642424005},"point_estimate":0.5042516191297484,"standard_error":0.00005585249326177577},"std_dev":{"confidence_interval":{"confidence_level":0.95,"lower_bound":0.0004252334934333928,"upper_bound":0.0007154145033518105},"point_estimate":0.0005809710929809821,"standard_error":0.00007436025966954857}}