{"mean":{"confidence_interval":{"confidence_level":0.95,"lower_bound":7.164579983548665,"upper_bound":7.172590408248255},"point_estimate":7.168307894501908,"standard_error":0.0020569894973892174},"median":{"confidence_interval":{"confidence_level":0.95,"lower_bound":7.161947404941566,"upper_bound":7.167265766202221},"point_estimate":7.164689290191568,"standard_error":0.0012671199033949046},"median_abs_dev":{"confidence_interval":{"confidence_level":0.95,"lower_bound":0.0076174626888612425,"upper_bound":0.014938897620527376},"point_estimate":0.011866374534042864,"standard_error":0.0019217853995751107},"slope":{"confidence_interval":{"confidence_level":0.95,"lower_bound":7.164019884543556,"upper_bound":7.16932178634208},"point_estimate":7.166564209879358,"standard_error":0.0013553847467022355},"std_dev":{"confidence_interval":{"confidence_level":0.95,"lower_bound":0.012489777950044552,"upper_bound":0.028182292699134227},"point_estimate":0.020675264818707673,"standard_error":0.00410550279050457}}