{"mean":{"confidence_interval":{"confidence_level":0.95,"lower_bound":-0.9102188201468226,"upper_bound":-0.9101571714859789},"point_estimate":-0.9101876664725197,"standard_error":0.000015698507169719946},"median":{"confidence_interval":{"confidence_level":0.95,"lower_bound":-0.9102442414802984,"upper_bound":-0.9101761558748332},"point_estimate":-0.9102086839999463,"standard_error":0.000016071080546524277}}