{"mean":{"confidence_interval":{"confidence_level":0.95,"lower_bound":0.5041785960247874,"upper_bound":0.5044204692135923},"point_estimate":0.5042938434371522,"standard_error":0.00006197738852551579},"median":{"confidence_interval":{"confidence_level":0.95,"lower_bound":0.5040005708432098,"upper_bound":0.5041844765164621},"point_estimate":0.5040751117693044,"standard_error":0.00004141587528139083},"median_abs_dev":{"confidence_interval":{"confidence_level":0.95,"lower_bound":0.00023231321607250518,"upper_bound":0.00047045905032132816},"point_estimate":0.00031477819291630325,"standard_error":0.000060051345199030715},"slope":{"confidence_interval":{"confidence_level":0.95,"lower_bound":0.5041867561489188,"upper_bound":0.5044950185746349},"point_estimate":0.5043292635055214,"standard_error":0.00007866552016002002},"std_dev":{"confidence_interval":{"confidence_level":0.95,"lower_bound":0.00046854350632157346,"upper_bound":0.0007580511734248852},"point_estimate":0.0006233688813942873,"standard_error":0.00007382220469288418}}