{"mean":{"confidence_interval":{"confidence_level":0.95,"lower_bound":-0.0030439744463133514,"upper_bound":0.0002547148594916167},"point_estimate":-0.0011702436540652617,"standard_error":0.000848534909743935},"median":{"confidence_interval":{"confidence_level":0.95,"lower_bound":-0.0003653785047079694,"upper_bound":0.00043387683823015166},"point_estimate":-8.184799931143516e-6,"standard_error":0.00021773157734513284}}