{"mean":{"confidence_interval":{"confidence_level":0.95,"lower_bound":-0.919582368698276,"upper_bound":-0.9193057918640707},"point_estimate":-0.9194142782610729,"standard_error":0.00007308482192437817},"median":{"confidence_interval":{"confidence_level":0.95,"lower_bound":-0.9193529393802784,"upper_bound":-0.9192876153250519},"point_estimate":-0.9193364985406142,"standard_error":0.000018018666549515143}}