{"mean":{"confidence_interval":{"confidence_level":0.95,"lower_bound":3.484055414886217,"upper_bound":3.4918873786510103},"point_estimate":3.487602865096319,"standard_error":0.0020070954881123513},"median":{"confidence_interval":{"confidence_level":0.95,"lower_bound":3.4820125985043338,"upper_bound":3.489678515279902},"point_estimate":3.4856072736137036,"standard_error":0.0020014812966332443},"median_abs_dev":{"confidence_interval":{"confidence_level":0.95,"lower_bound":0.010280003719579189,"upper_bound":0.015970905106529727},"point_estimate":0.013305121378647547,"standard_error":0.001455842110449672},"slope":{"confidence_interval":{"confidence_level":0.95,"lower_bound":3.48620535836279,"upper_bound":3.4966452296790234},"point_estimate":3.490823871881301,"standard_error":0.002686436389457315},"std_dev":{"confidence_interval":{"confidence_level":0.95,"lower_bound":0.011190056800669613,"upper_bound":0.029446817344138135},"point_estimate":0.020226242733396706,"standard_error":0.0050031672670495676}}