{"mean":{"confidence_interval":{"confidence_level":0.95,"lower_bound":-0.9550182091098273,"upper_bound":-0.9548025200317458},"point_estimate":-0.9549137358954047,"standard_error":0.000054633114815349424},"median":{"confidence_interval":{"confidence_level":0.95,"lower_bound":-0.9549267659767628,"upper_bound":-0.9549024316328436},"point_estimate":-0.954914187956504,"standard_error":6.124699636844066e-6}}