{"mean":{"confidence_interval":{"confidence_level":0.95,"lower_bound":-0.8527074934600358,"upper_bound":-0.8522343624106253},"point_estimate":-0.8524376171765038,"standard_error":0.00012233162601832102},"median":{"confidence_interval":{"confidence_level":0.95,"lower_bound":-0.852252493952866,"upper_bound":-0.8521942686746866},"point_estimate":-0.852219891473022,"standard_error":0.000015552757666010263}}