{"mean":{"confidence_interval":{"confidence_level":0.95,"lower_bound":-0.003115840880443149,"upper_bound":0.0002816871392078639},"point_estimate":-0.0012757890211737566,"standard_error":0.0008678390326657588},"median":{"confidence_interval":{"confidence_level":0.95,"lower_bound":-0.001995742406077916,"upper_bound":0.0009430435836559337},"point_estimate":-0.0007303622002976518,"standard_error":0.0007906844409648337}}