{"mean":{"confidence_interval":{"confidence_level":0.95,"lower_bound":-0.9567989894908695,"upper_bound":-0.9566330762996976},"point_estimate":-0.9567032743874672,"standard_error":0.000042897310714639435},"median":{"confidence_interval":{"confidence_level":0.95,"lower_bound":-0.9566372022421685,"upper_bound":-0.9566176014674913},"point_estimate":-0.9566259106599719,"standard_error":4.927760900561812e-6}}