{"mean":{"confidence_interval":{"confidence_level":0.95,"lower_bound":-0.005319284681058745,"upper_bound":-0.003877261546178135},"point_estimate":-0.004582144106643371,"standard_error":0.0003677878354566211},"median":{"confidence_interval":{"confidence_level":0.95,"lower_bound":-0.005785649389625515,"upper_bound":-0.004205772512139667},"point_estimate":-0.005087413911888272,"standard_error":0.0003756834577984099}}