{"mean":{"confidence_interval":{"confidence_level":0.95,"lower_bound":3.1165588252986605,"upper_bound":3.1254701941296843},"point_estimate":3.120060618398553,"standard_error":0.0023618478475390535},"median":{"confidence_interval":{"confidence_level":0.95,"lower_bound":3.1154594707979038,"upper_bound":3.118138402265646},"point_estimate":3.1171096226108714,"standard_error":0.0006816191713205968},"median_abs_dev":{"confidence_interval":{"confidence_level":0.95,"lower_bound":0.005339851817340984,"upper_bound":0.009000446907328161},"point_estimate":0.007606185556257118,"standard_error":0.0008983059360213896},"slope":{"confidence_interval":{"confidence_level":0.95,"lower_bound":3.116808578128335,"upper_bound":3.1314436890852884},"point_estimate":3.121891710734244,"standard_error":0.004115139168439635},"std_dev":{"confidence_interval":{"confidence_level":0.95,"lower_bound":0.007163954264582612,"upper_bound":0.03905218441781989},"point_estimate":0.02376434487541985,"standard_error":0.010570940731667594}}