{"mean":{"confidence_interval":{"confidence_level":0.95,"lower_bound":1.1445305215756458,"upper_bound":1.145684010980685},"point_estimate":1.1450826466186015,"standard_error":0.0002948934483536609},"median":{"confidence_interval":{"confidence_level":0.95,"lower_bound":1.144085423498852,"upper_bound":1.145046005550831},"point_estimate":1.1445233888770798,"standard_error":0.00025403121655783573},"median_abs_dev":{"confidence_interval":{"confidence_level":0.95,"lower_bound":0.0015850407861086268,"upper_bound":0.0027382739279505275},"point_estimate":0.002065235194990398,"standard_error":0.0002895479870451902},"slope":{"confidence_interval":{"confidence_level":0.95,"lower_bound":1.1444236862740278,"upper_bound":1.1454112698258507},"point_estimate":1.1448849139466262,"standard_error":0.0002520640185479441},"std_dev":{"confidence_interval":{"confidence_level":0.95,"lower_bound":0.002121640347942726,"upper_bound":0.003846936186490596},"point_estimate":0.002958967215434823,"standard_error":0.00045265444298428536}}