{"mean":{"confidence_interval":{"confidence_level":0.95,"lower_bound":-0.000858099210947391,"upper_bound":-5.675160500390611e-6},"point_estimate":-0.000426561330971742,"standard_error":0.0002175127262966989},"median":{"confidence_interval":{"confidence_level":0.95,"lower_bound":-0.000473204960075857,"upper_bound":0.00007770927473793598},"point_estimate":-0.00019143553198297525,"standard_error":0.00014319471661503389}}