{"mean":{"confidence_interval":{"confidence_level":0.95,"lower_bound":-0.007551696663159032,"upper_bound":-0.004012433389528465},"point_estimate":-0.0058053908006769905,"standard_error":0.0009093783968486619},"median":{"confidence_interval":{"confidence_level":0.95,"lower_bound":-0.00557458159241464,"upper_bound":-0.0015351447207042623},"point_estimate":-0.003169656290064604,"standard_error":0.0009744866096499322}}