{"mean":{"confidence_interval":{"confidence_level":0.95,"lower_bound":-0.0004755693447789283,"upper_bound":0.0012142243755906444},"point_estimate":0.0003571681983989272,"standard_error":0.0004252588022861777},"median":{"confidence_interval":{"confidence_level":0.95,"lower_bound":-0.0002620506418478108,"upper_bound":0.00028120280355548033},"point_estimate":-0.00004536352481865347,"standard_error":0.00013668161702358754}}