{"mean":{"confidence_interval":{"confidence_level":0.95,"lower_bound":0.026879143496152755,"upper_bound":0.03860093421035257},"point_estimate":0.03280192778929658,"standard_error":0.002994049554104395},"median":{"confidence_interval":{"confidence_level":0.95,"lower_bound":0.0315075311944657,"upper_bound":0.042016765380366694},"point_estimate":0.037353394588327316,"standard_error":0.0027053071289153234}}