{"mean":{"confidence_interval":{"confidence_level":0.95,"lower_bound":-0.9482321123024858,"upper_bound":-0.9480533947205766},"point_estimate":-0.9481471835465015,"standard_error":0.000047319236623383795},"median":{"confidence_interval":{"confidence_level":0.95,"lower_bound":-0.9482367333487058,"upper_bound":-0.9481771119293627},"point_estimate":-0.9482129206858708,"standard_error":0.00001648960396152059}}