{"mean":{"confidence_interval":{"confidence_level":0.95,"lower_bound":-0.9245861676575295,"upper_bound":-0.9245142736222378},"point_estimate":-0.9245490084068748,"standard_error":0.000018355590577611242},"median":{"confidence_interval":{"confidence_level":0.95,"lower_bound":-0.9245878279906287,"upper_bound":-0.9245235550446783},"point_estimate":-0.9245505214347728,"standard_error":0.00001554187746115473}}