{"mean":{"confidence_interval":{"confidence_level":0.95,"lower_bound":-0.9145253264711211,"upper_bound":-0.9144566743011742},"point_estimate":-0.9144920927372745,"standard_error":0.000017444646004387673},"median":{"confidence_interval":{"confidence_level":0.95,"lower_bound":-0.9144951856837327,"upper_bound":-0.9144489952732526},"point_estimate":-0.9144704657542625,"standard_error":0.00001184039755172452}}