{"mean":{"confidence_interval":{"confidence_level":0.95,"lower_bound":-0.4640472122806064,"upper_bound":-0.461837320050123},"point_estimate":-0.4628870807172094,"standard_error":0.0005657848393040003},"median":{"confidence_interval":{"confidence_level":0.95,"lower_bound":-0.4625289921817187,"upper_bound":-0.4605288788164852},"point_estimate":-0.46151139080884407,"standard_error":0.0005322252071687246}}