{"mean":{"confidence_interval":{"confidence_level":0.95,"lower_bound":-0.9135724517642531,"upper_bound":-0.9133736403934608},"point_estimate":-0.9134681485215114,"standard_error":0.00005145662276483583},"median":{"confidence_interval":{"confidence_level":0.95,"lower_bound":-0.91341220062524,"upper_bound":-0.9132974601186331},"point_estimate":-0.9133471163715633,"standard_error":0.000028647736815120648}}