{"mean":{"confidence_interval":{"confidence_level":0.95,"lower_bound":-0.9245984556010279,"upper_bound":-0.9243724702688039},"point_estimate":-0.9244705353064621,"standard_error":0.000058236447499876974},"median":{"confidence_interval":{"confidence_level":0.95,"lower_bound":-0.9243797018532615,"upper_bound":-0.9243425519324773},"point_estimate":-0.9243642873900026,"standard_error":9.81558399433242e-6}}