{"mean":{"confidence_interval":{"confidence_level":0.95,"lower_bound":0.7371786621888945,"upper_bound":0.7376435338716804},"point_estimate":0.7373936989486027,"standard_error":0.00011937620852093402},"median":{"confidence_interval":{"confidence_level":0.95,"lower_bound":0.736866343580524,"upper_bound":0.73721321950996},"point_estimate":0.7369926295309029,"standard_error":0.00009481308918951804},"median_abs_dev":{"confidence_interval":{"confidence_level":0.95,"lower_bound":0.0003932546061349342,"upper_bound":0.0007897603655610768},"point_estimate":0.0006003870836437388,"standard_error":0.00010487027292034666},"slope":{"confidence_interval":{"confidence_level":0.95,"lower_bound":0.7370713999144843,"upper_bound":0.7373775422249597},"point_estimate":0.7372181626555183,"standard_error":0.00007805692963150596},"std_dev":{"confidence_interval":{"confidence_level":0.95,"lower_bound":0.0007669746677108504,"upper_bound":0.0016572676098875767},"point_estimate":0.0012033932165384181,"standard_error":0.00024132875134920935}}