{"mean":{"confidence_interval":{"confidence_level":0.95,"lower_bound":-0.9522002558955547,"upper_bound":-0.9521613010378606},"point_estimate":-0.9521812226424222,"standard_error":9.988285904743443e-6},"median":{"confidence_interval":{"confidence_level":0.95,"lower_bound":-0.952197485360792,"upper_bound":-0.9521760320130964},"point_estimate":-0.9521867716050997,"standard_error":5.6470858895569865e-6}}