{"mean":{"confidence_interval":{"confidence_level":0.95,"lower_bound":-0.0012513712988435287,"upper_bound":0.0006281341481459145},"point_estimate":-0.00024593892471680423,"standard_error":0.00047934651585865084},"median":{"confidence_interval":{"confidence_level":0.95,"lower_bound":-0.0005035264360552238,"upper_bound":0.00013748454213247108},"point_estimate":-0.0002839960980891565,"standard_error":0.00016621491895423603}}