{"mean":{"confidence_interval":{"confidence_level":0.95,"lower_bound":-0.7019584907908699,"upper_bound":-0.7015267970775505},"point_estimate":-0.7017568487152236,"standard_error":0.00011082643164014345},"median":{"confidence_interval":{"confidence_level":0.95,"lower_bound":-0.7018632740189965,"upper_bound":-0.7014965829312039},"point_estimate":-0.7016959901121956,"standard_error":0.00008717038444013083}}