{"mean":{"confidence_interval":{"confidence_level":0.95,"lower_bound":-0.000398186935829639,"upper_bound":0.0002866449435273864},"point_estimate":-0.00005101962943676597,"standard_error":0.00017503521775951664},"median":{"confidence_interval":{"confidence_level":0.95,"lower_bound":-0.0002924695043331482,"upper_bound":0.00038203127368574563},"point_estimate":-0.00004206625569602718,"standard_error":0.00017100711682806297}}