{"mean":{"confidence_interval":{"confidence_level":0.95,"lower_bound":-0.7472840362529368,"upper_bound":-0.7467387039835442},"point_estimate":-0.7469942822052227,"standard_error":0.00013902587718117457},"median":{"confidence_interval":{"confidence_level":0.95,"lower_bound":-0.7468699883905399,"upper_bound":-0.7464318919054893},"point_estimate":-0.7465683592414025,"standard_error":0.00012069551909434922}}