{"mean":{"confidence_interval":{"confidence_level":0.95,"lower_bound":-0.0005556379103280523,"upper_bound":0.0001913792368471719},"point_estimate":-0.00016786923689349198,"standard_error":0.00018978269752886322},"median":{"confidence_interval":{"confidence_level":0.95,"lower_bound":-0.00020534205598288224,"upper_bound":0.000286261652764101},"point_estimate":0.00002160363418446387,"standard_error":0.00012828480393255846}}