{"mean":{"confidence_interval":{"confidence_level":0.95,"lower_bound":-0.001131061237634992,"upper_bound":0.0024590506414013057},"point_estimate":0.0005904163081897895,"standard_error":0.0009138682526417551},"median":{"confidence_interval":{"confidence_level":0.95,"lower_bound":-0.0008322919499162973,"upper_bound":0.0029723813844029223},"point_estimate":0.0012034052624083635,"standard_error":0.0009731234749430517}}