{"mean":{"confidence_interval":{"confidence_level":0.95,"lower_bound":-0.00021583552473807555,"upper_bound":0.0005389423066651965},"point_estimate":0.0001697416294745846,"standard_error":0.00019264300453524863},"median":{"confidence_interval":{"confidence_level":0.95,"lower_bound":-0.0002434272446045771,"upper_bound":0.0005887343949551038},"point_estimate":0.00016003011893084285,"standard_error":0.00021129733489355196}}