{"mean":{"confidence_interval":{"confidence_level":0.95,"lower_bound":-0.7631160904880491,"upper_bound":-0.7629801243776698},"point_estimate":-0.7630451364070949,"standard_error":0.000034809576729257137},"median":{"confidence_interval":{"confidence_level":0.95,"lower_bound":-0.7630925755819209,"upper_bound":-0.762959578806197},"point_estimate":-0.7630158654557043,"standard_error":0.000034144399656425376}}