{"mean":{"confidence_interval":{"confidence_level":0.95,"lower_bound":-0.9252326076518349,"upper_bound":-0.9249797817062823},"point_estimate":-0.9250882915636115,"standard_error":0.00006542027492226439},"median":{"confidence_interval":{"confidence_level":0.95,"lower_bound":-0.9250081109591545,"upper_bound":-0.9249648870625281},"point_estimate":-0.924990442359697,"standard_error":0.000010669900024201682}}