{"mean":{"confidence_interval":{"confidence_level":0.95,"lower_bound":-0.00264667371228037,"upper_bound":0.000688718541289146},"point_estimate":-0.00082589604765404,"standard_error":0.0008574858414587695},"median":{"confidence_interval":{"confidence_level":0.95,"lower_bound":-0.00024195360322021298,"upper_bound":0.0003023978008767081},"point_estimate":0.000017369846120551813,"standard_error":0.00013352991414691785}}