{"mean":{"confidence_interval":{"confidence_level":0.95,"lower_bound":-0.0005207969173625286,"upper_bound":0.00023754412686335328},"point_estimate":-0.00014033602935492606,"standard_error":0.000193242090610854},"median":{"confidence_interval":{"confidence_level":0.95,"lower_bound":-0.000259897102271478,"upper_bound":0.0002831055965380624},"point_estimate":0.000052460422047317934,"standard_error":0.00014703034332941184}}