{"mean":{"confidence_interval":{"confidence_level":0.95,"lower_bound":0.47891224221603607,"upper_bound":0.47918072951846935},"point_estimate":0.47903224552854196,"standard_error":0.00006896526776718119},"median":{"confidence_interval":{"confidence_level":0.95,"lower_bound":0.47881578869189106,"upper_bound":0.47900547067647525},"point_estimate":0.4789055511320643,"standard_error":0.00004820455818051894},"median_abs_dev":{"confidence_interval":{"confidence_level":0.95,"lower_bound":0.00028108545578104787,"upper_bound":0.0004586992534565598},"point_estimate":0.00036012901820440705,"standard_error":0.00004661353077578221},"slope":{"confidence_interval":{"confidence_level":0.95,"lower_bound":0.4788790241220346,"upper_bound":0.4790457613980588},"point_estimate":0.4789590693376609,"standard_error":0.00004254161240377859},"std_dev":{"confidence_interval":{"confidence_level":0.95,"lower_bound":0.00037125404088592275,"upper_bound":0.0010287149424965578},"point_estimate":0.0006923313131764816,"standard_error":0.0001907827170013438}}