{"mean":{"confidence_interval":{"confidence_level":0.95,"lower_bound":-0.00027250754503999606,"upper_bound":0.0014741762427681936},"point_estimate":0.00055506464243682,"standard_error":0.0004512664303267937},"median":{"confidence_interval":{"confidence_level":0.95,"lower_bound":-0.00041564188029241667,"upper_bound":0.00011998124426315648},"point_estimate":-0.00017431754313634862,"standard_error":0.000138927143926555}}