{"mean":{"confidence_interval":{"confidence_level":0.95,"lower_bound":-0.002823567524483772,"upper_bound":0.0019619135435751697},"point_estimate":-0.0004229836196818493,"standard_error":0.0012054158497361866},"median":{"confidence_interval":{"confidence_level":0.95,"lower_bound":-0.0002553739291711876,"upper_bound":0.0002579481499653813},"point_estimate":0.000032795209018665616,"standard_error":0.00013351816771372968}}