{"mean":{"confidence_interval":{"confidence_level":0.95,"lower_bound":-0.003513868233966505,"upper_bound":-0.0002176546420808893},"point_estimate":-0.0015671603767746234,"standard_error":0.0008650155072944807},"median":{"confidence_interval":{"confidence_level":0.95,"lower_bound":-0.0006087157911008889,"upper_bound":0.00011125288273199141},"point_estimate":-0.00016991390608822599,"standard_error":0.00016328400383846267}}