{"mean":{"confidence_interval":{"confidence_level":0.95,"lower_bound":0.000349494154242358,"upper_bound":0.004169222229015084},"point_estimate":0.001877388993657636,"standard_error":0.0009297179249092533},"median":{"confidence_interval":{"confidence_level":0.95,"lower_bound":-0.000257439584537833,"upper_bound":0.00024268873460053797},"point_estimate":0.000037980428221118245,"standard_error":0.00012601741761118508}}