{"mean":{"confidence_interval":{"confidence_level":0.95,"lower_bound":4.571454244393338,"upper_bound":4.586269520932439},"point_estimate":4.577349901661944,"standard_error":0.00392293402060723},"median":{"confidence_interval":{"confidence_level":0.95,"lower_bound":4.569250186626032,"upper_bound":4.570365710063953},"point_estimate":4.5696717020645,"standard_error":0.0003209213093517666},"median_abs_dev":{"confidence_interval":{"confidence_level":0.95,"lower_bound":0.00209588830632141,"upper_bound":0.004064801488567346},"point_estimate":0.0028212912697874173,"standard_error":0.0005213437285761678},"slope":{"confidence_interval":{"confidence_level":0.95,"lower_bound":4.570626001217657,"upper_bound":4.577185976377661},"point_estimate":4.57321190107764,"standard_error":0.0017099657961112062},"std_dev":{"confidence_interval":{"confidence_level":0.95,"lower_bound":0.005779934598613386,"upper_bound":0.06414957742405625},"point_estimate":0.039369329932922685,"standard_error":0.016614698555053365}}