{"mean":{"confidence_interval":{"confidence_level":0.95,"lower_bound":-0.33332427319183117,"upper_bound":-0.3304222418513656},"point_estimate":-0.3322019588982401,"standard_error":0.000807244725281026},"median":{"confidence_interval":{"confidence_level":0.95,"lower_bound":-0.3335200026119235,"upper_bound":-0.3332342408111644},"point_estimate":-0.33340932095941145,"standard_error":0.00007295098668644034}}