{"mean":{"confidence_interval":{"confidence_level":0.95,"lower_bound":0.19981494363369376,"upper_bound":0.2065010389308574},"point_estimate":0.2024956217893883,"standard_error":0.0017577212352737164},"median":{"confidence_interval":{"confidence_level":0.95,"lower_bound":0.19980567723859965,"upper_bound":0.20028711035641766},"point_estimate":0.20011481207176662,"standard_error":0.00013482830528950099}}