{"mean":{"confidence_interval":{"confidence_level":0.95,"lower_bound":0.018317063377491023,"upper_bound":0.02257588821646502},"point_estimate":0.020568526647743557,"standard_error":0.0010867033184653692},"median":{"confidence_interval":{"confidence_level":0.95,"lower_bound":0.021406106432299756,"upper_bound":0.02295081855102654},"point_estimate":0.022317601404437504,"standard_error":0.00038203549625052377}}