{"mean":{"confidence_interval":{"confidence_level":0.95,"lower_bound":-0.8527571466588796,"upper_bound":-0.852261804888817},"point_estimate":-0.8524735836981903,"standard_error":0.00012701082227141615},"median":{"confidence_interval":{"confidence_level":0.95,"lower_bound":-0.8522763337782182,"upper_bound":-0.8522235148960001},"point_estimate":-0.8522522079931769,"standard_error":0.000013769068410440693}}