{"mean":{"confidence_interval":{"confidence_level":0.95,"lower_bound":0.0011442281188919331,"upper_bound":0.006252718616030528},"point_estimate":0.0034188596504016733,"standard_error":0.0013723752523508064},"median":{"confidence_interval":{"confidence_level":0.95,"lower_bound":-0.0004589966844051885,"upper_bound":0.00011915842555221268},"point_estimate":-0.00016474803959676265,"standard_error":0.00014847517756988454}}