{"mean":{"confidence_interval":{"confidence_level":0.95,"lower_bound":-0.9500903857830463,"upper_bound":-0.9500319334661014},"point_estimate":-0.9500603060770438,"standard_error":0.000014903290888973991},"median":{"confidence_interval":{"confidence_level":0.95,"lower_bound":-0.9500635409905331,"upper_bound":-0.9500430292450935},"point_estimate":-0.9500542033563678,"standard_error":4.980861944416589e-6}}