{"mean":{"confidence_interval":{"confidence_level":0.95,"lower_bound":-0.8941465056284822,"upper_bound":-0.8936483941040743},"point_estimate":-0.8938902432610055,"standard_error":0.00012683903795478478},"median":{"confidence_interval":{"confidence_level":0.95,"lower_bound":-0.8936298445877353,"upper_bound":-0.8933417107583316},"point_estimate":-0.8934058433578872,"standard_error":0.00008701821211532423}}