{"mean":{"confidence_interval":{"confidence_level":0.95,"lower_bound":-0.9152302076436981,"upper_bound":-0.9151720785528605},"point_estimate":-0.9152010322307927,"standard_error":0.000014784162930657175},"median":{"confidence_interval":{"confidence_level":0.95,"lower_bound":-0.9152337485064855,"upper_bound":-0.9151896673122214},"point_estimate":-0.9152122763131216,"standard_error":0.000011059014319830217}}