{"mean":{"confidence_interval":{"confidence_level":0.95,"lower_bound":-0.7001339563779789,"upper_bound":-0.6999485147340468},"point_estimate":-0.7000375840806343,"standard_error":0.000047333379432218727},"median":{"confidence_interval":{"confidence_level":0.95,"lower_bound":-0.7000505159793073,"upper_bound":-0.6999033365960343},"point_estimate":-0.699972893526172,"standard_error":0.000038085061069400105}}