{"mean":{"confidence_interval":{"confidence_level":0.95,"lower_bound":-0.9089885580501194,"upper_bound":-0.9089129133821212},"point_estimate":-0.9089479501629671,"standard_error":0.00001937016199536903},"median":{"confidence_interval":{"confidence_level":0.95,"lower_bound":-0.908947296486445,"upper_bound":-0.9089073535472922},"point_estimate":-0.908928639353442,"standard_error":0.000010334412002113725}}