{"mean":{"confidence_interval":{"confidence_level":0.95,"lower_bound":-0.7183123969794263,"upper_bound":-0.7180387516892955},"point_estimate":-0.7181836199793754,"standard_error":0.00007025025081646055},"median":{"confidence_interval":{"confidence_level":0.95,"lower_bound":-0.7182356828019214,"upper_bound":-0.7179418910763302},"point_estimate":-0.7180733556745817,"standard_error":0.00008459995523307319}}