{"mean":{"confidence_interval":{"confidence_level":0.95,"lower_bound":-0.00004407625869141937,"upper_bound":0.002623027344914741},"point_estimate":0.0011213470686499694,"standard_error":0.0006854726027301014},"median":{"confidence_interval":{"confidence_level":0.95,"lower_bound":-0.00025862753077876555,"upper_bound":0.00031156730915907644},"point_estimate":0.00006696091479163613,"standard_error":0.0001409147617097742}}