{"mean":{"confidence_interval":{"confidence_level":0.95,"lower_bound":-0.001209637349789294,"upper_bound":-0.00005196493846561796},"point_estimate":-0.0006295220939703805,"standard_error":0.0002945919093408638},"median":{"confidence_interval":{"confidence_level":0.95,"lower_bound":-0.0010866174083021818,"upper_bound":0.00011772138154248441},"point_estimate":-0.00044938499895119666,"standard_error":0.0002975701812248624}}