{"mean":{"confidence_interval":{"confidence_level":0.95,"lower_bound":0.6981094965039752,"upper_bound":0.6984982884595047},"point_estimate":0.6982901364660886,"standard_error":0.00009938426179410934},"median":{"confidence_interval":{"confidence_level":0.95,"lower_bound":0.6979110480594851,"upper_bound":0.6980641968407374},"point_estimate":0.6980018804371075,"standard_error":0.00004262975890671803},"median_abs_dev":{"confidence_interval":{"confidence_level":0.95,"lower_bound":0.0003576779398217848,"upper_bound":0.0006393662439410061},"point_estimate":0.0005328914740181754,"standard_error":0.00007180653381833468},"slope":{"confidence_interval":{"confidence_level":0.95,"lower_bound":0.6980477029033666,"upper_bound":0.6983509988087556},"point_estimate":0.6981882080155857,"standard_error":0.00007776079931101183},"std_dev":{"confidence_interval":{"confidence_level":0.95,"lower_bound":0.0006392994776891421,"upper_bound":0.0013203274782063819},"point_estimate":0.0009938793502232142,"standard_error":0.00017652266987228183}}