{"mean":{"confidence_interval":{"confidence_level":0.95,"lower_bound":-0.8568420614772833,"upper_bound":-0.8563307743821075},"point_estimate":-0.8566279800561064,"standard_error":0.0001346371561226313},"median":{"confidence_interval":{"confidence_level":0.95,"lower_bound":-0.8569594813112991,"upper_bound":-0.8567632762214601},"point_estimate":-0.8568256707693576,"standard_error":0.00005563372204547758}}