{"mean":{"confidence_interval":{"confidence_level":0.95,"lower_bound":0.2271835451856411,"upper_bound":0.23454697773273045},"point_estimate":0.23070312699092943,"standard_error":0.0018643931997635395},"median":{"confidence_interval":{"confidence_level":0.95,"lower_bound":0.23046704268501847,"upper_bound":0.23117389769813923},"point_estimate":0.23082695134404885,"standard_error":0.00018295199744914503}}