{"mean":{"confidence_interval":{"confidence_level":0.95,"lower_bound":1.1669444868236207,"upper_bound":1.1706402056411183},"point_estimate":1.168524817918864,"standard_error":0.0009498153180632933},"median":{"confidence_interval":{"confidence_level":0.95,"lower_bound":1.1664906617106188,"upper_bound":1.1669137641623246},"point_estimate":1.1666729055630354,"standard_error":0.0001222598125327835},"median_abs_dev":{"confidence_interval":{"confidence_level":0.95,"lower_bound":0.0006381306765234548,"upper_bound":0.0010920224920636862},"point_estimate":0.0008228117526662215,"standard_error":0.00011976243979482913},"slope":{"confidence_interval":{"confidence_level":0.95,"lower_bound":1.1665186474422033,"upper_bound":1.1668368005473964},"point_estimate":1.1666723618515524,"standard_error":0.00008099163545739932},"std_dev":{"confidence_interval":{"confidence_level":0.95,"lower_bound":0.0013220292691838748,"upper_bound":0.01487235692983536},"point_estimate":0.009550685334067993,"standard_error":0.0033078408565126783}}