{"mean":{"confidence_interval":{"confidence_level":0.95,"lower_bound":-0.7641470015288446,"upper_bound":-0.763465487393159},"point_estimate":-0.7637336084293677,"standard_error":0.00017982865609961977},"median":{"confidence_interval":{"confidence_level":0.95,"lower_bound":-0.7636490277200182,"upper_bound":-0.7634266146623081},"point_estimate":-0.763560921836117,"standard_error":0.00005531971012149033}}