{"mean":{"confidence_interval":{"confidence_level":0.95,"lower_bound":4.344992497855196,"upper_bound":4.358324649561088},"point_estimate":4.350748237092144,"standard_error":0.0034475664457443954},"median":{"confidence_interval":{"confidence_level":0.95,"lower_bound":4.342246094863776,"upper_bound":4.343499942805988},"point_estimate":4.342869944003326,"standard_error":0.0002986559682452171},"median_abs_dev":{"confidence_interval":{"confidence_level":0.95,"lower_bound":0.0017455910713720555,"upper_bound":0.003141235260127434},"point_estimate":0.002333574029637887,"standard_error":0.000353714175823282},"slope":{"confidence_interval":{"confidence_level":0.95,"lower_bound":4.34270287760085,"upper_bound":4.343869210265207},"point_estimate":4.3432204497939555,"standard_error":0.0002993701758920041},"std_dev":{"confidence_interval":{"confidence_level":0.95,"lower_bound":0.008737514048206182,"upper_bound":0.052575737532674825},"point_estimate":0.034694667810952255,"standard_error":0.01091780337968175}}