{"mean":{"confidence_interval":{"confidence_level":0.95,"lower_bound":4.325718056269549e-6,"upper_bound":0.003161759109751704},"point_estimate":0.0013728091608369297,"standard_error":0.0008329919591126419},"median":{"confidence_interval":{"confidence_level":0.95,"lower_bound":-0.00026921964724191394,"upper_bound":0.0002112822471516118},"point_estimate":-0.00007571666116201747,"standard_error":0.00012369464219598423}}