{"mean":{"confidence_interval":{"confidence_level":0.95,"lower_bound":0.6239184606210367,"upper_bound":0.6268468756948891},"point_estimate":0.6250114974974541,"standard_error":0.0008001936257956866},"median":{"confidence_interval":{"confidence_level":0.95,"lower_bound":0.62352343230551,"upper_bound":0.6238367543414187},"point_estimate":0.6236654169248099,"standard_error":0.00007006304717747929},"median_abs_dev":{"confidence_interval":{"confidence_level":0.95,"lower_bound":0.0004287215909819512,"upper_bound":0.0007428483564155559},"point_estimate":0.0005724618318323971,"standard_error":0.00007910868824906931},"slope":{"confidence_interval":{"confidence_level":0.95,"lower_bound":0.6237993992819302,"upper_bound":0.6261809345734128},"point_estimate":0.6246381007232225,"standard_error":0.0006515850318480498},"std_dev":{"confidence_interval":{"confidence_level":0.95,"lower_bound":0.0012220475942224566,"upper_bound":0.013525499668072843},"point_estimate":0.008057934208713145,"standard_error":0.0039907443020931535}}