{"mean":{"confidence_interval":{"confidence_level":0.95,"lower_bound":0.007193610124688,"upper_bound":0.012682457496211257},"point_estimate":0.009805938365281985,"standard_error":0.0013988073737567497},"median":{"confidence_interval":{"confidence_level":0.95,"lower_bound":0.005518564928569392,"upper_bound":0.0071812035416378706},"point_estimate":0.006051678486403755,"standard_error":0.0004090958268698272}}