{"mean":{"confidence_interval":{"confidence_level":0.95,"lower_bound":0.0036659975146367215,"upper_bound":0.00628769024743846},"point_estimate":0.004933514007604112,"standard_error":0.0006639599856375236},"median":{"confidence_interval":{"confidence_level":0.95,"lower_bound":0.0040688661874983545,"upper_bound":0.004881648248983073},"point_estimate":0.004460481988970644,"standard_error":0.00021037269088194306}}