{"mean":{"confidence_interval":{"confidence_level":0.95,"lower_bound":-0.00008665116741673718,"upper_bound":0.0029245164050766435},"point_estimate":0.0013182117628272039,"standard_error":0.0008038899973362102},"median":{"confidence_interval":{"confidence_level":0.95,"lower_bound":-0.0003281776084167131,"upper_bound":0.0001681987312800778},"point_estimate":-0.00008721595030081186,"standard_error":0.00011963018333553163}}