{"mean":{"confidence_interval":{"confidence_level":0.95,"lower_bound":-0.0004452084422640639,"upper_bound":0.0013178950372267184},"point_estimate":0.00027456205733611405,"standard_error":0.0004737326466389066},"median":{"confidence_interval":{"confidence_level":0.95,"lower_bound":-0.00022801068921518564,"upper_bound":0.00023390735811061315},"point_estimate":-4.735910855147019e-6,"standard_error":0.0001143879689122875}}