{"mean":{"confidence_interval":{"confidence_level":0.95,"lower_bound":0.6205872775631974,"upper_bound":0.6208972448420772},"point_estimate":0.620734012897576,"standard_error":0.00007912468812609243},"median":{"confidence_interval":{"confidence_level":0.95,"lower_bound":0.6203891199109336,"upper_bound":0.6206766810964076},"point_estimate":0.620509320598273,"standard_error":0.00008296288440893383},"median_abs_dev":{"confidence_interval":{"confidence_level":0.95,"lower_bound":0.00036301080242854075,"upper_bound":0.0006598002576982462},"point_estimate":0.00048344453949206764,"standard_error":0.00007323651947754358},"slope":{"confidence_interval":{"confidence_level":0.95,"lower_bound":0.6206117045851475,"upper_bound":0.6209646294664553},"point_estimate":0.620779147399716,"standard_error":0.00009038763652644242},"std_dev":{"confidence_interval":{"confidence_level":0.95,"lower_bound":0.0005615695461388774,"upper_bound":0.0010087694744890015},"point_estimate":0.0007930863576226284,"standard_error":0.00011437962166446463}}