{"mean":{"confidence_interval":{"confidence_level":0.95,"lower_bound":-0.4584935602029344,"upper_bound":-0.4581074161149423},"point_estimate":-0.45829472639710933,"standard_error":0.0000987216256659451},"median":{"confidence_interval":{"confidence_level":0.95,"lower_bound":-0.458438232311961,"upper_bound":-0.45816377858192325},"point_estimate":-0.4582859370575091,"standard_error":0.00007160781395922727}}