{"mean":{"confidence_interval":{"confidence_level":0.95,"lower_bound":0.38779766703339746,"upper_bound":0.387940245681852},"point_estimate":0.3878660187987462,"standard_error":0.00003648236966227867},"median":{"confidence_interval":{"confidence_level":0.95,"lower_bound":0.3876997690810317,"upper_bound":0.3878580219377093},"point_estimate":0.38779293185487174,"standard_error":0.00003608908460210001},"median_abs_dev":{"confidence_interval":{"confidence_level":0.95,"lower_bound":0.00021931910346460095,"upper_bound":0.0003736847385116409},"point_estimate":0.0003002513720535434,"standard_error":0.00003927999418577996},"slope":{"confidence_interval":{"confidence_level":0.95,"lower_bound":0.38780497441968964,"upper_bound":0.3879489956790649},"point_estimate":0.38787331740026443,"standard_error":0.000036758929012214483},"std_dev":{"confidence_interval":{"confidence_level":0.95,"lower_bound":0.0002881137549899053,"upper_bound":0.00043927449472161114},"point_estimate":0.0003661537373030618,"standard_error":0.00003875836884210315}}