{"mean":{"confidence_interval":{"confidence_level":0.95,"lower_bound":-0.00013232349189090385,"upper_bound":0.0006872444135695488},"point_estimate":0.0002611434536008428,"standard_error":0.00020805715716958552},"median":{"confidence_interval":{"confidence_level":0.95,"lower_bound":-0.00023975670467335508,"upper_bound":0.0002176549703774011},"point_estimate":-0.00003233255521484235,"standard_error":0.00011161922192538344}}