{"mean":{"confidence_interval":{"confidence_level":0.95,"lower_bound":-0.9390913488620626,"upper_bound":-0.9389421743361968},"point_estimate":-0.9390145603734693,"standard_error":0.00003716693501491481},"median":{"confidence_interval":{"confidence_level":0.95,"lower_bound":-0.939005454441007,"upper_bound":-0.9389265992343699},"point_estimate":-0.9389669128275213,"standard_error":0.000019877623947406508}}