{"mean":{"confidence_interval":{"confidence_level":0.95,"lower_bound":-0.0006970804351759395,"upper_bound":0.003430991455905474},"point_estimate":0.0014158949988769542,"standard_error":0.0010420156467144098},"median":{"confidence_interval":{"confidence_level":0.95,"lower_bound":-0.0018599287064196002,"upper_bound":0.002748709111273959},"point_estimate":0.0002030934826386943,"standard_error":0.0011726062816783194}}