{"mean":{"confidence_interval":{"confidence_level":0.95,"lower_bound":-0.9462174109327185,"upper_bound":-0.9461781172028886},"point_estimate":-0.9461978772979383,"standard_error":9.940954406033291e-6},"median":{"confidence_interval":{"confidence_level":0.95,"lower_bound":-0.9462241004213852,"upper_bound":-0.9461967896516122},"point_estimate":-0.946212547572813,"standard_error":6.822773800039489e-6}}