{"mean":{"confidence_interval":{"confidence_level":0.95,"lower_bound":-0.0018617373603157877,"upper_bound":0.003199895220784848},"point_estimate":0.0005023669132933062,"standard_error":0.0012423168399448516},"median":{"confidence_interval":{"confidence_level":0.95,"lower_bound":-0.00008353048727716139,"upper_bound":0.0003788455692519399},"point_estimate":0.0001657680969218145,"standard_error":0.00011360311347932736}}