{"mean":{"confidence_interval":{"confidence_level":0.95,"lower_bound":0.005312017322943326,"upper_bound":0.021014914834531457},"point_estimate":0.012465961362236877,"standard_error":0.0042319889261797925},"median":{"confidence_interval":{"confidence_level":0.95,"lower_bound":-0.00028521508631854363,"upper_bound":0.0005408520484169177},"point_estimate":0.00008060461312853207,"standard_error":0.00021314987523369098}}