{"mean":{"confidence_interval":{"confidence_level":0.95,"lower_bound":3.862010813467424,"upper_bound":3.878139203793841},"point_estimate":3.869454634950161,"standard_error":0.004115948139805721},"median":{"confidence_interval":{"confidence_level":0.95,"lower_bound":3.8554030477582986,"upper_bound":3.8667236679362205},"point_estimate":3.8601252482814536,"standard_error":0.002752620297094005},"median_abs_dev":{"confidence_interval":{"confidence_level":0.95,"lower_bound":0.016607827621787488,"upper_bound":0.02966527288471177},"point_estimate":0.022269904411704122,"standard_error":0.0032502423173393},"slope":{"confidence_interval":{"confidence_level":0.95,"lower_bound":3.8528598916072228,"upper_bound":3.8720797304609076},"point_estimate":3.8601433716198885,"standard_error":0.0051949135022866825},"std_dev":{"confidence_interval":{"confidence_level":0.95,"lower_bound":0.02392757959132322,"upper_bound":0.05632878674468137},"point_estimate":0.04125021858063564,"standard_error":0.008346342707123346}}