{"mean":{"confidence_interval":{"confidence_level":0.95,"lower_bound":-0.0005078307251304036,"upper_bound":0.0005595754526427627},"point_estimate":0.00007684241182959184,"standard_error":0.0002729767105932494},"median":{"confidence_interval":{"confidence_level":0.95,"lower_bound":-0.0001595277865193978,"upper_bound":0.0003884447964339621},"point_estimate":0.00006095197191480217,"standard_error":0.00013270639318303443}}