{"mean":{"confidence_interval":{"confidence_level":0.95,"lower_bound":24.72454805807715,"upper_bound":24.8003252556974},"point_estimate":24.757160466324045,"standard_error":0.01959413156649343},"median":{"confidence_interval":{"confidence_level":0.95,"lower_bound":24.71512249592771,"upper_bound":24.71994740171111},"point_estimate":24.717078512219828,"standard_error":0.0011072117157705657},"median_abs_dev":{"confidence_interval":{"confidence_level":0.95,"lower_bound":0.008893314587926979,"upper_bound":0.015451862596489199},"point_estimate":0.01203745669086742,"standard_error":0.0017383414430830113},"slope":{"confidence_interval":{"confidence_level":0.95,"lower_bound":24.716588122631293,"upper_bound":24.72125058283622},"point_estimate":24.71886698075714,"standard_error":0.001187868524702175},"std_dev":{"confidence_interval":{"confidence_level":0.95,"lower_bound":0.03407684053365385,"upper_bound":0.30736710706852033},"point_estimate":0.19736278688146405,"standard_error":0.06760047586023739}}