{"mean":{"confidence_interval":{"confidence_level":0.95,"lower_bound":-0.004855802203604717,"upper_bound":-0.0033353324187950814},"point_estimate":-0.004039050460922788,"standard_error":0.00038703506960536887},"median":{"confidence_interval":{"confidence_level":0.95,"lower_bound":-0.004803518974741294,"upper_bound":-0.00414191899464289},"point_estimate":-0.004565214176596388,"standard_error":0.0001696023930494063}}