{"mean":{"confidence_interval":{"confidence_level":0.95,"lower_bound":-0.9540392379452861,"upper_bound":-0.9539828420278404},"point_estimate":-0.9540135429263815,"standard_error":0.000014382486235562578},"median":{"confidence_interval":{"confidence_level":0.95,"lower_bound":-0.954045146542959,"upper_bound":-0.9540216724187366},"point_estimate":-0.9540341736309434,"standard_error":6.090383144984033e-6}}