{"mean":{"confidence_interval":{"confidence_level":0.95,"lower_bound":-0.00497992146862602,"upper_bound":-0.004271104335647508},"point_estimate":-0.004630787608177256,"standard_error":0.00018118824710173245},"median":{"confidence_interval":{"confidence_level":0.95,"lower_bound":-0.005125255773639759,"upper_bound":-0.004417828570365101},"point_estimate":-0.004682473832122613,"standard_error":0.0001752002389208746}}