{"mean":{"confidence_interval":{"confidence_level":0.95,"lower_bound":-0.00003492024239144974,"upper_bound":0.0041078479138280995},"point_estimate":0.002052305864542081,"standard_error":0.001056034943417476},"median":{"confidence_interval":{"confidence_level":0.95,"lower_bound":-0.0002221614642728381,"upper_bound":0.004521984577061211},"point_estimate":0.002210197885108789,"standard_error":0.00115127257865083}}