{"mean":{"confidence_interval":{"confidence_level":0.95,"lower_bound":-0.00035405543683969233,"upper_bound":0.0004494941338251401},"point_estimate":0.000046908646751608885,"standard_error":0.00020613984413043624},"median":{"confidence_interval":{"confidence_level":0.95,"lower_bound":-0.00030120425789115224,"upper_bound":0.00011048640681465827},"point_estimate":-0.0001196835571287691,"standard_error":0.00010567642556450162}}