{"mean":{"confidence_interval":{"confidence_level":0.95,"lower_bound":-0.0029276527993421977,"upper_bound":0.00015752797442967199},"point_estimate":-0.0011659450618332068,"standard_error":0.0007987700629236769},"median":{"confidence_interval":{"confidence_level":0.95,"lower_bound":-0.00018172205778532735,"upper_bound":0.000366207344209446},"point_estimate":0.00011733322972617977,"standard_error":0.00014800935997597353}}