{"mean":{"confidence_interval":{"confidence_level":0.95,"lower_bound":-0.06383216468367166,"upper_bound":-0.06071977193520714},"point_estimate":-0.06220130909287602,"standard_error":0.0007918164309703094},"median":{"confidence_interval":{"confidence_level":0.95,"lower_bound":-0.06313486706761118,"upper_bound":-0.05985229460808057},"point_estimate":-0.06184746544425479,"standard_error":0.0007802279624227574}}