{"mean":{"confidence_interval":{"confidence_level":0.95,"lower_bound":-0.0017645793376687173,"upper_bound":0.0024146700979673754},"point_estimate":0.00040779163400950225,"standard_error":0.0010654064116456974},"median":{"confidence_interval":{"confidence_level":0.95,"lower_bound":-0.0006187820645511266,"upper_bound":0.003664640306224602},"point_estimate":0.0018244732475631853,"standard_error":0.0010330790244879701}}