{"mean":{"confidence_interval":{"confidence_level":0.95,"lower_bound":-0.5230236377411969,"upper_bound":-0.5217873893578387},"point_estimate":-0.5224884677549863,"standard_error":0.00031526005349461053},"median":{"confidence_interval":{"confidence_level":0.95,"lower_bound":-0.5231641294436769,"upper_bound":-0.5229136516971001},"point_estimate":-0.5230383672995181,"standard_error":0.00005984280962458252}}