{"mean":{"confidence_interval":{"confidence_level":0.95,"lower_bound":-0.9137478241215287,"upper_bound":-0.9133766064812758},"point_estimate":-0.9135815554664237,"standard_error":0.00009395805731455933},"median":{"confidence_interval":{"confidence_level":0.95,"lower_bound":-0.91370999534751,"upper_bound":-0.9136071198746072},"point_estimate":-0.9136641265977552,"standard_error":0.00002663778546876786}}