{"mean":{"confidence_interval":{"confidence_level":0.95,"lower_bound":-0.004238690228325188,"upper_bound":-0.0005754070186736442},"point_estimate":-0.002087279426070787,"standard_error":0.0009523728898144441},"median":{"confidence_interval":{"confidence_level":0.95,"lower_bound":-0.0007443340942944188,"upper_bound":0.00010236392482681811},"point_estimate":-0.00022823841031249792,"standard_error":0.00019765957056040625}}