{"mean":{"confidence_interval":{"confidence_level":0.95,"lower_bound":0.0027195430057041724,"upper_bound":0.0074935528126420245},"point_estimate":0.005028955163568272,"standard_error":0.001211292731410593},"median":{"confidence_interval":{"confidence_level":0.95,"lower_bound":0.0007069130352663766,"upper_bound":0.003613732553611415},"point_estimate":0.0023644838510095134,"standard_error":0.00071495208808821}}