{"mean":{"confidence_interval":{"confidence_level":0.95,"lower_bound":-0.902646449538682,"upper_bound":-0.9022412729543369},"point_estimate":-0.9024941928671255,"standard_error":0.00011177232019572285},"median":{"confidence_interval":{"confidence_level":0.95,"lower_bound":-0.9026347940142704,"upper_bound":-0.9025504216684102},"point_estimate":-0.9026015043887946,"standard_error":0.000022577233001195}}