{"mean":{"confidence_interval":{"confidence_level":0.95,"lower_bound":-0.24802657784388382,"upper_bound":-0.24206489912149703},"point_estimate":-0.2450375135749988,"standard_error":0.0015225820126359114},"median":{"confidence_interval":{"confidence_level":0.95,"lower_bound":-0.2499051788409491,"upper_bound":-0.24311642077551646},"point_estimate":-0.24708056011604063,"standard_error":0.0016902144238492675}}