{"mean":{"confidence_interval":{"confidence_level":0.95,"lower_bound":-0.8615499513592297,"upper_bound":-0.8614367011763192},"point_estimate":-0.861490127307446,"standard_error":0.000028615638194065363},"median":{"confidence_interval":{"confidence_level":0.95,"lower_bound":-0.8615188704147999,"upper_bound":-0.861452157183362},"point_estimate":-0.861485831159295,"standard_error":0.000017194247451975402}}