{"mean":{"confidence_interval":{"confidence_level":0.95,"lower_bound":-0.00036775342542663675,"upper_bound":0.0015664989444186647},"point_estimate":0.00044266898758626994,"standard_error":0.0004904893444869756},"median":{"confidence_interval":{"confidence_level":0.95,"lower_bound":-0.0002786207087520197,"upper_bound":0.00013389459535217973},"point_estimate":-0.00007652757588361148,"standard_error":0.00010609608684688576}}