{"mean":{"confidence_interval":{"confidence_level":0.95,"lower_bound":-0.004740378368037931,"upper_bound":-0.0015472231983558462},"point_estimate":-0.002997723119145146,"standard_error":0.0008169167440237077},"median":{"confidence_interval":{"confidence_level":0.95,"lower_bound":-0.0024599792541432075,"upper_bound":-0.000884972355917446},"point_estimate":-0.0016478972377304002,"standard_error":0.00038449993303052584}}