{"mean":{"confidence_interval":{"confidence_level":0.95,"lower_bound":-0.8943897429356334,"upper_bound":-0.8940224371161082},"point_estimate":-0.8941841508445182,"standard_error":0.0000944342909736921},"median":{"confidence_interval":{"confidence_level":0.95,"lower_bound":-0.8941680337965954,"upper_bound":-0.8940693097673251},"point_estimate":-0.8941198284754288,"standard_error":0.000026277947019869824}}