{"mean":{"confidence_interval":{"confidence_level":0.95,"lower_bound":-0.0016302907214482295,"upper_bound":0.002877918255652639},"point_estimate":0.0007368015419579876,"standard_error":0.0011531873093605495},"median":{"confidence_interval":{"confidence_level":0.95,"lower_bound":0.00018879575081975908,"upper_bound":0.0026175484903104744},"point_estimate":0.0012378114008244623,"standard_error":0.0005837059372510224}}