{"mean":{"confidence_interval":{"confidence_level":0.95,"lower_bound":-0.9487852572580193,"upper_bound":-0.9485755140984368},"point_estimate":-0.9486764104450913,"standard_error":0.00005334444875140517},"median":{"confidence_interval":{"confidence_level":0.95,"lower_bound":-0.948653696847445,"upper_bound":-0.9485526985969975},"point_estimate":-0.948607868694781,"standard_error":0.000028992908892025237}}