{"mean":{"confidence_interval":{"confidence_level":0.95,"lower_bound":-0.010943851143487306,"upper_bound":-0.0044769670881165315},"point_estimate":-0.007667313709628476,"standard_error":0.001650973666440306},"median":{"confidence_interval":{"confidence_level":0.95,"lower_bound":-0.007007601135644803,"upper_bound":-0.002240094863242059},"point_estimate":-0.004389906914923913,"standard_error":0.001254775097244447}}