{"mean":{"confidence_interval":{"confidence_level":0.95,"lower_bound":-0.0004191839937247584,"upper_bound":0.0004615462062411035},"point_estimate":0.000010183758487825045,"standard_error":0.00022417762001443407},"median":{"confidence_interval":{"confidence_level":0.95,"lower_bound":-0.0002600781228694109,"upper_bound":0.0004173536288674118},"point_estimate":0.000054528193199399055,"standard_error":0.0001705384002686049}}