{"mean":{"confidence_interval":{"confidence_level":0.95,"lower_bound":-0.9319376414546094,"upper_bound":-0.9318037293787929},"point_estimate":-0.9318577462892175,"standard_error":0.000035208301686236606},"median":{"confidence_interval":{"confidence_level":0.95,"lower_bound":-0.9318424355157449,"upper_bound":-0.9318127005818949},"point_estimate":-0.9318315779545477,"standard_error":7.742657151971228e-6}}