{"mean":{"confidence_interval":{"confidence_level":0.95,"lower_bound":-0.001658043960029501,"upper_bound":0.00064820047083049},"point_estimate":-0.00036129937667772616,"standard_error":0.0005863316613072153},"median":{"confidence_interval":{"confidence_level":0.95,"lower_bound":-0.00031032921787521595,"upper_bound":0.0002273646107684435},"point_estimate":-0.000038845563579026354,"standard_error":0.00013153911286283745}}