{"mean":{"confidence_interval":{"confidence_level":0.95,"lower_bound":5.27463920865132,"upper_bound":5.276991150101474},"point_estimate":5.275756770078984,"standard_error":0.0006001656564853995},"median":{"confidence_interval":{"confidence_level":0.95,"lower_bound":5.273164084590663,"upper_bound":5.274756610192332},"point_estimate":5.273981108776947,"standard_error":0.00039848558462857555},"median_abs_dev":{"confidence_interval":{"confidence_level":0.95,"lower_bound":0.0025187161298135187,"upper_bound":0.0046532777390847204},"point_estimate":0.003552859386572735,"standard_error":0.000552892323665685},"slope":{"confidence_interval":{"confidence_level":0.95,"lower_bound":5.274384705270511,"upper_bound":5.276422126875489},"point_estimate":5.275340172854709,"standard_error":0.0005194562162643269},"std_dev":{"confidence_interval":{"confidence_level":0.95,"lower_bound":0.004421647330247982,"upper_bound":0.007618266112373935},"point_estimate":0.006016905768164287,"standard_error":0.0008293694988251557}}