{"mean":{"confidence_interval":{"confidence_level":0.95,"lower_bound":-0.890444817870231,"upper_bound":-0.8902820191521845},"point_estimate":-0.8903652047113568,"standard_error":0.00004169281946827634},"median":{"confidence_interval":{"confidence_level":0.95,"lower_bound":-0.8904529148709969,"upper_bound":-0.8903880896633328},"point_estimate":-0.8904170937967961,"standard_error":0.000016370269223338228}}