{"mean":{"confidence_interval":{"confidence_level":0.95,"lower_bound":3.5212277661182636,"upper_bound":3.5263810862691733},"point_estimate":3.5238078744484973,"standard_error":0.0013156185349966663},"median":{"confidence_interval":{"confidence_level":0.95,"lower_bound":3.5222549844715645,"upper_bound":3.527741078519004},"point_estimate":3.524563496215658,"standard_error":0.0013551624609859738},"median_abs_dev":{"confidence_interval":{"confidence_level":0.95,"lower_bound":0.009471198574298227,"upper_bound":0.016529745255798846},"point_estimate":0.012975847090437927,"standard_error":0.0017577752928223415},"slope":{"confidence_interval":{"confidence_level":0.95,"lower_bound":3.5227485253527364,"upper_bound":3.527236807716902},"point_estimate":3.525007335913382,"standard_error":0.0011464418281059866},"std_dev":{"confidence_interval":{"confidence_level":0.95,"lower_bound":0.011474077718430837,"upper_bound":0.014783550066674906},"point_estimate":0.013231406051894651,"standard_error":0.0008415072025500578}}