{"mean":{"confidence_interval":{"confidence_level":0.95,"lower_bound":-0.948572361278517,"upper_bound":-0.9485429753750734},"point_estimate":-0.9485568842380019,"standard_error":7.610987476367401e-6},"median":{"confidence_interval":{"confidence_level":0.95,"lower_bound":-0.9485772336220991,"upper_bound":-0.9485509650473167},"point_estimate":-0.9485640960945859,"standard_error":6.704843588283821e-6}}