{"mean":{"confidence_interval":{"confidence_level":0.95,"lower_bound":-0.9256639345772436,"upper_bound":-0.925134543798968},"point_estimate":-0.9254184716285021,"standard_error":0.00014001641084138795},"median":{"confidence_interval":{"confidence_level":0.95,"lower_bound":-0.9260303514823897,"upper_bound":-0.9259422746559617},"point_estimate":-0.925992220110131,"standard_error":0.00002234863198924485}}