{"mean":{"confidence_interval":{"confidence_level":0.95,"lower_bound":-0.0031280744773872268,"upper_bound":-7.377249168060575e-6},"point_estimate":-0.0013760435625251866,"standard_error":0.0008042336085051663},"median":{"confidence_interval":{"confidence_level":0.95,"lower_bound":-0.00055135015223573,"upper_bound":0.00039286535936522426},"point_estimate":-0.00010312323481365127,"standard_error":0.00024398076201191863}}