{"mean":{"confidence_interval":{"confidence_level":0.95,"lower_bound":1.596044134269113,"upper_bound":1.5987054723664844},"point_estimate":1.5971968472109352,"standard_error":0.0006852415579259294},"median":{"confidence_interval":{"confidence_level":0.95,"lower_bound":1.5944784076954015,"upper_bound":1.5959083468591837},"point_estimate":1.5951502853718533,"standard_error":0.0003451200558954437},"median_abs_dev":{"confidence_interval":{"confidence_level":0.95,"lower_bound":0.0017445434633434423,"upper_bound":0.003612126625311086},"point_estimate":0.0026639288191967064,"standard_error":0.000471303409549265},"slope":{"confidence_interval":{"confidence_level":0.95,"lower_bound":1.5973576713632693,"upper_bound":1.601413160969842},"point_estimate":1.5991649402325383,"standard_error":0.0010450819499381904},"std_dev":{"confidence_interval":{"confidence_level":0.95,"lower_bound":0.003351680824756713,"upper_bound":0.010461077949052346},"point_estimate":0.006876327029636795,"standard_error":0.0021314676051842553}}