{"mean":{"confidence_interval":{"confidence_level":0.95,"lower_bound":-0.0008042880375510317,"upper_bound":0.00014877318176560451},"point_estimate":-0.0003310887721978961,"standard_error":0.0002432810004667707},"median":{"confidence_interval":{"confidence_level":0.95,"lower_bound":-0.000482179892561776,"upper_bound":0.00017242432603348234},"point_estimate":-0.00010118180724782988,"standard_error":0.00016593097543731117}}