{"mean":{"confidence_interval":{"confidence_level":0.95,"lower_bound":-0.000558155687670036,"upper_bound":0.0024830767715280917},"point_estimate":0.0009374768365730812,"standard_error":0.0007641639733876033},"median":{"confidence_interval":{"confidence_level":0.95,"lower_bound":-0.00004629314848403343,"upper_bound":0.001900255172347487},"point_estimate":0.0009284474915074448,"standard_error":0.0004948703155870039}}