{"mean":{"confidence_interval":{"confidence_level":0.95,"lower_bound":0.7759186394134633,"upper_bound":0.7793849214921279},"point_estimate":0.7774768040025415,"standard_error":0.0008874108248547319},"median":{"confidence_interval":{"confidence_level":0.95,"lower_bound":0.7743542616627578,"upper_bound":0.7750821049615343},"point_estimate":0.7747383971379759,"standard_error":0.00021393438631055737},"median_abs_dev":{"confidence_interval":{"confidence_level":0.95,"lower_bound":0.0007816665028224256,"upper_bound":0.00172368549485387},"point_estimate":0.0012909017997751549,"standard_error":0.00028198016547762334},"slope":{"confidence_interval":{"confidence_level":0.95,"lower_bound":0.7750250531851409,"upper_bound":0.7766128290788272},"point_estimate":0.7756987486940553,"standard_error":0.0004112830910037118},"std_dev":{"confidence_interval":{"confidence_level":0.95,"lower_bound":0.00423085641371943,"upper_bound":0.012340898186548046},"point_estimate":0.008928596225389485,"standard_error":0.0020035002539371223}}