{"mean":{"confidence_interval":{"confidence_level":0.95,"lower_bound":-0.002904995250017949,"upper_bound":0.00006550640252188024},"point_estimate":-0.0012089135848262211,"standard_error":0.0007672485365120088},"median":{"confidence_interval":{"confidence_level":0.95,"lower_bound":-0.000226882771296416,"upper_bound":0.00020612814683551584},"point_estimate":-0.0000381004738437829,"standard_error":0.0001132268220176645}}