{"mean":{"confidence_interval":{"confidence_level":0.95,"lower_bound":4.061455326983448,"upper_bound":4.063066511733601},"point_estimate":4.062216582959807,"standard_error":0.00041111813522558537},"median":{"confidence_interval":{"confidence_level":0.95,"lower_bound":4.060428773360094,"upper_bound":4.061875395445426},"point_estimate":4.06119572937809,"standard_error":0.0003577014300113482},"median_abs_dev":{"confidence_interval":{"confidence_level":0.95,"lower_bound":0.0021483159074206747,"upper_bound":0.0036714968634510375},"point_estimate":0.0027278309181608834,"standard_error":0.0003832500207851388},"slope":{"confidence_interval":{"confidence_level":0.95,"lower_bound":4.061302003059745,"upper_bound":4.063869783928462},"point_estimate":4.062429499743948,"standard_error":0.00066184808041809},"std_dev":{"confidence_interval":{"confidence_level":0.95,"lower_bound":0.0029650630781557856,"upper_bound":0.0053805947818263405},"point_estimate":0.004139228138242912,"standard_error":0.0006435996023809987}}