{"mean":{"confidence_interval":{"confidence_level":0.95,"lower_bound":-0.9144881363400694,"upper_bound":-0.914434694942218},"point_estimate":-0.9144604191829672,"standard_error":0.000013609900040687056},"median":{"confidence_interval":{"confidence_level":0.95,"lower_bound":-0.9144649426455992,"upper_bound":-0.9144354320895541},"point_estimate":-0.9144498014357457,"standard_error":7.254162564975516e-6}}