{"mean":{"confidence_interval":{"confidence_level":0.95,"lower_bound":-0.9073354761204778,"upper_bound":-0.9071647900599672},"point_estimate":-0.9072462729274645,"standard_error":0.000043547083134114},"median":{"confidence_interval":{"confidence_level":0.95,"lower_bound":-0.9073562542859668,"upper_bound":-0.9072138721688542},"point_estimate":-0.907281960321119,"standard_error":0.000033661119634872025}}