{"mean":{"confidence_interval":{"confidence_level":0.95,"lower_bound":1.6153147896705036,"upper_bound":1.6216770936197518},"point_estimate":1.6184083830342482,"standard_error":0.0016222819981731886},"median":{"confidence_interval":{"confidence_level":0.95,"lower_bound":1.6179836399972853,"upper_bound":1.6211756876110448},"point_estimate":1.6196122316436945,"standard_error":0.0007397943118394661},"median_abs_dev":{"confidence_interval":{"confidence_level":0.95,"lower_bound":0.005560195549306555,"upper_bound":0.01219393814476841},"point_estimate":0.008131395339580492,"standard_error":0.0016797511524660857},"slope":{"confidence_interval":{"confidence_level":0.95,"lower_bound":1.607964720591488,"upper_bound":1.61567993937556},"point_estimate":1.611749441617854,"standard_error":0.0019697337313931158},"std_dev":{"confidence_interval":{"confidence_level":0.95,"lower_bound":0.012177826021514404,"upper_bound":0.020460859382552734},"point_estimate":0.016304097364009614,"standard_error":0.0021419176013557878}}