{"mean":{"confidence_interval":{"confidence_level":0.95,"lower_bound":24.615164824100333,"upper_bound":24.75039150337329},"point_estimate":24.674848914744853,"standard_error":0.03432330038131557},"median":{"confidence_interval":{"confidence_level":0.95,"lower_bound":24.600832030722714,"upper_bound":24.60828040011452},"point_estimate":24.604013454847653,"standard_error":0.0021340241582137767},"median_abs_dev":{"confidence_interval":{"confidence_level":0.95,"lower_bound":0.01149443951814274,"upper_bound":0.02085403450000689},"point_estimate":0.015140984886723689,"standard_error":0.0021837026595368024},"slope":{"confidence_interval":{"confidence_level":0.95,"lower_bound":24.612343146873805,"upper_bound":24.735425674584487},"point_estimate":24.6582385207802,"standard_error":0.03313531828356736},"std_dev":{"confidence_interval":{"confidence_level":0.95,"lower_bound":0.04327135383925159,"upper_bound":0.511480301504166},"point_estimate":0.3457290814548265,"standard_error":0.10821811144411564}}