{"mean":{"confidence_interval":{"confidence_level":0.95,"lower_bound":0.3878238888485072,"upper_bound":0.38802640538610067},"point_estimate":0.38791827919527017,"standard_error":0.00005167203041929719},"median":{"confidence_interval":{"confidence_level":0.95,"lower_bound":0.3877231898754334,"upper_bound":0.387853483968494},"point_estimate":0.3877763124259229,"standard_error":0.00003161168259256157},"median_abs_dev":{"confidence_interval":{"confidence_level":0.95,"lower_bound":0.00020642284534401698,"upper_bound":0.0003968737687938188},"point_estimate":0.00027572879973651306,"standard_error":0.00004770513189722121},"slope":{"confidence_interval":{"confidence_level":0.95,"lower_bound":0.38780224772050503,"upper_bound":0.3879504548992536},"point_estimate":0.38787136713513676,"standard_error":0.00003803190462153067},"std_dev":{"confidence_interval":{"confidence_level":0.95,"lower_bound":0.000345345300437339,"upper_bound":0.000679978901661511},"point_estimate":0.000519481648500406,"standard_error":0.00008646998656361374}}