{"mean":{"confidence_interval":{"confidence_level":0.95,"lower_bound":-0.00038851165748983446,"upper_bound":0.003019497310388185},"point_estimate":0.0010764972347201418,"standard_error":0.0008878976656629532},"median":{"confidence_interval":{"confidence_level":0.95,"lower_bound":-0.0005778760536180316,"upper_bound":0.0003686681238568301},"point_estimate":-0.00004474099329676573,"standard_error":0.00023037839169519152}}