{"mean":{"confidence_interval":{"confidence_level":0.95,"lower_bound":-0.02278062259718992,"upper_bound":-0.020304323462793684},"point_estimate":-0.02142930834851886,"standard_error":0.0006341610644254673},"median":{"confidence_interval":{"confidence_level":0.95,"lower_bound":-0.021753195158635844,"upper_bound":-0.01997900056438673},"point_estimate":-0.020912152478126944,"standard_error":0.00042486703152776173}}