{"mean":{"confidence_interval":{"confidence_level":0.95,"lower_bound":-0.9522277320659283,"upper_bound":-0.9517961319420801},"point_estimate":-0.951992160881389,"standard_error":0.00011077167667761512},"median":{"confidence_interval":{"confidence_level":0.95,"lower_bound":-0.9516045388696666,"upper_bound":-0.9515627657662928},"point_estimate":-0.9515767809034819,"standard_error":0.000011018807220863}}