{"mean":{"confidence_interval":{"confidence_level":0.95,"lower_bound":-0.0011056753537040608,"upper_bound":0.0029507306111945684},"point_estimate":0.0004828254938769039,"standard_error":0.001035881139209952},"median":{"confidence_interval":{"confidence_level":0.95,"lower_bound":-0.0004028414453473017,"upper_bound":0.00023773349122713228},"point_estimate":-0.00014416113551496412,"standard_error":0.00015206678031998982}}