{"mean":{"confidence_interval":{"confidence_level":0.95,"lower_bound":-0.9513780906789396,"upper_bound":-0.9512244007332874},"point_estimate":-0.951317635949837,"standard_error":0.00004051152040422927},"median":{"confidence_interval":{"confidence_level":0.95,"lower_bound":-0.9514180405064104,"upper_bound":-0.9513525361950731},"point_estimate":-0.9513775126933917,"standard_error":0.000016790224620256284}}