{"mean":{"confidence_interval":{"confidence_level":0.95,"lower_bound":-0.0006808121291234368,"upper_bound":0.001270389838481733},"point_estimate":0.00030911127332711175,"standard_error":0.0005091882166239205},"median":{"confidence_interval":{"confidence_level":0.95,"lower_bound":-0.0003549490135427158,"upper_bound":0.0001544585564035028},"point_estimate":-0.0001183320840342228,"standard_error":0.000129129388467896}}