{"mean":{"confidence_interval":{"confidence_level":0.95,"lower_bound":0.0002951086213310694,"upper_bound":0.0015545737353117317},"point_estimate":0.0008813057395544721,"standard_error":0.00031975874553083846},"median":{"confidence_interval":{"confidence_level":0.95,"lower_bound":-0.00004713455368565711,"upper_bound":0.0005784200586873567},"point_estimate":0.00027062696313606693,"standard_error":0.0001656345641015115}}