{"mean":{"confidence_interval":{"confidence_level":0.95,"lower_bound":-0.9529560509254978,"upper_bound":-0.9528122279037015},"point_estimate":-0.9528752306271754,"standard_error":0.00003724179189462259},"median":{"confidence_interval":{"confidence_level":0.95,"lower_bound":-0.9528284780363463,"upper_bound":-0.9528095027502004},"point_estimate":-0.952820163876562,"standard_error":4.87645506098861e-6}}