{"mean":{"confidence_interval":{"confidence_level":0.95,"lower_bound":-0.0003318607638162686,"upper_bound":0.002077056867078823},"point_estimate":0.0009273059203747103,"standard_error":0.0006131694835599344},"median":{"confidence_interval":{"confidence_level":0.95,"lower_bound":-0.00025037900946056624,"upper_bound":0.001322213730204691},"point_estimate":0.00045632407251394724,"standard_error":0.00041740606283391515}}