{"mean":{"confidence_interval":{"confidence_level":0.95,"lower_bound":-0.9293939592492871,"upper_bound":-0.9293390268523967},"point_estimate":-0.9293659523449256,"standard_error":0.000014033937266438834},"median":{"confidence_interval":{"confidence_level":0.95,"lower_bound":-0.9293771995201653,"upper_bound":-0.9293416016031503},"point_estimate":-0.9293583082818969,"standard_error":9.223655047868549e-6}}