{"mean":{"confidence_interval":{"confidence_level":0.95,"lower_bound":-0.0030300565020804303,"upper_bound":0.0005592241088064378},"point_estimate":-0.0011294667915952017,"standard_error":0.0009165522519300789},"median":{"confidence_interval":{"confidence_level":0.95,"lower_bound":-0.0008932209879534271,"upper_bound":0.0001954631673229767},"point_estimate":-0.0004054983316920113,"standard_error":0.00027930800896195713}}