{"mean":{"confidence_interval":{"confidence_level":0.95,"lower_bound":-0.9497057051123436,"upper_bound":-0.949515730740872},"point_estimate":-0.9496021913590982,"standard_error":0.000048934100814451537},"median":{"confidence_interval":{"confidence_level":0.95,"lower_bound":-0.9495318939598192,"upper_bound":-0.9495070284334363},"point_estimate":-0.9495174055962957,"standard_error":6.885005826633483e-6}}