{"mean":{"confidence_interval":{"confidence_level":0.95,"lower_bound":-0.00029285966780913104,"upper_bound":0.0010568575290357638},"point_estimate":0.000319099733518291,"standard_error":0.00033989725332501995},"median":{"confidence_interval":{"confidence_level":0.95,"lower_bound":-0.00015085444564255646,"upper_bound":0.00026454112270666284},"point_estimate":0.00007448274671073563,"standard_error":0.00010736045931706451}}