{"mean":{"confidence_interval":{"confidence_level":0.95,"lower_bound":16.139395037681357,"upper_bound":16.157463317028842},"point_estimate":16.147536069931498,"standard_error":0.0046273456787643075},"median":{"confidence_interval":{"confidence_level":0.95,"lower_bound":16.131243078762193,"upper_bound":16.13586894295546},"point_estimate":16.133497913231388,"standard_error":0.0012851881673593575},"median_abs_dev":{"confidence_interval":{"confidence_level":0.95,"lower_bound":0.008795940425793373,"upper_bound":0.016794119981615323},"point_estimate":0.01285658347551854,"standard_error":0.0021083280752095535},"slope":{"confidence_interval":{"confidence_level":0.95,"lower_bound":16.135223358577417,"upper_bound":16.145073266605},"point_estimate":16.139796587561456,"standard_error":0.0025114216816133853},"std_dev":{"confidence_interval":{"confidence_level":0.95,"lower_bound":0.023784930665093955,"upper_bound":0.06528667307084803},"point_estimate":0.046588953716308265,"standard_error":0.010674417520234906}}