{"mean":{"confidence_interval":{"confidence_level":0.95,"lower_bound":0.7368637011042312,"upper_bound":0.7371813622012913},"point_estimate":0.7370131936564076,"standard_error":0.00008112003042343632},"median":{"confidence_interval":{"confidence_level":0.95,"lower_bound":0.7365825789554143,"upper_bound":0.737001293660752},"point_estimate":0.7367935724440707,"standard_error":0.00010779878362619449},"median_abs_dev":{"confidence_interval":{"confidence_level":0.95,"lower_bound":0.00037457697793852676,"upper_bound":0.0007395180490605025},"point_estimate":0.0006089117483794707,"standard_error":0.00009308874161533171},"slope":{"confidence_interval":{"confidence_level":0.95,"lower_bound":0.7368330408217296,"upper_bound":0.7372195794499122},"point_estimate":0.7370055674864342,"standard_error":0.00009897182154146162},"std_dev":{"confidence_interval":{"confidence_level":0.95,"lower_bound":0.0005544759909702882,"upper_bound":0.001066744749280109},"point_estimate":0.0008157314166458489,"standard_error":0.0001338044370765524}}