{"mean":{"confidence_interval":{"confidence_level":0.95,"lower_bound":-0.0005309359821750653,"upper_bound":0.0003943448737401207},"point_estimate":-0.000053106551712311933,"standard_error":0.0002367264061752763},"median":{"confidence_interval":{"confidence_level":0.95,"lower_bound":-0.0001978780676860719,"upper_bound":0.0003854920961372521},"point_estimate":0.00004823348877991407,"standard_error":0.00014915614863035992}}