{"mean":{"confidence_interval":{"confidence_level":0.95,"lower_bound":2.1723709083601612,"upper_bound":2.1802897010692273},"point_estimate":2.175497985400879,"standard_error":0.0021028023134269476},"median":{"confidence_interval":{"confidence_level":0.95,"lower_bound":2.1715372750191437,"upper_bound":2.1721969756537955},"point_estimate":2.17174581440195,"standard_error":0.00017924701727033178},"median_abs_dev":{"confidence_interval":{"confidence_level":0.95,"lower_bound":0.0012340488176832546,"upper_bound":0.002180583574588333},"point_estimate":0.0015759609665412528,"standard_error":0.00024355775759497334},"slope":{"confidence_interval":{"confidence_level":0.95,"lower_bound":2.171932192605253,"upper_bound":2.1817215709916638},"point_estimate":2.1756194940652422,"standard_error":0.0026384215235218857},"std_dev":{"confidence_interval":{"confidence_level":0.95,"lower_bound":0.0027871094428793073,"upper_bound":0.03456660104549225},"point_estimate":0.021177395826763694,"standard_error":0.009054536620417459}}