{"mean":{"confidence_interval":{"confidence_level":0.95,"lower_bound":-0.2941604418294354,"upper_bound":-0.2934733240569755},"point_estimate":-0.2938466780687162,"standard_error":0.00017145408038971895},"median":{"confidence_interval":{"confidence_level":0.95,"lower_bound":-0.29409319808148005,"upper_bound":-0.29379098353499117},"point_estimate":-0.29394025750440256,"standard_error":0.0000786924125019089}}