{"mean":{"confidence_interval":{"confidence_level":0.95,"lower_bound":-0.8125666084648538,"upper_bound":-0.8124307672272811},"point_estimate":-0.8125009673324752,"standard_error":0.00003438422297533917},"median":{"confidence_interval":{"confidence_level":0.95,"lower_bound":-0.8125507373920933,"upper_bound":-0.8124756084891944},"point_estimate":-0.8125200203198845,"standard_error":0.00001899121056066028}}