{"mean":{"confidence_interval":{"confidence_level":0.95,"lower_bound":-0.9360253552184841,"upper_bound":-0.935822279536305},"point_estimate":-0.9359302603037476,"standard_error":0.00005128660590992111},"median":{"confidence_interval":{"confidence_level":0.95,"lower_bound":-0.9358981762229325,"upper_bound":-0.9358280441523033},"point_estimate":-0.9358706609525511,"standard_error":0.000018563867818121822}}