{"mean":{"confidence_interval":{"confidence_level":0.95,"lower_bound":7.19100273108854e-6,"upper_bound":0.0008228325983774818},"point_estimate":0.0004116747474718352,"standard_error":0.0002071033943994576},"median":{"confidence_interval":{"confidence_level":0.95,"lower_bound":-0.00016393825375328732,"upper_bound":0.00046650343709722484},"point_estimate":0.000095426628438533,"standard_error":0.0001515664617258572}}