{"mean":{"confidence_interval":{"confidence_level":0.95,"lower_bound":0.4653790294442443,"upper_bound":0.46558683647519744},"point_estimate":0.4654784639515753,"standard_error":0.000052905105463312267},"median":{"confidence_interval":{"confidence_level":0.95,"lower_bound":0.4652320568210293,"upper_bound":0.46538408636533724},"point_estimate":0.46529488452795076,"standard_error":0.000042287939610898876},"median_abs_dev":{"confidence_interval":{"confidence_level":0.95,"lower_bound":0.00021683521389708754,"upper_bound":0.000446149508125291},"point_estimate":0.00031932970392509115,"standard_error":0.00005755716432795453},"slope":{"confidence_interval":{"confidence_level":0.95,"lower_bound":0.46534815346218716,"upper_bound":0.46554284437321836},"point_estimate":0.4654383877405772,"standard_error":0.00004958016033374536},"std_dev":{"confidence_interval":{"confidence_level":0.95,"lower_bound":0.0003958111298429213,"upper_bound":0.0006540919679348799},"point_estimate":0.0005330738544078993,"standard_error":0.00006606543628415945}}