{"mean":{"confidence_interval":{"confidence_level":0.95,"lower_bound":1.316308427796415,"upper_bound":1.3169481447774305},"point_estimate":1.3166156957310213,"standard_error":0.0001634359024015596},"median":{"confidence_interval":{"confidence_level":0.95,"lower_bound":1.3159441310449367,"upper_bound":1.3165409244185136},"point_estimate":1.3162281568542413,"standard_error":0.00017509053489140746},"median_abs_dev":{"confidence_interval":{"confidence_level":0.95,"lower_bound":0.000921967985405025,"upper_bound":0.0017291524382144943},"point_estimate":0.0013024087959494363,"standard_error":0.00019068704393349924},"slope":{"confidence_interval":{"confidence_level":0.95,"lower_bound":1.3160978814791957,"upper_bound":1.316703833092615},"point_estimate":1.316387017064992,"standard_error":0.00015463701524995712},"std_dev":{"confidence_interval":{"confidence_level":0.95,"lower_bound":0.0012664938940187543,"upper_bound":0.0019863146598440157},"point_estimate":0.0016465051034980547,"standard_error":0.00018418587357213204}}