{"mean":{"confidence_interval":{"confidence_level":0.95,"lower_bound":-0.9118108141194039,"upper_bound":-0.9117536026334933},"point_estimate":-0.9117820036938046,"standard_error":0.000014594732637391698},"median":{"confidence_interval":{"confidence_level":0.95,"lower_bound":-0.9117966286099575,"upper_bound":-0.9117548287947457},"point_estimate":-0.9117771847246641,"standard_error":0.000010343521242539795}}