{"mean":{"confidence_interval":{"confidence_level":0.95,"lower_bound":-0.00219254778519469,"upper_bound":-0.00089308898187763},"point_estimate":-0.0015216281793075659,"standard_error":0.0003301933120469122},"median":{"confidence_interval":{"confidence_level":0.95,"lower_bound":-0.0009977418114471837,"upper_bound":-0.00016773700985850404},"point_estimate":-0.0006601520706113195,"standard_error":0.00021511642284762365}}