{"mean":{"confidence_interval":{"confidence_level":0.95,"lower_bound":-0.00016781829913538316,"upper_bound":0.0008542136752745066},"point_estimate":0.00030563151113138787,"standard_error":0.0002635768265684164},"median":{"confidence_interval":{"confidence_level":0.95,"lower_bound":-0.00031029770634749543,"upper_bound":0.00028981730288979435},"point_estimate":-0.000014833616047482678,"standard_error":0.00015538458166132425}}