{"mean":{"confidence_interval":{"confidence_level":0.95,"lower_bound":0.6213889076392446,"upper_bound":0.6222052649559214},"point_estimate":0.6217373941926803,"standard_error":0.00021018844941544612},"median":{"confidence_interval":{"confidence_level":0.95,"lower_bound":0.6211470279163567,"upper_bound":0.6213910747477472},"point_estimate":0.6212373815534462,"standard_error":0.000067199114097715},"median_abs_dev":{"confidence_interval":{"confidence_level":0.95,"lower_bound":0.00032219736217077805,"upper_bound":0.0006801309664880604},"point_estimate":0.00043834262765542816,"standard_error":0.00009637026658040285},"slope":{"confidence_interval":{"confidence_level":0.95,"lower_bound":0.6214077484788336,"upper_bound":0.6217950845579925},"point_estimate":0.621585590411411,"standard_error":0.00009926363389021689},"std_dev":{"confidence_interval":{"confidence_level":0.95,"lower_bound":0.0008505759760847171,"upper_bound":0.0032737117816193408},"point_estimate":0.002116530423092039,"standard_error":0.0006855127741003092}}