{"mean":{"confidence_interval":{"confidence_level":0.95,"lower_bound":0.0032801573178527555,"upper_bound":0.006626760987023144},"point_estimate":0.0048607925555770315,"standard_error":0.0008728504866876745},"median":{"confidence_interval":{"confidence_level":0.95,"lower_bound":0.004509308574006887,"upper_bound":0.005118926683673974},"point_estimate":0.004862921344546134,"standard_error":0.00015371389768037243}}