{"mean":{"confidence_interval":{"confidence_level":0.95,"lower_bound":-0.9595087326040879,"upper_bound":-0.9592931947705872},"point_estimate":-0.9594046406354627,"standard_error":0.000054957965951805165},"median":{"confidence_interval":{"confidence_level":0.95,"lower_bound":-0.9594148066499382,"upper_bound":-0.9593946364095942},"point_estimate":-0.9594044549535462,"standard_error":4.978826257604169e-6}}