{"mean":{"confidence_interval":{"confidence_level":0.95,"lower_bound":-0.00637687419179598,"upper_bound":-0.0025852432339158542},"point_estimate":-0.004466000596820896,"standard_error":0.0009656760204428633},"median":{"confidence_interval":{"confidence_level":0.95,"lower_bound":-0.006580269727916144,"upper_bound":-0.002470608082900273},"point_estimate":-0.004441651831004756,"standard_error":0.0010654503847364282}}