{"mean":{"confidence_interval":{"confidence_level":0.95,"lower_bound":0.6214464480174969,"upper_bound":0.6222694888975595},"point_estimate":0.6218052539567498,"standard_error":0.00021220809214670937},"median":{"confidence_interval":{"confidence_level":0.95,"lower_bound":0.6211988139671326,"upper_bound":0.6214626534997464},"point_estimate":0.6213100355116321,"standard_error":0.00007017246717348577},"median_abs_dev":{"confidence_interval":{"confidence_level":0.95,"lower_bound":0.0004779418056436593,"upper_bound":0.0007880029161121123},"point_estimate":0.0005939856153523411,"standard_error":0.00008063391318635441},"slope":{"confidence_interval":{"confidence_level":0.95,"lower_bound":0.6213816195884517,"upper_bound":0.6216764206638044},"point_estimate":0.6215216254623686,"standard_error":0.00007549222290276606},"std_dev":{"confidence_interval":{"confidence_level":0.95,"lower_bound":0.0008127055290579147,"upper_bound":0.0031436001241670073},"point_estimate":0.002132065005670813,"standard_error":0.0006176524239173971}}