{"mean":{"confidence_interval":{"confidence_level":0.95,"lower_bound":-0.8899290292168773,"upper_bound":-0.8898241218332509},"point_estimate":-0.8898770868836776,"standard_error":0.00002663074363391221},"median":{"confidence_interval":{"confidence_level":0.95,"lower_bound":-0.8899901706181386,"upper_bound":-0.8898903816094902},"point_estimate":-0.8899303313388641,"standard_error":0.000024305812800840883}}