{"mean":{"confidence_interval":{"confidence_level":0.95,"lower_bound":-0.9593631627232997,"upper_bound":-0.9591893163795859},"point_estimate":-0.9592767830119385,"standard_error":0.00004419453584998472},"median":{"confidence_interval":{"confidence_level":0.95,"lower_bound":-0.9592997662949068,"upper_bound":-0.9592250320219012},"point_estimate":-0.9592386330563825,"standard_error":0.000018981045077384706}}