{"mean":{"confidence_interval":{"confidence_level":0.95,"lower_bound":0.465408727373483,"upper_bound":0.4660118893158855},"point_estimate":0.4656419699946276,"standard_error":0.0001613442180253072},"median":{"confidence_interval":{"confidence_level":0.95,"lower_bound":0.4652659465669856,"upper_bound":0.4654602033121302},"point_estimate":0.46539498211647307,"standard_error":0.00004744190360247824},"median_abs_dev":{"confidence_interval":{"confidence_level":0.95,"lower_bound":0.00023455168079876377,"upper_bound":0.00041259885965965094},"point_estimate":0.00032861305474303775,"standard_error":0.00004493454698668727},"slope":{"confidence_interval":{"confidence_level":0.95,"lower_bound":0.46535910484112625,"upper_bound":0.46551446747086944},"point_estimate":0.4654335924493997,"standard_error":0.00003984673905407921},"std_dev":{"confidence_interval":{"confidence_level":0.95,"lower_bound":0.0004397717001230663,"upper_bound":0.0026603499046148767},"point_estimate":0.0016136467482010528,"standard_error":0.0007327460441480194}}