{"mean":{"confidence_interval":{"confidence_level":0.95,"lower_bound":0.00026657017979617734,"upper_bound":0.0017127531508033366},"point_estimate":0.0008832429948448794,"standard_error":0.0003678275881584472},"median":{"confidence_interval":{"confidence_level":0.95,"lower_bound":9.885598504233428e-6,"upper_bound":0.0006532763824820265},"point_estimate":0.0002974808778763993,"standard_error":0.00018229258507884745}}