{"mean":{"confidence_interval":{"confidence_level":0.95,"lower_bound":-0.9015846965323726,"upper_bound":-0.901516348802962},"point_estimate":-0.9015505029985745,"standard_error":0.0000173620809873545},"median":{"confidence_interval":{"confidence_level":0.95,"lower_bound":-0.9016109522061926,"upper_bound":-0.9015560001986858},"point_estimate":-0.9015858820352483,"standard_error":0.000014518486731149031}}