{"mean":{"confidence_interval":{"confidence_level":0.95,"lower_bound":-0.8637579647469659,"upper_bound":-0.8635413932319315},"point_estimate":-0.8636485829072399,"standard_error":0.00005516276856626318},"median":{"confidence_interval":{"confidence_level":0.95,"lower_bound":-0.8638081910595923,"upper_bound":-0.8635276450749703},"point_estimate":-0.8636342457532503,"standard_error":0.00006249593991684179}}