{"mean":{"confidence_interval":{"confidence_level":0.95,"lower_bound":-0.8932120298954389,"upper_bound":-0.8928783294675263},"point_estimate":-0.8930227976033123,"standard_error":0.00008612456220474287},"median":{"confidence_interval":{"confidence_level":0.95,"lower_bound":-0.8928839966744284,"upper_bound":-0.8928375309114166},"point_estimate":-0.8928635018191482,"standard_error":0.000011565368033158543}}