{"mean":{"confidence_interval":{"confidence_level":0.95,"lower_bound":-0.0047578629460183096,"upper_bound":0.0024720881328454385},"point_estimate":-0.0013754339086451406,"standard_error":0.001970711815370478},"median":{"confidence_interval":{"confidence_level":0.95,"lower_bound":-0.0045880625128438155,"upper_bound":-0.003944153051472289},"point_estimate":-0.004165350155420189,"standard_error":0.00017421085750813479}}