{"mean":{"confidence_interval":{"confidence_level":0.95,"lower_bound":-0.8194651479902119,"upper_bound":-0.8191038721230968},"point_estimate":-0.8193176912614382,"standard_error":0.0000946806499585655},"median":{"confidence_interval":{"confidence_level":0.95,"lower_bound":-0.8194893968394165,"upper_bound":-0.8194059639142783},"point_estimate":-0.8194465317437974,"standard_error":0.00002149621655247085}}