{"mean":{"confidence_interval":{"confidence_level":0.95,"lower_bound":0.7756397836543049,"upper_bound":0.7769416200269506},"point_estimate":0.7762463251291009,"standard_error":0.0003335332066570859},"median":{"confidence_interval":{"confidence_level":0.95,"lower_bound":0.7746210198667199,"upper_bound":0.775979141984557},"point_estimate":0.7752016199332468,"standard_error":0.00035182106277376957},"median_abs_dev":{"confidence_interval":{"confidence_level":0.95,"lower_bound":0.0012826785530892187,"upper_bound":0.0025440786227033563},"point_estimate":0.0018359857847805203,"standard_error":0.00030618529905374785},"slope":{"confidence_interval":{"confidence_level":0.95,"lower_bound":0.7754726947957826,"upper_bound":0.7766000279054481},"point_estimate":0.7759916924354584,"standard_error":0.0002874988315579855},"std_dev":{"confidence_interval":{"confidence_level":0.95,"lower_bound":0.002223854029772744,"upper_bound":0.004399879188345089},"point_estimate":0.003360198833996015,"standard_error":0.0005603668911783131}}