{"mean":{"confidence_interval":{"confidence_level":0.95,"lower_bound":-0.0011741915406566627,"upper_bound":0.0013337178749778964},"point_estimate":0.00008495518534523683,"standard_error":0.000635365701146483},"median":{"confidence_interval":{"confidence_level":0.95,"lower_bound":-0.002002302613751228,"upper_bound":0.0012137304252892722},"point_estimate":-0.0006362435808190403,"standard_error":0.000858983547007522}}