{"mean":{"confidence_interval":{"confidence_level":0.95,"lower_bound":-0.12301181771451997,"upper_bound":-0.1140869372278146},"point_estimate":-0.11823570441254272,"standard_error":0.0022822729678152794},"median":{"confidence_interval":{"confidence_level":0.95,"lower_bound":-0.11243365341356348,"upper_bound":-0.10864511077050698},"point_estimate":-0.11087569972199784,"standard_error":0.0009916420814540647}}