{"mean":{"confidence_interval":{"confidence_level":0.95,"lower_bound":0.02824495898504611,"upper_bound":0.03784887710095574},"point_estimate":0.033492478874564746,"standard_error":0.0024555851738450956},"median":{"confidence_interval":{"confidence_level":0.95,"lower_bound":0.04055884012695454,"upper_bound":0.043707813274036944},"point_estimate":0.0421896493136491,"standard_error":0.0007518878277312484}}