{"mean":{"confidence_interval":{"confidence_level":0.95,"lower_bound":-0.009693451282050796,"upper_bound":-0.004202581329120564},"point_estimate":-0.006821002331107162,"standard_error":0.0014022973073436439},"median":{"confidence_interval":{"confidence_level":0.95,"lower_bound":-0.0056312467395530025,"upper_bound":-0.0020692092991422273},"point_estimate":-0.004188525547986877,"standard_error":0.0009359089753524908}}