{"mean":{"confidence_interval":{"confidence_level":0.95,"lower_bound":-0.0010101531377053798,"upper_bound":0.0015383833069470656},"point_estimate":0.0002250700101029679,"standard_error":0.0006505932777942864},"median":{"confidence_interval":{"confidence_level":0.95,"lower_bound":-0.0013272353096038803,"upper_bound":0.0022584871595976498},"point_estimate":0.000016893390910599493,"standard_error":0.0008998744963736063}}