{"mean":{"confidence_interval":{"confidence_level":0.95,"lower_bound":-0.9001328861541705,"upper_bound":-0.900030387971334},"point_estimate":-0.9000759320483487,"standard_error":0.000026194562028717928},"median":{"confidence_interval":{"confidence_level":0.95,"lower_bound":-0.9001135424312863,"upper_bound":-0.9000539371479175},"point_estimate":-0.9000846573700542,"standard_error":0.000014918974189361835}}