{"mean":{"confidence_interval":{"confidence_level":0.95,"lower_bound":-0.002265773806200646,"upper_bound":0.0018904043390574547},"point_estimate":-0.00016778721499111082,"standard_error":0.0010601352294441944},"median":{"confidence_interval":{"confidence_level":0.95,"lower_bound":-0.0010842741483573226,"upper_bound":0.0034918290202251567},"point_estimate":0.0016032402984502703,"standard_error":0.001178268785430569}}