{"mean":{"confidence_interval":{"confidence_level":0.95,"lower_bound":0.4410568541228092,"upper_bound":0.4412757665405945},"point_estimate":0.44116246172702894,"standard_error":0.000056068053285298854},"median":{"confidence_interval":{"confidence_level":0.95,"lower_bound":0.44097416580603077,"upper_bound":0.4411681842981133},"point_estimate":0.4410607097965946,"standard_error":0.000052246383457983134},"median_abs_dev":{"confidence_interval":{"confidence_level":0.95,"lower_bound":0.000334776230737428,"upper_bound":0.0005428793999544373},"point_estimate":0.00042031039553252147,"standard_error":0.00005220496859678523},"slope":{"confidence_interval":{"confidence_level":0.95,"lower_bound":0.44102011297420934,"upper_bound":0.441372933355464},"point_estimate":0.4411743109956638,"standard_error":0.00009135038630880466},"std_dev":{"confidence_interval":{"confidence_level":0.95,"lower_bound":0.0004264136655250562,"upper_bound":0.0006997500233349826},"point_estimate":0.0005645389436633645,"standard_error":0.00007058156651777808}}