{"mean":{"confidence_interval":{"confidence_level":0.95,"lower_bound":-0.00375907908639001,"upper_bound":-0.002179469877619608},"point_estimate":-0.0029177011943073428,"standard_error":0.00040208257070807125},"median":{"confidence_interval":{"confidence_level":0.95,"lower_bound":-0.0019062342355659814,"upper_bound":-0.0011429533951721194},"point_estimate":-0.0014963427743690527,"standard_error":0.0001965168469436557}}