{"mean":{"confidence_interval":{"confidence_level":0.95,"lower_bound":-0.9718476561691947,"upper_bound":-0.9717602290711976},"point_estimate":-0.9717975724333882,"standard_error":0.00002259312961976862},"median":{"confidence_interval":{"confidence_level":0.95,"lower_bound":-0.9717655693054098,"upper_bound":-0.9717533932870703},"point_estimate":-0.971760574367228,"standard_error":2.8546362614648134e-6}}