{"mean":{"confidence_interval":{"confidence_level":0.95,"lower_bound":-0.860961501716162,"upper_bound":-0.8608558606198462},"point_estimate":-0.8609103126969228,"standard_error":0.00002676762113028474},"median":{"confidence_interval":{"confidence_level":0.95,"lower_bound":-0.8609660801127994,"upper_bound":-0.8608877069390004},"point_estimate":-0.8609226792658415,"standard_error":0.000021006543167938177}}