{"mean":{"confidence_interval":{"confidence_level":0.95,"lower_bound":-0.0006984864004727446,"upper_bound":0.000574598155065764},"point_estimate":-0.000091925778186841,"standard_error":0.00032347345393756404},"median":{"confidence_interval":{"confidence_level":0.95,"lower_bound":-0.0001938254795129657,"upper_bound":0.00013562753767892843},"point_estimate":-0.00005778782309828756,"standard_error":0.00007956276955561649}}