{"mean":{"confidence_interval":{"confidence_level":0.95,"lower_bound":-0.7291966327361834,"upper_bound":-0.7283368478747276},"point_estimate":-0.7288937975827481,"standard_error":0.00025314934766953486},"median":{"confidence_interval":{"confidence_level":0.95,"lower_bound":-0.7292400089885256,"upper_bound":-0.7291061677365056},"point_estimate":-0.7291713800583284,"standard_error":0.000034452230681795383}}