{"mean":{"confidence_interval":{"confidence_level":0.95,"lower_bound":-0.11204842784316742,"upper_bound":-0.1097257883003724},"point_estimate":-0.11084781702843738,"standard_error":0.0005781722978488098},"median":{"confidence_interval":{"confidence_level":0.95,"lower_bound":-0.11119737082514414,"upper_bound":-0.10897392566739005},"point_estimate":-0.10999959650557667,"standard_error":0.0005766984334098357}}