{"mean":{"confidence_interval":{"confidence_level":0.95,"lower_bound":-0.001422064519973631,"upper_bound":0.002253164386131745},"point_estimate":0.00044793375364715615,"standard_error":0.0009309855647272007},"median":{"confidence_interval":{"confidence_level":0.95,"lower_bound":-0.0017252809154758707,"upper_bound":0.0013701510739763112},"point_estimate":-0.00040162661993980997,"standard_error":0.0007836007950915136}}