{"mean":{"confidence_interval":{"confidence_level":0.95,"lower_bound":-0.10808336382804097,"upper_bound":-0.09704939692533336},"point_estimate":-0.10255251266945287,"standard_error":0.0028266394581106186},"median":{"confidence_interval":{"confidence_level":0.95,"lower_bound":-0.10668398394320355,"upper_bound":-0.09500426301749021},"point_estimate":-0.09874913558978726,"standard_error":0.00300521034129047}}