{"mean":{"confidence_interval":{"confidence_level":0.95,"lower_bound":-0.00044779761631879574,"upper_bound":0.0002700963887812435},"point_estimate":-0.00008370582274508376,"standard_error":0.00018278676359065226},"median":{"confidence_interval":{"confidence_level":0.95,"lower_bound":-0.00032696715843294477,"upper_bound":0.00026805686325626},"point_estimate":-8.700004896500246e-6,"standard_error":0.00014990507960867692}}