{"mean":{"confidence_interval":{"confidence_level":0.95,"lower_bound":0.004716139458034558,"upper_bound":0.009081308196527287},"point_estimate":0.007092427839202831,"standard_error":0.0011115622011051854},"median":{"confidence_interval":{"confidence_level":0.95,"lower_bound":0.003952348549264073,"upper_bound":0.0050860685637035274},"point_estimate":0.004549352652887251,"standard_error":0.00028215514585394906}}