{"mean":{"confidence_interval":{"confidence_level":0.95,"lower_bound":-0.00044476699415176566,"upper_bound":0.0003965249255539034},"point_estimate":-0.000044019706234688094,"standard_error":0.00021412933738503063},"median":{"confidence_interval":{"confidence_level":0.95,"lower_bound":-0.0002703273336724932,"upper_bound":0.00015585568247256099},"point_estimate":-0.00009136769097706221,"standard_error":0.00011101503188813171}}