{"mean":{"confidence_interval":{"confidence_level":0.95,"lower_bound":1.176656864100425,"upper_bound":1.1772397534207468},"point_estimate":1.176935973337471,"standard_error":0.00014872527046313826},"median":{"confidence_interval":{"confidence_level":0.95,"lower_bound":1.176325692755132,"upper_bound":1.1768070312901284},"point_estimate":1.1764917562208623,"standard_error":0.00011263942995852251},"median_abs_dev":{"confidence_interval":{"confidence_level":0.95,"lower_bound":0.0006317571726119823,"upper_bound":0.0011499840929236828},"point_estimate":0.0008097717070961264,"standard_error":0.00013016234867129303},"slope":{"confidence_interval":{"confidence_level":0.95,"lower_bound":1.1767035910116554,"upper_bound":1.1773205127155184},"point_estimate":1.1769921870298012,"standard_error":0.0001576034087376507},"std_dev":{"confidence_interval":{"confidence_level":0.95,"lower_bound":0.0010876629179961334,"upper_bound":0.001858720972110298},"point_estimate":0.0014951097929456702,"standard_error":0.00019691945785977585}}