{"mean":{"confidence_interval":{"confidence_level":0.95,"lower_bound":-0.2903465563384945,"upper_bound":-0.2885232147220377},"point_estimate":-0.28937624077938606,"standard_error":0.0004735725861659945},"median":{"confidence_interval":{"confidence_level":0.95,"lower_bound":-0.28998894995712987,"upper_bound":-0.28717096474910186},"point_estimate":-0.2889560355522496,"standard_error":0.0007323131292153293}}