{"mean":{"confidence_interval":{"confidence_level":0.95,"lower_bound":-0.002365135272763144,"upper_bound":0.00036274547517895476},"point_estimate":-0.0009151210421215472,"standard_error":0.0006896680687179115},"median":{"confidence_interval":{"confidence_level":0.95,"lower_bound":-0.0021576190090056846,"upper_bound":0.0012331744426097302},"point_estimate":-0.00021385612290936162,"standard_error":0.0009046475181008123}}