{"mean":{"confidence_interval":{"confidence_level":0.95,"lower_bound":-0.7000928181188946,"upper_bound":-0.6998396109138465},"point_estimate":-0.6999605459296838,"standard_error":0.00006422898804050256},"median":{"confidence_interval":{"confidence_level":0.95,"lower_bound":-0.7000343904481092,"upper_bound":-0.6998701724840006},"point_estimate":-0.6999654873306125,"standard_error":0.00004134880323587198}}