{"mean":{"confidence_interval":{"confidence_level":0.95,"lower_bound":-0.9310640297927433,"upper_bound":-0.9310108571616619},"point_estimate":-0.931038537011724,"standard_error":0.000013917861250693562},"median":{"confidence_interval":{"confidence_level":0.95,"lower_bound":-0.9310844225828854,"upper_bound":-0.9310459020111345},"point_estimate":-0.9310680070393189,"standard_error":0.000010128512959954619}}