{"mean":{"confidence_interval":{"confidence_level":0.95,"lower_bound":-0.9526316788761283,"upper_bound":-0.9524766375353985},"point_estimate":-0.9525443604926579,"standard_error":0.000040080249545998295},"median":{"confidence_interval":{"confidence_level":0.95,"lower_bound":-0.9524866517089258,"upper_bound":-0.95246785728258},"point_estimate":-0.9524779847050918,"standard_error":4.833804340565439e-6}}