{"mean":{"confidence_interval":{"confidence_level":0.95,"lower_bound":1.1819103271603058,"upper_bound":1.1825600105093377},"point_estimate":1.1822351155267805,"standard_error":0.00016575245026295796},"median":{"confidence_interval":{"confidence_level":0.95,"lower_bound":1.1818481986585452,"upper_bound":1.1825994913431026},"point_estimate":1.1821462465615433,"standard_error":0.00017268571140388576},"median_abs_dev":{"confidence_interval":{"confidence_level":0.95,"lower_bound":0.0010137675276283545,"upper_bound":0.0015241383917343665},"point_estimate":0.0012024726783301841,"standard_error":0.0001255331194477145},"slope":{"confidence_interval":{"confidence_level":0.95,"lower_bound":1.181731222137089,"upper_bound":1.1821928233916372},"point_estimate":1.1819537851224693,"standard_error":0.00011788037614733755},"std_dev":{"confidence_interval":{"confidence_level":0.95,"lower_bound":0.0012763989576975432,"upper_bound":0.002039263740136115},"point_estimate":0.001667264175161516,"standard_error":0.0001960304887337599}}