{"mean":{"confidence_interval":{"confidence_level":0.95,"lower_bound":-0.1888709139728987,"upper_bound":-0.18511764616474843},"point_estimate":-0.18719893077133665,"standard_error":0.0009337869585034301},"median":{"confidence_interval":{"confidence_level":0.95,"lower_bound":-0.1875587353165545,"upper_bound":-0.1871271801381279},"point_estimate":-0.18731520334263518,"standard_error":0.00011049010282454285}}