{"mean":{"confidence_interval":{"confidence_level":0.95,"lower_bound":-0.00034956221769348307,"upper_bound":0.0005400105342343753},"point_estimate":0.00010122919158872534,"standard_error":0.00022822831158506507},"median":{"confidence_interval":{"confidence_level":0.95,"lower_bound":-0.00014491735817307157,"upper_bound":0.0003780264113026899},"point_estimate":0.00015236840183519007,"standard_error":0.00014368386327492323}}