{"mean":{"confidence_interval":{"confidence_level":0.95,"lower_bound":-0.12103124266695174,"upper_bound":-0.11387828475559932},"point_estimate":-0.1176513038938628,"standard_error":0.001829421909569541},"median":{"confidence_interval":{"confidence_level":0.95,"lower_bound":-0.12495397665179098,"upper_bound":-0.12193691322492539},"point_estimate":-0.1235162071370115,"standard_error":0.0007482721570538828}}