{"mean":{"confidence_interval":{"confidence_level":0.95,"lower_bound":-0.0023389025550755974,"upper_bound":0.0024202824401953027},"point_estimate":0.00015326771674906148,"standard_error":0.0012150279707935706},"median":{"confidence_interval":{"confidence_level":0.95,"lower_bound":-0.0009509938634558734,"upper_bound":0.003577028034942309},"point_estimate":0.0012924923764965346,"standard_error":0.001171702693782177}}