{"mean":{"confidence_interval":{"confidence_level":0.95,"lower_bound":-0.9285961078886101,"upper_bound":-0.9285458596043829},"point_estimate":-0.9285709197728232,"standard_error":0.000012847830317826928},"median":{"confidence_interval":{"confidence_level":0.95,"lower_bound":-0.9285891111381708,"upper_bound":-0.9285514083404601},"point_estimate":-0.9285671843864718,"standard_error":0.000010094584749778231}}