{"mean":{"confidence_interval":{"confidence_level":0.95,"lower_bound":4.4464807496704825e-6,"upper_bound":0.002549138869130413},"point_estimate":0.0012499456691319466,"standard_error":0.0006399871677648916},"median":{"confidence_interval":{"confidence_level":0.95,"lower_bound":0.0003738437738383116,"upper_bound":0.0021513798988966604},"point_estimate":0.0011910010244571279,"standard_error":0.000439325141374776}}