{"mean":{"confidence_interval":{"confidence_level":0.95,"lower_bound":-0.0009905864940665309,"upper_bound":0.0010809611634536916},"point_estimate":0.000014803964712095663,"standard_error":0.0005315656886198938},"median":{"confidence_interval":{"confidence_level":0.95,"lower_bound":-0.0005648402273845665,"upper_bound":0.0019180560309726147},"point_estimate":0.0004376309707785353,"standard_error":0.0006498599348962816}}