{"mean":{"confidence_interval":{"confidence_level":0.95,"lower_bound":-0.0029090052875847838,"upper_bound":0.0002510942235107277},"point_estimate":-0.0011153293518749718,"standard_error":0.0008165381907462947},"median":{"confidence_interval":{"confidence_level":0.95,"lower_bound":-0.00014952080646257748,"upper_bound":0.00021386962766678508},"point_estimate":0.0000454749802321075,"standard_error":0.00008953708463757212}}