{"mean":{"confidence_interval":{"confidence_level":0.95,"lower_bound":0.0019192149068574527,"upper_bound":0.006108378044092926},"point_estimate":0.0038137570301872703,"standard_error":0.0010817874341047821},"median":{"confidence_interval":{"confidence_level":0.95,"lower_bound":0.0006350559438674797,"upper_bound":0.003221696949753161},"point_estimate":0.002036489625700355,"standard_error":0.0006615360612099507}}