{"mean":{"confidence_interval":{"confidence_level":0.95,"lower_bound":0.37015770522281466,"upper_bound":0.3703525650963529},"point_estimate":0.37025005882805845,"standard_error":0.000049833928304626496},"median":{"confidence_interval":{"confidence_level":0.95,"lower_bound":0.36999729219920546,"upper_bound":0.37020162751246866},"point_estimate":0.3701107537233094,"standard_error":0.00005182386620195685},"median_abs_dev":{"confidence_interval":{"confidence_level":0.95,"lower_bound":0.00020610671262640684,"upper_bound":0.000388228020593507},"point_estimate":0.00028697619861513653,"standard_error":0.000047513117876242286},"slope":{"confidence_interval":{"confidence_level":0.95,"lower_bound":0.37012266085682843,"upper_bound":0.3702847527155347},"point_estimate":0.3701999902213872,"standard_error":0.00004149702642737577},"std_dev":{"confidence_interval":{"confidence_level":0.95,"lower_bound":0.0003602946030579626,"upper_bound":0.0006258785064570555},"point_estimate":0.0005009397585442317,"standard_error":0.0000680161886154601}}