{"mean":{"confidence_interval":{"confidence_level":0.95,"lower_bound":0.6980598680555331,"upper_bound":0.698391523823407},"point_estimate":0.6982158652919798,"standard_error":0.00008494077840915604},"median":{"confidence_interval":{"confidence_level":0.95,"lower_bound":0.6978507464129996,"upper_bound":0.6980890096073715},"point_estimate":0.6980010136941481,"standard_error":0.00006502801857387389},"median_abs_dev":{"confidence_interval":{"confidence_level":0.95,"lower_bound":0.000342756612699935,"upper_bound":0.0006111606889069429},"point_estimate":0.00046918671677676686,"standard_error":0.00006787025119264862},"slope":{"confidence_interval":{"confidence_level":0.95,"lower_bound":0.6980749936675248,"upper_bound":0.6985433591099506},"point_estimate":0.6982740453077773,"standard_error":0.00012142558737643083},"std_dev":{"confidence_interval":{"confidence_level":0.95,"lower_bound":0.0005806223611938942,"upper_bound":0.0010932727061997004},"point_estimate":0.000857171805574005,"standard_error":0.00013074793957382674}}