{"mean":{"confidence_interval":{"confidence_level":0.95,"lower_bound":-0.9139076064918498,"upper_bound":-0.9135934580167154},"point_estimate":-0.9137338319881149,"standard_error":0.00008091298186134388},"median":{"confidence_interval":{"confidence_level":0.95,"lower_bound":-0.9136063863204632,"upper_bound":-0.9135665196217093},"point_estimate":-0.913582755623596,"standard_error":0.000010247401508753893}}