{"mean":{"confidence_interval":{"confidence_level":0.95,"lower_bound":0.7755611125360028,"upper_bound":0.7770586844852255},"point_estimate":0.7762263922628976,"standard_error":0.0003859786832425897},"median":{"confidence_interval":{"confidence_level":0.95,"lower_bound":0.7747483365383241,"upper_bound":0.7757100021675464},"point_estimate":0.7751333423408089,"standard_error":0.0002357549051945844},"median_abs_dev":{"confidence_interval":{"confidence_level":0.95,"lower_bound":0.0011578812845425945,"upper_bound":0.0021330140444085644},"point_estimate":0.0014407442850432497,"standard_error":0.00025159091910621024},"slope":{"confidence_interval":{"confidence_level":0.95,"lower_bound":0.7754662169396656,"upper_bound":0.7768016102837937},"point_estimate":0.776090984734251,"standard_error":0.0003414926984676884},"std_dev":{"confidence_interval":{"confidence_level":0.95,"lower_bound":0.0019937119649115487,"upper_bound":0.005762273825872499},"point_estimate":0.003882559971322191,"standard_error":0.0010618034943967922}}