{"mean":{"confidence_interval":{"confidence_level":0.95,"lower_bound":-0.9167217956847895,"upper_bound":-0.9166592849706373},"point_estimate":-0.9166895874335109,"standard_error":0.00001594190671636362},"median":{"confidence_interval":{"confidence_level":0.95,"lower_bound":-0.9166951767274786,"upper_bound":-0.9166611668126425},"point_estimate":-0.9166789047307293,"standard_error":8.463042472679445e-6}}