{"mean":{"confidence_interval":{"confidence_level":0.95,"lower_bound":-0.0017392830507233586,"upper_bound":0.0004141535792697991},"point_estimate":-0.0004238536716830721,"standard_error":0.0005778081700834335},"median":{"confidence_interval":{"confidence_level":0.95,"lower_bound":-0.0003672391154715404,"upper_bound":0.00015436326567730418},"point_estimate":-0.0001792172891842414,"standard_error":0.00013232939240565654}}