{"mean":{"confidence_interval":{"confidence_level":0.95,"lower_bound":-0.9097667039916585,"upper_bound":-0.9096821533389121},"point_estimate":-0.9097203316773586,"standard_error":0.00002166045632007232},"median":{"confidence_interval":{"confidence_level":0.95,"lower_bound":-0.909710092170731,"upper_bound":-0.9096706078434816},"point_estimate":-0.9096925247351748,"standard_error":0.000010316748799724553}}