{"mean":{"confidence_interval":{"confidence_level":0.95,"lower_bound":-0.811436115459049,"upper_bound":-0.8111498213971666},"point_estimate":-0.8112895993485264,"standard_error":0.00007310015611639663},"median":{"confidence_interval":{"confidence_level":0.95,"lower_bound":-0.8113276049122362,"upper_bound":-0.8111020554695543},"point_estimate":-0.8112309781189244,"standard_error":0.00005988488145991637}}