{"mean":{"confidence_interval":{"confidence_level":0.95,"lower_bound":-0.952325935843577,"upper_bound":-0.9521743272623682},"point_estimate":-0.9522394581071486,"standard_error":0.00003915095950267907},"median":{"confidence_interval":{"confidence_level":0.95,"lower_bound":-0.9521958168997336,"upper_bound":-0.9521751524563583},"point_estimate":-0.9521890935233103,"standard_error":5.0594752694789035e-6}}