{"mean":{"confidence_interval":{"confidence_level":0.95,"lower_bound":-0.7689441879892838,"upper_bound":-0.7679460344947513},"point_estimate":-0.7683852160286339,"standard_error":0.00025720341712016286},"median":{"confidence_interval":{"confidence_level":0.95,"lower_bound":-0.7679105274308076,"upper_bound":-0.7677988699798435},"point_estimate":-0.7678754065163418,"standard_error":0.000030127757927514578}}