{"mean":{"confidence_interval":{"confidence_level":0.95,"lower_bound":-0.7326455964086336,"upper_bound":-0.7320467631462078},"point_estimate":-0.7322773000060038,"standard_error":0.0001625661149867792},"median":{"confidence_interval":{"confidence_level":0.95,"lower_bound":-0.7321887150928668,"upper_bound":-0.7320814129195494},"point_estimate":-0.7321358026733039,"standard_error":0.000027412600511311587}}