{"mean":{"confidence_interval":{"confidence_level":0.95,"lower_bound":0.6981538150910195,"upper_bound":0.6985898348205992},"point_estimate":0.6983518642790881,"standard_error":0.00011179543780579327},"median":{"confidence_interval":{"confidence_level":0.95,"lower_bound":0.697912520785234,"upper_bound":0.6981539750393844},"point_estimate":0.698009396860537,"standard_error":0.0000652379021856432},"median_abs_dev":{"confidence_interval":{"confidence_level":0.95,"lower_bound":0.00036461222302075047,"upper_bound":0.0007422043220313103},"point_estimate":0.0005259697801331131,"standard_error":0.00010285549337867643},"slope":{"confidence_interval":{"confidence_level":0.95,"lower_bound":0.6980983307006473,"upper_bound":0.6988103600941005},"point_estimate":0.698406430823912,"standard_error":0.00018331540834314543},"std_dev":{"confidence_interval":{"confidence_level":0.95,"lower_bound":0.0006597363082013282,"upper_bound":0.0016004017362228672},"point_estimate":0.0011221767412513608,"standard_error":0.0002600659698566503}}