{"mean":{"confidence_interval":{"confidence_level":0.95,"lower_bound":-0.002961350207264398,"upper_bound":0.0014276673267911814},"point_estimate":-0.0005953813193193547,"standard_error":0.0010990030643086579},"median":{"confidence_interval":{"confidence_level":0.95,"lower_bound":-0.00017138422779599527,"upper_bound":0.0003110876467271595},"point_estimate":0.00013282889661914155,"standard_error":0.00011278413486097441}}