{"mean":{"confidence_interval":{"confidence_level":0.95,"lower_bound":-0.12595105211340538,"upper_bound":-0.11936615078284403},"point_estimate":-0.12276540702469774,"standard_error":0.0016877609678284148},"median":{"confidence_interval":{"confidence_level":0.95,"lower_bound":-0.12641144888393974,"upper_bound":-0.12256734659463377},"point_estimate":-0.12402891218667478,"standard_error":0.001037502588830602}}