{"mean":{"confidence_interval":{"confidence_level":0.95,"lower_bound":-0.0021100270515813533,"upper_bound":0.0023983301897623484},"point_estimate":0.00012632686600833054,"standard_error":0.0011533880867567754},"median":{"confidence_interval":{"confidence_level":0.95,"lower_bound":-0.0002257238382183946,"upper_bound":0.00011836196692866486},"point_estimate":-0.000053894451906955076,"standard_error":0.00008444450740418812}}