{"mean":{"confidence_interval":{"confidence_level":0.95,"lower_bound":-0.8315745736131326,"upper_bound":-0.8314143613913937},"point_estimate":-0.8314960313440948,"standard_error":0.00004100781368262012},"median":{"confidence_interval":{"confidence_level":0.95,"lower_bound":-0.8317131031015061,"upper_bound":-0.8315511195236014},"point_estimate":-0.8316335526263322,"standard_error":0.000044578490661276934}}