{"mean":{"confidence_interval":{"confidence_level":0.95,"lower_bound":-0.0046766417089004475,"upper_bound":-0.0007926763027897328},"point_estimate":-0.002542970897591368,"standard_error":0.0009972894028300102},"median":{"confidence_interval":{"confidence_level":0.95,"lower_bound":-0.0002848068742294929,"upper_bound":0.0002207035186850388},"point_estimate":-0.00006500385756169624,"standard_error":0.00012606345588515232}}