{"mean":{"confidence_interval":{"confidence_level":0.95,"lower_bound":-0.0012896948853331701,"upper_bound":-0.00019709411322576544},"point_estimate":-0.0007549752468536397,"standard_error":0.00027740139290891036},"median":{"confidence_interval":{"confidence_level":0.95,"lower_bound":-0.0007840273644421356,"upper_bound":-0.00019861474309523786},"point_estimate":-0.0004776119528714373,"standard_error":0.00014232560124531978}}