{"mean":{"confidence_interval":{"confidence_level":0.95,"lower_bound":-0.00009775061025971692,"upper_bound":0.0006958758428349307},"point_estimate":0.00029952185701720424,"standard_error":0.0002018367425723337},"median":{"confidence_interval":{"confidence_level":0.95,"lower_bound":-0.000038568244582148914,"upper_bound":0.0005474583838409597},"point_estimate":0.00024505681276276725,"standard_error":0.00015324249876865284}}