{"mean":{"confidence_interval":{"confidence_level":0.95,"lower_bound":-0.5251886735538985,"upper_bound":-0.5239686515700157},"point_estimate":-0.524667816889654,"standard_error":0.00031741049841043885},"median":{"confidence_interval":{"confidence_level":0.95,"lower_bound":-0.5254053147144571,"upper_bound":-0.5250904419550557},"point_estimate":-0.5252364485601535,"standard_error":0.00008029408774500663}}