{"mean":{"confidence_interval":{"confidence_level":0.95,"lower_bound":-0.0016564467472498733,"upper_bound":0.0027218251928862614},"point_estimate":0.0004047079822082633,"standard_error":0.0011156127140349113},"median":{"confidence_interval":{"confidence_level":0.95,"lower_bound":-0.00014938652694584942,"upper_bound":0.00037825006716585285},"point_estimate":0.00014370805752661475,"standard_error":0.00013471205955467786}}