{"mean":{"confidence_interval":{"confidence_level":0.95,"lower_bound":-0.0020677227958539515,"upper_bound":0.0008577812559997897},"point_estimate":-0.0005831389291675038,"standard_error":0.0007459060609994139},"median":{"confidence_interval":{"confidence_level":0.95,"lower_bound":-0.001224403430642118,"upper_bound":0.001580650764445135},"point_estimate":0.00031587673163246954,"standard_error":0.0006825171212849123}}