{"mean":{"confidence_interval":{"confidence_level":0.95,"lower_bound":-0.0014544112872763276,"upper_bound":0.0004990489113848468},"point_estimate":-0.0004577160912672129,"standard_error":0.0004975920498754224},"median":{"confidence_interval":{"confidence_level":0.95,"lower_bound":-0.0005088059504106957,"upper_bound":5.897504054219738e-6},"point_estimate":-0.00020413616269698842,"standard_error":0.00013031542327534946}}