{"mean":{"confidence_interval":{"confidence_level":0.95,"lower_bound":-0.0005099345736172128,"upper_bound":0.00017340714099611776},"point_estimate":-0.0001606155042365165,"standard_error":0.00017441059975852068},"median":{"confidence_interval":{"confidence_level":0.95,"lower_bound":-0.0002546858826414893,"upper_bound":0.0002772901488832247},"point_estimate":0.000016470930698009312,"standard_error":0.0001309896766240256}}