{"mean":{"confidence_interval":{"confidence_level":0.95,"lower_bound":-0.9536383366585378,"upper_bound":-0.9534935254595118},"point_estimate":-0.9535555797304247,"standard_error":0.000037306004402315004},"median":{"confidence_interval":{"confidence_level":0.95,"lower_bound":-0.9535109155105627,"upper_bound":-0.9534923810741379},"point_estimate":-0.9535019777227063,"standard_error":4.822507499654378e-6}}