{"mean":{"confidence_interval":{"confidence_level":0.95,"lower_bound":0.621237776469318,"upper_bound":0.6216008132069147},"point_estimate":0.6214056576167292,"standard_error":0.00009244800588914877},"median":{"confidence_interval":{"confidence_level":0.95,"lower_bound":0.6211722503401103,"upper_bound":0.621368277980429},"point_estimate":0.6212353268162059,"standard_error":0.000055681855212532205},"median_abs_dev":{"confidence_interval":{"confidence_level":0.95,"lower_bound":0.0003828582402387594,"upper_bound":0.0006540327928818252},"point_estimate":0.0005050631502655253,"standard_error":0.00007052774712421332},"slope":{"confidence_interval":{"confidence_level":0.95,"lower_bound":0.6214018811626213,"upper_bound":0.6217225783602581},"point_estimate":0.6215490392235601,"standard_error":0.00008238378966906443},"std_dev":{"confidence_interval":{"confidence_level":0.95,"lower_bound":0.0005775972426159077,"upper_bound":0.0013036506004988973},"point_estimate":0.0009290543000136856,"standard_error":0.0001986567419899517}}