{"mean":{"confidence_interval":{"confidence_level":0.95,"lower_bound":-0.7498475995749676,"upper_bound":-0.7496095453240897},"point_estimate":-0.7497185625328766,"standard_error":0.0000607336580704195},"median":{"confidence_interval":{"confidence_level":0.95,"lower_bound":-0.7496890250421183,"upper_bound":-0.749586154706817},"point_estimate":-0.749637248835624,"standard_error":0.00002563951950618991}}