{"mean":{"confidence_interval":{"confidence_level":0.95,"lower_bound":-0.8899338648125992,"upper_bound":-0.8898428406075508},"point_estimate":-0.8898886243831138,"standard_error":0.000023129300501419384},"median":{"confidence_interval":{"confidence_level":0.95,"lower_bound":-0.8899674828597891,"upper_bound":-0.889847029249154},"point_estimate":-0.8899104885438139,"standard_error":0.000030106306788970848}}