{"mean":{"confidence_interval":{"confidence_level":0.95,"lower_bound":-0.9568331656599107,"upper_bound":-0.9566913785857472},"point_estimate":-0.9567537388911451,"standard_error":0.000036547802203485945},"median":{"confidence_interval":{"confidence_level":0.95,"lower_bound":-0.9567149976549161,"upper_bound":-0.9566882632455852},"point_estimate":-0.9567006402721122,"standard_error":6.736475601697509e-6}}