{"mean":{"confidence_interval":{"confidence_level":0.95,"lower_bound":-0.005045030274281229,"upper_bound":-0.0017309232590191474},"point_estimate":-0.0034092570501341735,"standard_error":0.0008418781627420818},"median":{"confidence_interval":{"confidence_level":0.95,"lower_bound":-0.004427683273044547,"upper_bound":-0.003014512099986155},"point_estimate":-0.00386026728757094,"standard_error":0.0003882021018519393}}