{"mean":{"confidence_interval":{"confidence_level":0.95,"lower_bound":-0.8375608068149156,"upper_bound":-0.8374373609346033},"point_estimate":-0.8375011628269717,"standard_error":0.000031902232621494875},"median":{"confidence_interval":{"confidence_level":0.95,"lower_bound":-0.8375692480657637,"upper_bound":-0.8374782704047802},"point_estimate":-0.8375235564636562,"standard_error":0.00002331670957010103}}