{"mean":{"confidence_interval":{"confidence_level":0.95,"lower_bound":-0.001971498841042493,"upper_bound":0.002302584723321432},"point_estimate":0.00020034291772530466,"standard_error":0.0010869506180901309},"median":{"confidence_interval":{"confidence_level":0.95,"lower_bound":-0.00048662647842212525,"upper_bound":0.001666812232561542},"point_estimate":0.0005770428731888266,"standard_error":0.000536864480264812}}