{"mean":{"confidence_interval":{"confidence_level":0.95,"lower_bound":-0.0032532469846544144,"upper_bound":0.000044871623649189065},"point_estimate":-0.0013687179442989361,"standard_error":0.000851726897967487},"median":{"confidence_interval":{"confidence_level":0.95,"lower_bound":-0.00016111634149851284,"upper_bound":0.00030442219306414664},"point_estimate":0.00006842014657215678,"standard_error":0.00011750914833145239}}