{"mean":{"confidence_interval":{"confidence_level":0.95,"lower_bound":-0.0004557625919063945,"upper_bound":0.0002938747968315111},"point_estimate":-0.00006332709526912783,"standard_error":0.00019112083080042848},"median":{"confidence_interval":{"confidence_level":0.95,"lower_bound":-0.00013919718720334373,"upper_bound":0.0003912394212932657},"point_estimate":0.00011709242275381726,"standard_error":0.00013635146707280106}}