{"mean":{"confidence_interval":{"confidence_level":0.95,"lower_bound":-0.9516258922309737,"upper_bound":-0.9513949453842567},"point_estimate":-0.9515153661267117,"standard_error":0.000058668289880326857},"median":{"confidence_interval":{"confidence_level":0.95,"lower_bound":-0.9515158024091221,"upper_bound":-0.9514565335156028},"point_estimate":-0.9514845430566051,"standard_error":0.000014870494321289104}}