{"mean":{"confidence_interval":{"confidence_level":0.95,"lower_bound":3.132542112214007,"upper_bound":3.1378117649356363},"point_estimate":3.1351654903567954,"standard_error":0.0013433095344651186},"median":{"confidence_interval":{"confidence_level":0.95,"lower_bound":3.1322401441074823,"upper_bound":3.138227348470463},"point_estimate":3.1356826793933577,"standard_error":0.0014686355025897424},"median_abs_dev":{"confidence_interval":{"confidence_level":0.95,"lower_bound":0.00964501366162546,"upper_bound":0.01580011492060676},"point_estimate":0.012293624912575667,"standard_error":0.0015962308360819742},"slope":{"confidence_interval":{"confidence_level":0.95,"lower_bound":3.134302918480495,"upper_bound":3.1384903600065988},"point_estimate":3.1364241230113707,"standard_error":0.0010711896358551404},"std_dev":{"confidence_interval":{"confidence_level":0.95,"lower_bound":0.011510310258068078,"upper_bound":0.015276523603642216},"point_estimate":0.013480653533013696,"standard_error":0.0009638648570697483}}