{"mean":{"confidence_interval":{"confidence_level":0.95,"lower_bound":14.290774673195827,"upper_bound":14.345348247528245},"point_estimate":14.315356364946517,"standard_error":0.014066176243416391},"median":{"confidence_interval":{"confidence_level":0.95,"lower_bound":14.258513344854071,"upper_bound":14.288348908452763},"point_estimate":14.273192811398754,"standard_error":0.007637934169501452},"median_abs_dev":{"confidence_interval":{"confidence_level":0.95,"lower_bound":0.016756461190335827,"upper_bound":0.052669508753007445},"point_estimate":0.03515079344782157,"standard_error":0.00955163498636801},"slope":{"confidence_interval":{"confidence_level":0.95,"lower_bound":14.303963616124056,"upper_bound":14.373543694546887},"point_estimate":14.335106202487811,"standard_error":0.017941796458292164},"std_dev":{"confidence_interval":{"confidence_level":0.95,"lower_bound":0.07115396709867143,"upper_bound":0.2007993557668265},"point_estimate":0.14196470656255983,"standard_error":0.03330203367896051}}