{"mean":{"confidence_interval":{"confidence_level":0.95,"lower_bound":-0.003306810266765439,"upper_bound":0.001786142490917624},"point_estimate":-0.0006525527788192598,"standard_error":0.0012999601177559395},"median":{"confidence_interval":{"confidence_level":0.95,"lower_bound":-0.0015392201940652717,"upper_bound":0.002281676346522099},"point_estimate":0.0005115944061737654,"standard_error":0.0009815616332974535}}