{"mean":{"confidence_interval":{"confidence_level":0.95,"lower_bound":5.374094779586095,"upper_bound":5.376306722078004},"point_estimate":5.375148117893978,"standard_error":0.0005654342366876153},"median":{"confidence_interval":{"confidence_level":0.95,"lower_bound":5.372446206943161,"upper_bound":5.374544645135371},"point_estimate":5.3730158101984085,"standard_error":0.0005385147109690143},"median_abs_dev":{"confidence_interval":{"confidence_level":0.95,"lower_bound":0.0025110449215833513,"upper_bound":0.00474633865973199},"point_estimate":0.003363155265213978,"standard_error":0.0005538663208563074},"slope":{"confidence_interval":{"confidence_level":0.95,"lower_bound":5.3735052233367275,"upper_bound":5.375859022072116},"point_estimate":5.374580547627665,"standard_error":0.000600842162498405},"std_dev":{"confidence_interval":{"confidence_level":0.95,"lower_bound":0.004281241744882003,"upper_bound":0.006899482782777754},"point_estimate":0.005679982676245428,"standard_error":0.0006714491892037067}}