{"mean":{"confidence_interval":{"confidence_level":0.95,"lower_bound":0.42667900221522537,"upper_bound":0.4270377555100836},"point_estimate":0.42683662594830163,"standard_error":0.00009186031498961739},"median":{"confidence_interval":{"confidence_level":0.95,"lower_bound":0.4265200028091352,"upper_bound":0.42665815082821723},"point_estimate":0.42658219023641186,"standard_error":0.00003529234846334556},"median_abs_dev":{"confidence_interval":{"confidence_level":0.95,"lower_bound":0.00018761799948878858,"upper_bound":0.00036268992834888233},"point_estimate":0.00023603027669877422,"standard_error":0.000044755042343089526},"slope":{"confidence_interval":{"confidence_level":0.95,"lower_bound":0.4266084879006639,"upper_bound":0.4268775894266748},"point_estimate":0.4267298026404833,"standard_error":0.00006888180478063447},"std_dev":{"confidence_interval":{"confidence_level":0.95,"lower_bound":0.0004657266260859764,"upper_bound":0.0013830238791816205},"point_estimate":0.0009257746097479045,"standard_error":0.0002650319233472255}}