{"mean":{"confidence_interval":{"confidence_level":0.95,"lower_bound":0.632931392535113,"upper_bound":0.634667157711914},"point_estimate":0.6337590578327239,"standard_error":0.00044151966701025483},"median":{"confidence_interval":{"confidence_level":0.95,"lower_bound":0.6337467341194246,"upper_bound":0.6345966883333274},"point_estimate":0.634232918015046,"standard_error":0.00020772739540211982},"median_abs_dev":{"confidence_interval":{"confidence_level":0.95,"lower_bound":0.0011542161477527707,"upper_bound":0.0020832564455966333},"point_estimate":0.0015162151085532489,"standard_error":0.00024167705781318494},"slope":{"confidence_interval":{"confidence_level":0.95,"lower_bound":0.633952247983308,"upper_bound":0.63455102079158},"point_estimate":0.6342585810323557,"standard_error":0.00015335906611062633},"std_dev":{"confidence_interval":{"confidence_level":0.95,"lower_bound":0.002692069575046306,"upper_bound":0.006216331145553853},"point_estimate":0.00442661388014806,"standard_error":0.0009405556133246323}}