{"mean":{"confidence_interval":{"confidence_level":0.95,"lower_bound":-0.9154526479378987,"upper_bound":-0.9153887930863346},"point_estimate":-0.9154237628670524,"standard_error":0.00001600478144634904},"median":{"confidence_interval":{"confidence_level":0.95,"lower_bound":-0.9154526660235963,"upper_bound":-0.9154131661206321},"point_estimate":-0.9154302235736851,"standard_error":0.000010381556209830482}}