{"mean":{"confidence_interval":{"confidence_level":0.95,"lower_bound":-0.8982782779748465,"upper_bound":-0.8981618004210479},"point_estimate":-0.8982216397407051,"standard_error":0.000029878549894147453},"median":{"confidence_interval":{"confidence_level":0.95,"lower_bound":-0.8982761422967335,"upper_bound":-0.8982285366621139},"point_estimate":-0.8982579495978456,"standard_error":0.00001239493878287024}}