{"mean":{"confidence_interval":{"confidence_level":0.95,"lower_bound":-0.2319193576261625,"upper_bound":-0.2241688064450852},"point_estimate":-0.22791497575781927,"standard_error":0.001982168683095354},"median":{"confidence_interval":{"confidence_level":0.95,"lower_bound":-0.23039934623327307,"upper_bound":-0.22284051268050087},"point_estimate":-0.22588404518352734,"standard_error":0.0018504731660768492}}