{"mean":{"confidence_interval":{"confidence_level":0.95,"lower_bound":-0.001040519548716306,"upper_bound":0.00061257756291827},"point_estimate":-0.0001642557608756423,"standard_error":0.0004204300899010366},"median":{"confidence_interval":{"confidence_level":0.95,"lower_bound":-0.00048496635803707555,"upper_bound":0.000027353832225296415},"point_estimate":-0.00032898981630413715,"standard_error":0.00013664549983655042}}