{"mean":{"confidence_interval":{"confidence_level":0.95,"lower_bound":-0.003723097820719603,"upper_bound":0.001033788182705958},"point_estimate":-0.0011149019847421782,"standard_error":0.0012100639585040215},"median":{"confidence_interval":{"confidence_level":0.95,"lower_bound":-0.0002800550951631564,"upper_bound":0.0001642696921133613},"point_estimate":-0.000049642061643595525,"standard_error":0.00010884220155245085}}