{"mean":{"confidence_interval":{"confidence_level":0.95,"lower_bound":-0.010042610842102897,"upper_bound":-0.004289429622629194},"point_estimate":-0.006831532596565326,"standard_error":0.0014781064603974145},"median":{"confidence_interval":{"confidence_level":0.95,"lower_bound":-0.0065248198229600485,"upper_bound":-0.0024186557605290204},"point_estimate":-0.004629499704222995,"standard_error":0.0010281296636208228}}