{"mean":{"confidence_interval":{"confidence_level":0.95,"lower_bound":-0.9516161533734551,"upper_bound":-0.9513976219128782},"point_estimate":-0.9515105760467617,"standard_error":0.00005546048507573662},"median":{"confidence_interval":{"confidence_level":0.95,"lower_bound":-0.9515361516281561,"upper_bound":-0.9514497314575139},"point_estimate":-0.9515016933669053,"standard_error":0.000022447384588274744}}