{"mean":{"confidence_interval":{"confidence_level":0.95,"lower_bound":-0.0004530427282514515,"upper_bound":0.0002778755695088675},"point_estimate":-0.00007430744312608706,"standard_error":0.0001866368266009393},"median":{"confidence_interval":{"confidence_level":0.95,"lower_bound":-0.00011932477784057077,"upper_bound":0.0003424017442152927},"point_estimate":0.00015404883922309764,"standard_error":0.00011625719591358819}}