{"mean":{"confidence_interval":{"confidence_level":0.95,"lower_bound":-0.893354107889295,"upper_bound":-0.8932687752141414},"point_estimate":-0.8933111899927044,"standard_error":0.000021977643594792284},"median":{"confidence_interval":{"confidence_level":0.95,"lower_bound":-0.8933648515060016,"upper_bound":-0.8933056783100879},"point_estimate":-0.8933333537958197,"standard_error":0.000015171705563510585}}