{"mean":{"confidence_interval":{"confidence_level":0.95,"lower_bound":-0.0007736592008449754,"upper_bound":0.00010085980886393428},"point_estimate":-0.0003163221458069021,"standard_error":0.00022386761679925714},"median":{"confidence_interval":{"confidence_level":0.95,"lower_bound":-0.00034843073807289127,"upper_bound":0.000250903669694047},"point_estimate":-0.00004842287949302637,"standard_error":0.00014984840328709546}}