{"mean":{"confidence_interval":{"confidence_level":0.95,"lower_bound":0.7768707670111525,"upper_bound":0.7799507700742974},"point_estimate":0.7782672331846859,"standard_error":0.00078993767155955},"median":{"confidence_interval":{"confidence_level":0.95,"lower_bound":0.7749884348152839,"upper_bound":0.7766240831749915},"point_estimate":0.7757096408898704,"standard_error":0.0004662498399103171},"median_abs_dev":{"confidence_interval":{"confidence_level":0.95,"lower_bound":0.0016153521022390339,"upper_bound":0.003417805037021822},"point_estimate":0.002395968124102778,"standard_error":0.0004966005124141304},"slope":{"confidence_interval":{"confidence_level":0.95,"lower_bound":0.7764883618737789,"upper_bound":0.7789237034653596},"point_estimate":0.777598322074831,"standard_error":0.0006214337631086175},"std_dev":{"confidence_interval":{"confidence_level":0.95,"lower_bound":0.004336791846900986,"upper_bound":0.011116072942991486},"point_estimate":0.00791414066920568,"standard_error":0.0017595689874500633}}