{"mean":{"confidence_interval":{"confidence_level":0.95,"lower_bound":-0.0016353911331466766,"upper_bound":0.0016693133850646078},"point_estimate":0.000051090176163448575,"standard_error":0.0008399440675259005},"median":{"confidence_interval":{"confidence_level":0.95,"lower_bound":-0.002053987970696114,"upper_bound":0.002869490036434552},"point_estimate":-0.0000905500851653418,"standard_error":0.0013527848722075019}}