{"mean":{"confidence_interval":{"confidence_level":0.95,"lower_bound":-0.0005660781550701127,"upper_bound":0.002235443898216787},"point_estimate":0.000774371828662801,"standard_error":0.0007148607524635103},"median":{"confidence_interval":{"confidence_level":0.95,"lower_bound":-0.00022920774218992968,"upper_bound":0.001979768809647897},"point_estimate":0.0007626644846905339,"standard_error":0.0005676356110358552}}