{"mean":{"confidence_interval":{"confidence_level":0.95,"lower_bound":5.110681470286305,"upper_bound":5.12876907613784},"point_estimate":5.118626848823132,"standard_error":0.004653586222176634},"median":{"confidence_interval":{"confidence_level":0.95,"lower_bound":5.106270904753806,"upper_bound":5.1079185121040425},"point_estimate":5.1071357482022925,"standard_error":0.0004503337444048809},"median_abs_dev":{"confidence_interval":{"confidence_level":0.95,"lower_bound":0.002693269300416162,"upper_bound":0.004695982538848194},"point_estimate":0.0038019501603957766,"standard_error":0.00048549022253415255},"slope":{"confidence_interval":{"confidence_level":0.95,"lower_bound":5.107125423030891,"upper_bound":5.114523917342505},"point_estimate":5.110087172760415,"standard_error":0.001934275745906288},"std_dev":{"confidence_interval":{"confidence_level":0.95,"lower_bound":0.01987760995121695,"upper_bound":0.06880059133061521},"point_estimate":0.04689242648676939,"standard_error":0.01266967584759254}}