{"mean":{"confidence_interval":{"confidence_level":0.95,"lower_bound":-0.8763131495838691,"upper_bound":-0.875743340762692},"point_estimate":-0.876016254639031,"standard_error":0.00014572128378692375},"median":{"confidence_interval":{"confidence_level":0.95,"lower_bound":-0.876157456483658,"upper_bound":-0.8751336697719057},"point_estimate":-0.8755668146175996,"standard_error":0.0003310552088271061}}