{"mean":{"confidence_interval":{"confidence_level":0.95,"lower_bound":4.344484591935277,"upper_bound":4.359069730417041},"point_estimate":4.350637034781829,"standard_error":0.0037630850525704066},"median":{"confidence_interval":{"confidence_level":0.95,"lower_bound":4.3424952846740945,"upper_bound":4.343652762562256},"point_estimate":4.342898115594186,"standard_error":0.0003070407203686022},"median_abs_dev":{"confidence_interval":{"confidence_level":0.95,"lower_bound":0.0018975136716866885,"upper_bound":0.0035250087635156683},"point_estimate":0.002486467033928927,"standard_error":0.00043398751844627077},"slope":{"confidence_interval":{"confidence_level":0.95,"lower_bound":4.343007290182501,"upper_bound":4.344385210933351},"point_estimate":4.343666437105508,"standard_error":0.0003518100392036309},"std_dev":{"confidence_interval":{"confidence_level":0.95,"lower_bound":0.0058486569922582676,"upper_bound":0.05992221707266741},"point_estimate":0.03775665198300172,"standard_error":0.013461600143373378}}