{"mean":{"confidence_interval":{"confidence_level":0.95,"lower_bound":-0.00042244187933129215,"upper_bound":0.0003933954195280861},"point_estimate":-6.872505404653673e-6,"standard_error":0.00020667009273059493},"median":{"confidence_interval":{"confidence_level":0.95,"lower_bound":-0.00014099080295471023,"upper_bound":0.0004004912069077715},"point_estimate":0.00005606881439312872,"standard_error":0.00014170833188537944}}