{"mean":{"confidence_interval":{"confidence_level":0.95,"lower_bound":-0.0032046730440233617,"upper_bound":0.0006080997322594091},"point_estimate":-0.0011580733376924668,"standard_error":0.0009768606044672343},"median":{"confidence_interval":{"confidence_level":0.95,"lower_bound":-0.0007148035896525906,"upper_bound":0.00003763221541528411},"point_estimate":-0.000327427511306988,"standard_error":0.00019347568434686566}}