{"mean":{"confidence_interval":{"confidence_level":0.95,"lower_bound":-0.8931379111587061,"upper_bound":-0.8928323028890606},"point_estimate":-0.8930020667051822,"standard_error":0.0000796460430748174},"median":{"confidence_interval":{"confidence_level":0.95,"lower_bound":-0.893142873101594,"upper_bound":-0.8930870579500645},"point_estimate":-0.8931068860874769,"standard_error":0.000015193130038757108}}