{"mean":{"confidence_interval":{"confidence_level":0.95,"lower_bound":-0.7631565636777736,"upper_bound":-0.7620583383107241},"point_estimate":-0.7627116461574446,"standard_error":0.00028179739929038485},"median":{"confidence_interval":{"confidence_level":0.95,"lower_bound":-0.7632646872151723,"upper_bound":-0.7631488750272701},"point_estimate":-0.7632023877869554,"standard_error":0.00002887404889558543}}