{"mean":{"confidence_interval":{"confidence_level":0.95,"lower_bound":0.0004820703760710812,"upper_bound":0.004698193704755809},"point_estimate":0.0023420550649997374,"standard_error":0.001086145616739443},"median":{"confidence_interval":{"confidence_level":0.95,"lower_bound":-0.0010145202949766174,"upper_bound":0.001664149934920367},"point_estimate":0.00054625531420327,"standard_error":0.0007120747848821974}}