{"mean":{"confidence_interval":{"confidence_level":0.95,"lower_bound":-0.32404580320610543,"upper_bound":-0.3229743857380712},"point_estimate":-0.3234727143524956,"standard_error":0.0002747458780598153},"median":{"confidence_interval":{"confidence_level":0.95,"lower_bound":-0.3231969182100223,"upper_bound":-0.3227924581185134},"point_estimate":-0.3229442671008187,"standard_error":0.00010690297406298682}}