{"mean":{"confidence_interval":{"confidence_level":0.95,"lower_bound":-0.002931650614271935,"upper_bound":0.0006052256549310682},"point_estimate":-0.0009142896236365994,"standard_error":0.0009062743298145539},"median":{"confidence_interval":{"confidence_level":0.95,"lower_bound":-0.0002339362843710724,"upper_bound":0.00032249361471237137},"point_estimate":0.00006115503508885567,"standard_error":0.00013502581565286235}}