{"mean":{"confidence_interval":{"confidence_level":0.95,"lower_bound":-0.8523715357860808,"upper_bound":-0.8522481152625974},"point_estimate":-0.8523042546448483,"standard_error":0.00003149449735519623},"median":{"confidence_interval":{"confidence_level":0.95,"lower_bound":-0.8523161977882354,"upper_bound":-0.8522455115552594},"point_estimate":-0.8522775783899301,"standard_error":0.000018362655249735016}}