{"mean":{"confidence_interval":{"confidence_level":0.95,"lower_bound":-0.00047693260962312906,"upper_bound":0.00030823356661401324},"point_estimate":-0.00008315054979535219,"standard_error":0.00019988317614198848},"median":{"confidence_interval":{"confidence_level":0.95,"lower_bound":-0.0003475448805942971,"upper_bound":0.0001789978927748681},"point_estimate":-0.0001161700112347619,"standard_error":0.00012646317999531344}}