{"mean":{"confidence_interval":{"confidence_level":0.95,"lower_bound":0.0031443662774600922,"upper_bound":0.008125563132622053},"point_estimate":0.005667714429882009,"standard_error":0.0012640842053295246},"median":{"confidence_interval":{"confidence_level":0.95,"lower_bound":0.00005226647597522671,"upper_bound":0.0033675586094734644},"point_estimate":0.0018627155857227073,"standard_error":0.0008540916616467115}}