{"mean":{"confidence_interval":{"confidence_level":0.95,"lower_bound":-0.9025773788218262,"upper_bound":-0.9024728020418602},"point_estimate":-0.9025214131650114,"standard_error":0.000026719973025982605},"median":{"confidence_interval":{"confidence_level":0.95,"lower_bound":-0.9025248567249456,"upper_bound":-0.90248278086241},"point_estimate":-0.9025014165245691,"standard_error":0.000011049608991947349}}