{"mean":{"confidence_interval":{"confidence_level":0.95,"lower_bound":-0.8070872103601465,"upper_bound":-0.8064770236187077},"point_estimate":-0.8067732283521889,"standard_error":0.00015735691277019725},"median":{"confidence_interval":{"confidence_level":0.95,"lower_bound":-0.8074047144693677,"upper_bound":-0.806636562727407},"point_estimate":-0.8069687763313443,"standard_error":0.00019728068640732237}}