{"mean":{"confidence_interval":{"confidence_level":0.95,"lower_bound":-0.0006894074463717868,"upper_bound":0.0005617661980788888},"point_estimate":-0.00007695107508676191,"standard_error":0.00031435937295507687},"median":{"confidence_interval":{"confidence_level":0.95,"lower_bound":-0.0003077206556915124,"upper_bound":0.00008485542855805038},"point_estimate":-0.00008616466245670029,"standard_error":0.00009944365657350435}}