{"mean":{"confidence_interval":{"confidence_level":0.95,"lower_bound":-5.871064934673206e-6,"upper_bound":0.0017927809576467},"point_estimate":0.0007337764708490457,"standard_error":0.00044509590667534185},"median":{"confidence_interval":{"confidence_level":0.95,"lower_bound":-0.00019590629856924835,"upper_bound":0.0004405304333625387},"point_estimate":0.00014533456997822825,"standard_error":0.00015958114325269175}}