{"mean":{"confidence_interval":{"confidence_level":0.95,"lower_bound":-0.9258657913453439,"upper_bound":-0.9256619634305112},"point_estimate":-0.9257476258884763,"standard_error":0.000053096036092777483},"median":{"confidence_interval":{"confidence_level":0.95,"lower_bound":-0.9256815887492176,"upper_bound":-0.9256513106277534},"point_estimate":-0.9256631305133873,"standard_error":7.66093090316329e-6}}