{"mean":{"confidence_interval":{"confidence_level":0.95,"lower_bound":7.429660851965976,"upper_bound":7.434364900657574},"point_estimate":7.431791369682644,"standard_error":0.0012057303562149522},"median":{"confidence_interval":{"confidence_level":0.95,"lower_bound":7.427005565417235,"upper_bound":7.429229604709075},"point_estimate":7.427890481965454,"standard_error":0.0006367379134365145},"median_abs_dev":{"confidence_interval":{"confidence_level":0.95,"lower_bound":0.0024636028413323858,"upper_bound":0.00483031718405374},"point_estimate":0.0031431353161304344,"standard_error":0.0006926378582912505},"slope":{"confidence_interval":{"confidence_level":0.95,"lower_bound":7.428997554348295,"upper_bound":7.432755407979081},"point_estimate":7.430658285735925,"standard_error":0.0009637200185592671},"std_dev":{"confidence_interval":{"confidence_level":0.95,"lower_bound":0.006580452132490972,"upper_bound":0.016718307873115214},"point_estimate":0.012118504304212902,"standard_error":0.002565365859768386}}