{"mean":{"confidence_interval":{"confidence_level":0.95,"lower_bound":-0.004127657288388288,"upper_bound":0.001098349084409898},"point_estimate":-0.0013926641356166725,"standard_error":0.0013312928034397552},"median":{"confidence_interval":{"confidence_level":0.95,"lower_bound":-0.0008480610453367454,"upper_bound":0.00143832048459042},"point_estimate":1.8836468460570188e-6,"standard_error":0.0005704592025706322}}