{"mean":{"confidence_interval":{"confidence_level":0.95,"lower_bound":-0.0016213374546515612,"upper_bound":0.0010253381213057298},"point_estimate":-0.00034683055956408193,"standard_error":0.000671094109201214},"median":{"confidence_interval":{"confidence_level":0.95,"lower_bound":-0.000997210363494827,"upper_bound":0.00122631122421907},"point_estimate":0.00023426574719009885,"standard_error":0.0005659357595508461}}