{"mean":{"confidence_interval":{"confidence_level":0.95,"lower_bound":-0.0009168158274024671,"upper_bound":0.0016199343221102718},"point_estimate":0.0001570468166942618,"standard_error":0.0006319209632088923},"median":{"confidence_interval":{"confidence_level":0.95,"lower_bound":-0.0005979800620993236,"upper_bound":0.000479360305398302},"point_estimate":-0.00016662430592784272,"standard_error":0.0002599126704159939}}