{"mean":{"confidence_interval":{"confidence_level":0.95,"lower_bound":-0.9082474353609303,"upper_bound":-0.9081298729462829},"point_estimate":-0.9081838409453193,"standard_error":0.000030084388713370725},"median":{"confidence_interval":{"confidence_level":0.95,"lower_bound":-0.9081698650090582,"upper_bound":-0.9081138693330844},"point_estimate":-0.9081402988629323,"standard_error":0.000013872539777383759}}