{"mean":{"confidence_interval":{"confidence_level":0.95,"lower_bound":-0.009119995942132092,"upper_bound":-0.005043860221996028},"point_estimate":-0.007044447475791249,"standard_error":0.001038788780722248},"median":{"confidence_interval":{"confidence_level":0.95,"lower_bound":-0.006486054748571412,"upper_bound":-0.003283065338765206},"point_estimate":-0.004514411319150979,"standard_error":0.0008220933696391189}}