{"mean":{"confidence_interval":{"confidence_level":0.95,"lower_bound":-0.9079346974824288,"upper_bound":-0.9077418200538468},"point_estimate":-0.9078310727263104,"standard_error":0.00004790591161853675},"median":{"confidence_interval":{"confidence_level":0.95,"lower_bound":-0.9077868767631855,"upper_bound":-0.9076233426595931},"point_estimate":-0.9077124472500367,"standard_error":0.000038859666008948236}}