{"mean":{"confidence_interval":{"confidence_level":0.95,"lower_bound":3.20016883225561,"upper_bound":3.2023215838752934},"point_estimate":3.2011624096752502,"standard_error":0.0005520778450680405},"median":{"confidence_interval":{"confidence_level":0.95,"lower_bound":3.198626393801314,"upper_bound":3.2000973362256713},"point_estimate":3.199240963245299,"standard_error":0.00034718091267575083},"median_abs_dev":{"confidence_interval":{"confidence_level":0.95,"lower_bound":0.0014996948684237955,"upper_bound":0.0034965109288000794},"point_estimate":0.002307440727544703,"standard_error":0.0004824106047566407},"slope":{"confidence_interval":{"confidence_level":0.95,"lower_bound":3.1995989846888815,"upper_bound":3.201300793734721},"point_estimate":3.2003956231388906,"standard_error":0.0004347948374055107},"std_dev":{"confidence_interval":{"confidence_level":0.95,"lower_bound":0.0033624926040818144,"upper_bound":0.007655371008636047},"point_estimate":0.005566313581607082,"standard_error":0.0011267280715871466}}