{"mean":{"confidence_interval":{"confidence_level":0.95,"lower_bound":-0.00012172242405448497,"upper_bound":0.00300711100683777},"point_estimate":0.0011697176706562118,"standard_error":0.0008113603982640605},"median":{"confidence_interval":{"confidence_level":0.95,"lower_bound":-0.0003295006811373513,"upper_bound":0.000060741505598715936},"point_estimate":-0.00011544868506574435,"standard_error":0.00009959092045162159}}