{"mean":{"confidence_interval":{"confidence_level":0.95,"lower_bound":11.506977445576336,"upper_bound":11.517323742503802},"point_estimate":11.512222031815215,"standard_error":0.002636170281480527},"median":{"confidence_interval":{"confidence_level":0.95,"lower_bound":11.506354297401572,"upper_bound":11.525320773785692},"point_estimate":11.518625084599627,"standard_error":0.005373727756176812},"median_abs_dev":{"confidence_interval":{"confidence_level":0.95,"lower_bound":0.01792513813625502,"upper_bound":0.03151548930221944},"point_estimate":0.024233467793497082,"standard_error":0.0032851101086705486},"slope":{"confidence_interval":{"confidence_level":0.95,"lower_bound":11.500740294297586,"upper_bound":11.510939265852489},"point_estimate":11.505765462085392,"standard_error":0.0025979309195789794},"std_dev":{"confidence_interval":{"confidence_level":0.95,"lower_bound":0.02239804830323291,"upper_bound":0.030243857604627247},"point_estimate":0.026472631816598993,"standard_error":0.0019980693533101462}}