{"mean":{"confidence_interval":{"confidence_level":0.95,"lower_bound":-0.005552642443090472,"upper_bound":-0.0015069627391339135},"point_estimate":-0.0034012466109942796,"standard_error":0.0010355892823305714},"median":{"confidence_interval":{"confidence_level":0.95,"lower_bound":-0.000655743799528215,"upper_bound":0.00030764034079443995},"point_estimate":-0.00007639479613819056,"standard_error":0.0002486364107857517}}