{"mean":{"confidence_interval":{"confidence_level":0.95,"lower_bound":-0.0002074838878140528,"upper_bound":0.0015867966232507632},"point_estimate":0.0005025079674843003,"standard_error":0.00047438310978678745},"median":{"confidence_interval":{"confidence_level":0.95,"lower_bound":-0.00032334868379080284,"upper_bound":0.00024277250936521888},"point_estimate":-0.0001059918649480851,"standard_error":0.00013737196127749322}}