{"mean":{"confidence_interval":{"confidence_level":0.95,"lower_bound":-0.9529537686679568,"upper_bound":-0.9528102181045872},"point_estimate":-0.9528706958772492,"standard_error":0.000037156734654315465},"median":{"confidence_interval":{"confidence_level":0.95,"lower_bound":-0.9528237921001682,"upper_bound":-0.9528020248756006},"point_estimate":-0.9528150587971991,"standard_error":5.473879107590414e-6}}