{"mean":{"confidence_interval":{"confidence_level":0.95,"lower_bound":-0.710059740099354,"upper_bound":-0.7097327309596286},"point_estimate":-0.7098889270690436,"standard_error":0.00008340921335564645},"median":{"confidence_interval":{"confidence_level":0.95,"lower_bound":-0.7099618524428363,"upper_bound":-0.7098251024690263},"point_estimate":-0.7098847244103408,"standard_error":0.000036790382104014016}}