{"mean":{"confidence_interval":{"confidence_level":0.95,"lower_bound":-0.9320373109372707,"upper_bound":-0.9318199561228537},"point_estimate":-0.9319129014015244,"standard_error":0.00005611213005859305},"median":{"confidence_interval":{"confidence_level":0.95,"lower_bound":-0.9318332769590522,"upper_bound":-0.9317975029404166},"point_estimate":-0.9318169696781308,"standard_error":9.648963960532508e-6}}