{"mean":{"confidence_interval":{"confidence_level":0.95,"lower_bound":-0.7659170575921904,"upper_bound":-0.7655904494644868},"point_estimate":-0.7657371601445035,"standard_error":0.00008394125205680547},"median":{"confidence_interval":{"confidence_level":0.95,"lower_bound":-0.7656884903372674,"upper_bound":-0.7655845749075484},"point_estimate":-0.7656329490552303,"standard_error":0.000026573279935254964}}