{"mean":{"confidence_interval":{"confidence_level":0.95,"lower_bound":-0.0030251777233829347,"upper_bound":0.00011529783076520965},"point_estimate":-0.0012332381005903947,"standard_error":0.0008117351075360123},"median":{"confidence_interval":{"confidence_level":0.95,"lower_bound":-0.0002539095696716398,"upper_bound":0.0003604008546675974},"point_estimate":0.00005056695454053184,"standard_error":0.00015536644112838956}}