{"mean":{"confidence_interval":{"confidence_level":0.95,"lower_bound":-0.002278256729765748,"upper_bound":-0.000030035564342062515},"point_estimate":-0.000892243914395241,"standard_error":0.0006041089100688138},"median":{"confidence_interval":{"confidence_level":0.95,"lower_bound":-0.00032968727695681377,"upper_bound":0.00023041380158616464},"point_estimate":0.000015465335752029574,"standard_error":0.0001429935288741558}}