{"mean":{"confidence_interval":{"confidence_level":0.95,"lower_bound":-0.822356201940098,"upper_bound":-0.8222534978373308},"point_estimate":-0.8223048882113688,"standard_error":0.000026300352769039927},"median":{"confidence_interval":{"confidence_level":0.95,"lower_bound":-0.8223656410692107,"upper_bound":-0.8222625852576411},"point_estimate":-0.8223220826241442,"standard_error":0.000027036144320789372}}