{"mean":{"confidence_interval":{"confidence_level":0.95,"lower_bound":-0.8897283728018927,"upper_bound":-0.889407838432317},"point_estimate":-0.8895706347193432,"standard_error":0.00007976519703159721},"median":{"confidence_interval":{"confidence_level":0.95,"lower_bound":-0.8897003039083753,"upper_bound":-0.8893619702573513},"point_estimate":-0.8896118507539604,"standard_error":0.00009041139391136217}}