{"mean":{"confidence_interval":{"confidence_level":0.95,"lower_bound":-0.004198130178703984,"upper_bound":-0.000022971660707619255},"point_estimate":-0.0019674215355492963,"standard_error":0.0010637391873786048},"median":{"confidence_interval":{"confidence_level":0.95,"lower_bound":-0.003383146054905417,"upper_bound":0.0001640715606168186},"point_estimate":-0.0014096637469737106,"standard_error":0.000946543443348715}}