{"mean":{"confidence_interval":{"confidence_level":0.95,"lower_bound":-0.7625111863568633,"upper_bound":-0.7619426898884328},"point_estimate":-0.7622803641193061,"standard_error":0.00014513657432099888},"median":{"confidence_interval":{"confidence_level":0.95,"lower_bound":-0.7626605717276904,"upper_bound":-0.7624989414879116},"point_estimate":-0.762576005870667,"standard_error":0.00004173856945526076}}