{"mean":{"confidence_interval":{"confidence_level":0.95,"lower_bound":-0.003358584675161774,"upper_bound":-0.0019461088604657284},"point_estimate":-0.0026634141824550817,"standard_error":0.00036587085342307723},"median":{"confidence_interval":{"confidence_level":0.95,"lower_bound":-0.002107699033383925,"upper_bound":-0.0011358376810767234},"point_estimate":-0.0015848610854310996,"standard_error":0.00024129386440386843}}