{"mean":{"confidence_interval":{"confidence_level":0.95,"lower_bound":-0.00033333039963887034,"upper_bound":0.003056600432326527},"point_estimate":0.001141679230860726,"standard_error":0.000902469016246261},"median":{"confidence_interval":{"confidence_level":0.95,"lower_bound":-0.00019059396050571093,"upper_bound":0.00018838658659717158},"point_estimate":-2.8633049882209605e-6,"standard_error":0.00009638401850149285}}