{"mean":{"confidence_interval":{"confidence_level":0.95,"lower_bound":-0.7914162586587951,"upper_bound":-0.7911960115964785},"point_estimate":-0.7913161250149572,"standard_error":0.00005682872103422412},"median":{"confidence_interval":{"confidence_level":0.95,"lower_bound":-0.7914323928846739,"upper_bound":-0.7912911489604368},"point_estimate":-0.791364554926643,"standard_error":0.00003684149349009483}}