{"mean":{"confidence_interval":{"confidence_level":0.95,"lower_bound":-0.9079428497884338,"upper_bound":-0.9077547431964338},"point_estimate":-0.9078555329766984,"standard_error":0.00004566214477018643},"median":{"confidence_interval":{"confidence_level":0.95,"lower_bound":-0.9077614966053186,"upper_bound":-0.9076395392871123},"point_estimate":-0.9077161941302887,"standard_error":0.000033755684721217854}}