{"mean":{"confidence_interval":{"confidence_level":0.95,"lower_bound":-0.7581640426848941,"upper_bound":-0.7579337496565501},"point_estimate":-0.7580519776819836,"standard_error":0.00005762738165498171},"median":{"confidence_interval":{"confidence_level":0.95,"lower_bound":-0.7581784511220286,"upper_bound":-0.7580646934259696},"point_estimate":-0.7581393899321408,"standard_error":0.000029389501909617735}}