{"mean":{"confidence_interval":{"confidence_level":0.95,"lower_bound":-0.002995991472292508,"upper_bound":0.00017178691851374884},"point_estimate":-0.0011839865833984664,"standard_error":0.0008201463108979191},"median":{"confidence_interval":{"confidence_level":0.95,"lower_bound":-0.0002195021985220702,"upper_bound":0.0002753942452695668},"point_estimate":0.00005913168885962605,"standard_error":0.00013038971431815212}}