{"mean":{"confidence_interval":{"confidence_level":0.95,"lower_bound":0.007013763306959553,"upper_bound":0.01024409830559611},"point_estimate":0.00853449300007858,"standard_error":0.0008354568601913992},"median":{"confidence_interval":{"confidence_level":0.95,"lower_bound":0.007020378625137047,"upper_bound":0.00818669950434403},"point_estimate":0.007416059146006848,"standard_error":0.0002977804209297627}}