{"mean":{"confidence_interval":{"confidence_level":0.95,"lower_bound":-0.0025546616045094474,"upper_bound":0.0006591791243126255},"point_estimate":-0.0007279392123044071,"standard_error":0.000829815469258128},"median":{"confidence_interval":{"confidence_level":0.95,"lower_bound":-0.00004171115357665123,"upper_bound":0.0010249508806994267},"point_estimate":0.0005321896420338312,"standard_error":0.0002715925789651931}}