{"mean":{"confidence_interval":{"confidence_level":0.95,"lower_bound":-0.9537726848327205,"upper_bound":-0.9535051775126391},"point_estimate":-0.9536532937016167,"standard_error":0.00006814306125907499},"median":{"confidence_interval":{"confidence_level":0.95,"lower_bound":-0.9537006499981603,"upper_bound":-0.9536660633782026},"point_estimate":-0.9536882199472027,"standard_error":8.549744646247595e-6}}