{"mean":{"confidence_interval":{"confidence_level":0.95,"lower_bound":-0.0026076080333959023,"upper_bound":0.0004611912598480315},"point_estimate":-0.0007415341026321132,"standard_error":0.0008135643599250633},"median":{"confidence_interval":{"confidence_level":0.95,"lower_bound":-0.00033753351316268,"upper_bound":0.00020023780379951894},"point_estimate":-0.00007655265772044118,"standard_error":0.00013867392135887883}}