{"mean":{"confidence_interval":{"confidence_level":0.95,"lower_bound":3.856464464205449,"upper_bound":3.8689093267978762},"point_estimate":3.8618195844322103,"standard_error":0.0032044585803545503},"median":{"confidence_interval":{"confidence_level":0.95,"lower_bound":3.855127874712274,"upper_bound":3.8572471267269086},"point_estimate":3.856241307128256,"standard_error":0.0005808760016742171},"median_abs_dev":{"confidence_interval":{"confidence_level":0.95,"lower_bound":0.0033160556093579994,"upper_bound":0.005831945664449469},"point_estimate":0.004419206830957578,"standard_error":0.0006482363955703499},"slope":{"confidence_interval":{"confidence_level":0.95,"lower_bound":3.8558326547957105,"upper_bound":3.857328457937598},"point_estimate":3.856586667489063,"standard_error":0.0003798711873975045},"std_dev":{"confidence_interval":{"confidence_level":0.95,"lower_bound":0.007925631169448286,"upper_bound":0.04906766721712002},"point_estimate":0.03235097691871781,"standard_error":0.010255836444264203}}