{"mean":{"confidence_interval":{"confidence_level":0.95,"lower_bound":-0.9263928798991384,"upper_bound":-0.926296684653568},"point_estimate":-0.9263481947056537,"standard_error":0.00002442562213957041},"median":{"confidence_interval":{"confidence_level":0.95,"lower_bound":-0.9263866533766868,"upper_bound":-0.9263555313933567},"point_estimate":-0.9263725030598916,"standard_error":7.5624997675659405e-6}}