{"mean":{"confidence_interval":{"confidence_level":0.95,"lower_bound":0.00021835962503311554,"upper_bound":0.003100033787260368},"point_estimate":0.00150271610390873,"standard_error":0.0007130141985961905},"median":{"confidence_interval":{"confidence_level":0.95,"lower_bound":-0.00013079971137963664,"upper_bound":0.0003299927279398762},"point_estimate":0.00011025313706869433,"standard_error":0.00011814635496287287}}