{"mean":{"confidence_interval":{"confidence_level":0.95,"lower_bound":0.6205211016041029,"upper_bound":0.6213217130852383},"point_estimate":0.6208293806861032,"standard_error":0.00021331108332853504},"median":{"confidence_interval":{"confidence_level":0.95,"lower_bound":0.6203119156883645,"upper_bound":0.6204779671758986},"point_estimate":0.6203516544888944,"standard_error":0.00004954309849757278},"median_abs_dev":{"confidence_interval":{"confidence_level":0.95,"lower_bound":0.00024116106903898538,"upper_bound":0.0004970245684896673},"point_estimate":0.0003753661881609982,"standard_error":0.0000645077330031483},"slope":{"confidence_interval":{"confidence_level":0.95,"lower_bound":0.6205376681281843,"upper_bound":0.6218314014624263},"point_estimate":0.6210003546769617,"standard_error":0.000357995673154708},"std_dev":{"confidence_interval":{"confidence_level":0.95,"lower_bound":0.0005526395920984194,"upper_bound":0.0035523566297902187},"point_estimate":0.002146277225133807,"standard_error":0.0009831321552324507}}