{"mean":{"confidence_interval":{"confidence_level":0.95,"lower_bound":0.0010437520290338508,"upper_bound":0.002141863067205696},"point_estimate":0.00161228333634722,"standard_error":0.00027241715392745244},"median":{"confidence_interval":{"confidence_level":0.95,"lower_bound":0.001028060520412044,"upper_bound":0.0019778458200634397},"point_estimate":0.001492098917416751,"standard_error":0.000253235213532554}}