{"mean":{"confidence_interval":{"confidence_level":0.95,"lower_bound":-0.0032221152471139823,"upper_bound":0.00012480007460684525},"point_estimate":-0.0012979186053053704,"standard_error":0.0008663717452854179},"median":{"confidence_interval":{"confidence_level":0.95,"lower_bound":-0.00019688427170927447,"upper_bound":0.00018901502705497247},"point_estimate":-0.000017221867484984443,"standard_error":0.00010054741806892405}}