{"mean":{"confidence_interval":{"confidence_level":0.95,"lower_bound":-0.00044951663668525146,"upper_bound":0.0004786706210099186},"point_estimate":9.777654988329942e-6,"standard_error":0.00023691314147967756},"median":{"confidence_interval":{"confidence_level":0.95,"lower_bound":-0.0005073854263176747,"upper_bound":0.00034660536677622034},"point_estimate":-0.00015053866559988638,"standard_error":0.00022050224674338332}}