{"mean":{"confidence_interval":{"confidence_level":0.95,"lower_bound":-0.811273034817929,"upper_bound":-0.8107861170745518},"point_estimate":-0.8110866984607679,"standard_error":0.00014221982610263434},"median":{"confidence_interval":{"confidence_level":0.95,"lower_bound":-0.8112855452435754,"upper_bound":-0.8111883952842974},"point_estimate":-0.8112311633082326,"standard_error":0.000026238687494115248}}