{"mean":{"confidence_interval":{"confidence_level":0.95,"lower_bound":10.184188623109543,"upper_bound":10.19156143309953},"point_estimate":10.187498771932775,"standard_error":0.001893162021654389},"median":{"confidence_interval":{"confidence_level":0.95,"lower_bound":10.181192668433226,"upper_bound":10.185467686859626},"point_estimate":10.183607710060212,"standard_error":0.0011428567510762162},"median_abs_dev":{"confidence_interval":{"confidence_level":0.95,"lower_bound":0.005126495642091205,"upper_bound":0.008878044913556826},"point_estimate":0.006399728612912561,"standard_error":0.0009976448336077633},"slope":{"confidence_interval":{"confidence_level":0.95,"lower_bound":10.183787468307179,"upper_bound":10.195791678011465},"point_estimate":10.188909965034277,"standard_error":0.0031235554281115285},"std_dev":{"confidence_interval":{"confidence_level":0.95,"lower_bound":0.008688825423693359,"upper_bound":0.026567614661637793},"point_estimate":0.01901160461553621,"standard_error":0.004392105465432768}}