{"mean":{"confidence_interval":{"confidence_level":0.95,"lower_bound":-0.0041848083668685225,"upper_bound":-0.00031770728638073344},"point_estimate":-0.002023960993347229,"standard_error":0.0010009306854059305},"median":{"confidence_interval":{"confidence_level":0.95,"lower_bound":-0.00044222845043995467,"upper_bound":0.0002391820927767352},"point_estimate":-0.00014111909976621817,"standard_error":0.00017439147916023892}}