{"mean":{"confidence_interval":{"confidence_level":0.95,"lower_bound":-0.00031596318307990643,"upper_bound":0.00037811306204936756},"point_estimate":0.00003750762773835348,"standard_error":0.00017687045583635852},"median":{"confidence_interval":{"confidence_level":0.95,"lower_bound":-0.00025497630477477884,"upper_bound":0.00016662239569398274},"point_estimate":-0.00010651664829475216,"standard_error":0.00010868382855762938}}