{"mean":{"confidence_interval":{"confidence_level":0.95,"lower_bound":-0.0007259606216560826,"upper_bound":0.0030265522416885625},"point_estimate":0.0010217490017954134,"standard_error":0.0009647335727160054},"median":{"confidence_interval":{"confidence_level":0.95,"lower_bound":-0.0004748990716343382,"upper_bound":0.00020527713000229042},"point_estimate":-0.0001014499809942615,"standard_error":0.000168955428833603}}