{"mean":{"confidence_interval":{"confidence_level":0.95,"lower_bound":-0.0007674651464323945,"upper_bound":0.0004620695063381858},"point_estimate":-0.00020389884505678246,"standard_error":0.000313005558063868},"median":{"confidence_interval":{"confidence_level":0.95,"lower_bound":-0.0006351758036521327,"upper_bound":-0.0000851753450730186},"point_estimate":-0.00029485722909006196,"standard_error":0.00014743533743256888}}