{"mean":{"confidence_interval":{"confidence_level":0.95,"lower_bound":-0.005187787090285705,"upper_bound":-0.000738234466836077},"point_estimate":-0.002906409942191046,"standard_error":0.0011325860298935138},"median":{"confidence_interval":{"confidence_level":0.95,"lower_bound":-0.0038527106389032,"upper_bound":0.0013042034724939366},"point_estimate":-0.0008043665576892289,"standard_error":0.0013929719894379556}}