{"mean":{"confidence_interval":{"confidence_level":0.95,"lower_bound":-0.5603839137886568,"upper_bound":-0.5596944731204334},"point_estimate":-0.5600594581717003,"standard_error":0.00017672773915923586},"median":{"confidence_interval":{"confidence_level":0.95,"lower_bound":-0.5603561257690027,"upper_bound":-0.5600724546968968},"point_estimate":-0.5601896119361363,"standard_error":0.00006961913005272526}}