{"mean":{"confidence_interval":{"confidence_level":0.95,"lower_bound":-0.0003046787963690123,"upper_bound":0.00044975316777555647},"point_estimate":0.0000608490353790625,"standard_error":0.00019308735648267182},"median":{"confidence_interval":{"confidence_level":0.95,"lower_bound":-0.00023928815555673832,"upper_bound":0.0002694608135286878},"point_estimate":1.0862107593379022e-6,"standard_error":0.0001238801973109054}}