{"mean":{"confidence_interval":{"confidence_level":0.95,"lower_bound":-0.0002746121030181764,"upper_bound":0.0017173727759893175},"point_estimate":0.0004724210335298462,"standard_error":0.0005614222266484156},"median":{"confidence_interval":{"confidence_level":0.95,"lower_bound":-0.00023710701497992037,"upper_bound":0.00023286972362335234},"point_estimate":-0.00004420923392267628,"standard_error":0.00011750627477293866}}