{"mean":{"confidence_interval":{"confidence_level":0.95,"lower_bound":0.3151883858991783,"upper_bound":0.3196172206665526},"point_estimate":0.31754833354725887,"standard_error":0.0011282988358787857},"median":{"confidence_interval":{"confidence_level":0.95,"lower_bound":0.316732660606984,"upper_bound":0.31946053072480285},"point_estimate":0.31816737308088605,"standard_error":0.0007112967193775063}}