{"mean":{"confidence_interval":{"confidence_level":0.95,"lower_bound":0.5042362800705761,"upper_bound":0.5044919277218657},"point_estimate":0.5043562954912137,"standard_error":0.00006541360312655112},"median":{"confidence_interval":{"confidence_level":0.95,"lower_bound":0.504079920932977,"upper_bound":0.5042500769689695},"point_estimate":0.5041466202599183,"standard_error":0.000037524680752407145},"median_abs_dev":{"confidence_interval":{"confidence_level":0.95,"lower_bound":0.0002648215759899615,"upper_bound":0.0004688614495416931},"point_estimate":0.00035381288963001327,"standard_error":0.000053272938342651776},"slope":{"confidence_interval":{"confidence_level":0.95,"lower_bound":0.5042044494552541,"upper_bound":0.5044931760476269},"point_estimate":0.5043326849109592,"standard_error":0.00007419307092401746},"std_dev":{"confidence_interval":{"confidence_level":0.95,"lower_bound":0.000439838365561889,"upper_bound":0.000876844141621366},"point_estimate":0.0006587272319218077,"standard_error":0.00011476469082588145}}