{"mean":{"confidence_interval":{"confidence_level":0.95,"lower_bound":0.0033024755281186426,"upper_bound":0.0045979336725057995},"point_estimate":0.003967100017367109,"standard_error":0.00033029252695171397},"median":{"confidence_interval":{"confidence_level":0.95,"lower_bound":0.004615312654997261,"upper_bound":0.0056619773522466055},"point_estimate":0.005131678059405065,"standard_error":0.0002461980307147649}}