{"mean":{"confidence_interval":{"confidence_level":0.95,"lower_bound":-0.001038458918024526,"upper_bound":-0.00003700602764698541},"point_estimate":-0.0005248551859475814,"standard_error":0.00025568342838039153},"median":{"confidence_interval":{"confidence_level":0.95,"lower_bound":-0.00043943014566616423,"upper_bound":0.00007018095156263726},"point_estimate":-0.0002065951947394229,"standard_error":0.00013151722875602426}}