{"mean":{"confidence_interval":{"confidence_level":0.95,"lower_bound":-0.0004861173280327285,"upper_bound":0.00025588602354323364},"point_estimate":-0.00009651078606531804,"standard_error":0.00018823539834867152},"median":{"confidence_interval":{"confidence_level":0.95,"lower_bound":-0.000314678537024049,"upper_bound":0.00020545729752807773},"point_estimate":-6.559212692880401e-6,"standard_error":0.00013688269584496968}}