{"mean":{"confidence_interval":{"confidence_level":0.95,"lower_bound":-0.951611370910021,"upper_bound":-0.9515627636963994},"point_estimate":-0.951584636613991,"standard_error":0.000012458847046598197},"median":{"confidence_interval":{"confidence_level":0.95,"lower_bound":-0.9515833508289757,"upper_bound":-0.9515522262492762},"point_estimate":-0.9515681335313758,"standard_error":7.181581156139776e-6}}