{"mean":{"confidence_interval":{"confidence_level":0.95,"lower_bound":0.47807110096424926,"upper_bound":0.47959955404974625},"point_estimate":0.4788207869389954,"standard_error":0.0003896054428080674},"median":{"confidence_interval":{"confidence_level":0.95,"lower_bound":0.477178375703367,"upper_bound":0.4788055494807917},"point_estimate":0.4779100489543844,"standard_error":0.00036764355410574297},"median_abs_dev":{"confidence_interval":{"confidence_level":0.95,"lower_bound":0.0025054056272290413,"upper_bound":0.004129612574764408},"point_estimate":0.0032692382231152236,"standard_error":0.0004144829153131305},"slope":{"confidence_interval":{"confidence_level":0.95,"lower_bound":0.47718637076885967,"upper_bound":0.47835851582557043},"point_estimate":0.47776353601344157,"standard_error":0.000299466403165906},"std_dev":{"confidence_interval":{"confidence_level":0.95,"lower_bound":0.0032686247915893495,"upper_bound":0.004489222184464569},"point_estimate":0.0039240139648772255,"standard_error":0.00031162043159882555}}