{"mean":{"confidence_interval":{"confidence_level":0.95,"lower_bound":-0.0012938853859042726,"upper_bound":0.0013859661583449753},"point_estimate":0.00006135654708905314,"standard_error":0.0006909514182860771},"median":{"confidence_interval":{"confidence_level":0.95,"lower_bound":-0.0018297982765485366,"upper_bound":0.001068404956242608},"point_estimate":-0.00028573934078868213,"standard_error":0.0007342444937032973}}