{"mean":{"confidence_interval":{"confidence_level":0.95,"lower_bound":-0.35736732848699443,"upper_bound":-0.35655895677804983},"point_estimate":-0.35692515446975037,"standard_error":0.00020652290521267213},"median":{"confidence_interval":{"confidence_level":0.95,"lower_bound":-0.3568550949760788,"upper_bound":-0.3565168453002303},"point_estimate":-0.3567183758895054,"standard_error":0.00009197656306601523}}