{"mean":{"confidence_interval":{"confidence_level":0.95,"lower_bound":0.5041753966348604,"upper_bound":0.504432856558969},"point_estimate":0.5042954212748415,"standard_error":0.00006575474605327021},"median":{"confidence_interval":{"confidence_level":0.95,"lower_bound":0.5040673443470959,"upper_bound":0.5041986507483422},"point_estimate":0.5041526894129018,"standard_error":0.000027352951189836868},"median_abs_dev":{"confidence_interval":{"confidence_level":0.95,"lower_bound":0.0003010486889931218,"upper_bound":0.0005072718967381197},"point_estimate":0.0004192769793835091,"standard_error":0.00004791884423908402},"slope":{"confidence_interval":{"confidence_level":0.95,"lower_bound":0.50417639015878,"upper_bound":0.5044518147713208},"point_estimate":0.5042975614382449,"standard_error":0.0000706216308331484},"std_dev":{"confidence_interval":{"confidence_level":0.95,"lower_bound":0.00039912296522822966,"upper_bound":0.0008770693207783953},"point_estimate":0.0006623676106703937,"standard_error":0.00011990202164401451}}