{"mean":{"confidence_interval":{"confidence_level":0.95,"lower_bound":-0.9228404369163044,"upper_bound":-0.9225981961735187},"point_estimate":-0.9227016707966892,"standard_error":0.00006302791312639132},"median":{"confidence_interval":{"confidence_level":0.95,"lower_bound":-0.9226115681722871,"upper_bound":-0.9225784103046919},"point_estimate":-0.9225971411701092,"standard_error":7.793116152697596e-6}}