{"mean":{"confidence_interval":{"confidence_level":0.95,"lower_bound":-0.9567579179730148,"upper_bound":-0.9566248152006697},"point_estimate":-0.956681526600391,"standard_error":0.00003419683948804076},"median":{"confidence_interval":{"confidence_level":0.95,"lower_bound":-0.9566343921735841,"upper_bound":-0.9566134096428429},"point_estimate":-0.9566232126080159,"standard_error":5.42752964809584e-6}}