{"mean":{"confidence_interval":{"confidence_level":0.95,"lower_bound":-0.0013725370724611491,"upper_bound":0.0008476191429572282},"point_estimate":-0.00015520063657725736,"standard_error":0.0005684488443431293},"median":{"confidence_interval":{"confidence_level":0.95,"lower_bound":-0.00042966304164715474,"upper_bound":0.00040418356688221024},"point_estimate":-0.0001043101661732937,"standard_error":0.0002137637763187395}}