{"mean":{"confidence_interval":{"confidence_level":0.95,"lower_bound":-0.7451444129531675,"upper_bound":-0.7444473602269196},"point_estimate":-0.7447800449106299,"standard_error":0.0001817159804193121},"median":{"confidence_interval":{"confidence_level":0.95,"lower_bound":-0.7446293657689077,"upper_bound":-0.7444406269255204},"point_estimate":-0.7445525415618003,"standard_error":0.00004667124605205085}}