{"mean":{"confidence_interval":{"confidence_level":0.95,"lower_bound":-0.003121956321037868,"upper_bound":0.00003711176819428118},"point_estimate":-0.0013135661307909219,"standard_error":0.0008177008898098669},"median":{"confidence_interval":{"confidence_level":0.95,"lower_bound":-0.0002199189032382476,"upper_bound":0.0002676140544088934},"point_estimate":0.0000216940336383864,"standard_error":0.00012690532516599425}}