{"mean":{"confidence_interval":{"confidence_level":0.95,"lower_bound":0.6205138362611843,"upper_bound":0.6208356572381276},"point_estimate":0.6206660747478997,"standard_error":0.00008228776355336431},"median":{"confidence_interval":{"confidence_level":0.95,"lower_bound":0.6203353390155074,"upper_bound":0.6205281792885362},"point_estimate":0.620428982067818,"standard_error":0.00004730611875045344},"median_abs_dev":{"confidence_interval":{"confidence_level":0.95,"lower_bound":0.00033715698427404787,"upper_bound":0.0005810927663430054},"point_estimate":0.0004394199892090642,"standard_error":0.00006393370440453511},"slope":{"confidence_interval":{"confidence_level":0.95,"lower_bound":0.6204848562797282,"upper_bound":0.6207795101535235},"point_estimate":0.6206221803706344,"standard_error":0.00007555237087119554},"std_dev":{"confidence_interval":{"confidence_level":0.95,"lower_bound":0.0005811172361160574,"upper_bound":0.001044350345763228},"point_estimate":0.0008280710760582022,"standard_error":0.0001185998673411104}}