{"mean":{"confidence_interval":{"confidence_level":0.95,"lower_bound":-0.856778948298642,"upper_bound":-0.8566074410428285},"point_estimate":-0.8566909212398552,"standard_error":0.000043711306800857155},"median":{"confidence_interval":{"confidence_level":0.95,"lower_bound":-0.8568737404507665,"upper_bound":-0.8567033116896737},"point_estimate":-0.8567930277901084,"standard_error":0.000046153106637842494}}