{"mean":{"confidence_interval":{"confidence_level":0.95,"lower_bound":0.6205661009704575,"upper_bound":0.6211218518516314},"point_estimate":0.6208027063001296,"standard_error":0.0001432183534800539},"median":{"confidence_interval":{"confidence_level":0.95,"lower_bound":0.6203477930225436,"upper_bound":0.6206577067933439},"point_estimate":0.6204874520021735,"standard_error":0.00007491376330224748},"median_abs_dev":{"confidence_interval":{"confidence_level":0.95,"lower_bound":0.0003943103943471127,"upper_bound":0.0006563393195326094},"point_estimate":0.0004931326835351508,"standard_error":0.00006571868193096742},"slope":{"confidence_interval":{"confidence_level":0.95,"lower_bound":0.6205010076468093,"upper_bound":0.620768153128701},"point_estimate":0.620624517440486,"standard_error":0.000068319905034671},"std_dev":{"confidence_interval":{"confidence_level":0.95,"lower_bound":0.0005883170732764642,"upper_bound":0.002225655732549288},"point_estimate":0.001436092993903132,"standard_error":0.00046952969466570636}}