{"mean":{"confidence_interval":{"confidence_level":0.95,"lower_bound":-0.000992840170028527,"upper_bound":0.0017451141570826887},"point_estimate":0.00037179868774162017,"standard_error":0.000700895858265294},"median":{"confidence_interval":{"confidence_level":0.95,"lower_bound":-0.0011266920260538907,"upper_bound":0.001402980021113942},"point_estimate":0.00017196727399082512,"standard_error":0.0006440610943067773}}