{"mean":{"confidence_interval":{"confidence_level":0.95,"lower_bound":-0.9193573316316641,"upper_bound":-0.9192889881242243},"point_estimate":-0.919321488901524,"standard_error":0.00001738421485225608},"median":{"confidence_interval":{"confidence_level":0.95,"lower_bound":-0.9193607170202769,"upper_bound":-0.9192922085859461},"point_estimate":-0.9193280605304721,"standard_error":0.00001708815034411227}}