{"mean":{"confidence_interval":{"confidence_level":0.95,"lower_bound":-0.45459974101891765,"upper_bound":-0.45427641798774737},"point_estimate":-0.4544411592076013,"standard_error":0.00008165971783240574},"median":{"confidence_interval":{"confidence_level":0.95,"lower_bound":-0.45459400472954237,"upper_bound":-0.4543435377227252},"point_estimate":-0.45448306894844814,"standard_error":0.00006374636447073694}}