{"mean":{"confidence_interval":{"confidence_level":0.95,"lower_bound":-0.956624303466839,"upper_bound":-0.9564846675485071},"point_estimate":-0.9565439514588181,"standard_error":0.00003607674719659838},"median":{"confidence_interval":{"confidence_level":0.95,"lower_bound":-0.9564952398180269,"upper_bound":-0.9564754007979709},"point_estimate":-0.9564827578150964,"standard_error":5.23062335321723e-6}}