{"mean":{"confidence_interval":{"confidence_level":0.95,"lower_bound":-0.9588963141758018,"upper_bound":-0.958727036139119},"point_estimate":-0.9588029685856917,"standard_error":0.00004349981531150783},"median":{"confidence_interval":{"confidence_level":0.95,"lower_bound":-0.9587030649249056,"upper_bound":-0.9586799571071295},"point_estimate":-0.9586902203450623,"standard_error":6.256245265709069e-6}}