{"mean":{"confidence_interval":{"confidence_level":0.95,"lower_bound":-0.9466376500360791,"upper_bound":-0.9464272073165843},"point_estimate":-0.9465214092966079,"standard_error":0.00005429170508911145},"median":{"confidence_interval":{"confidence_level":0.95,"lower_bound":-0.9464553277818977,"upper_bound":-0.9464393945549218},"point_estimate":-0.9464509606197261,"standard_error":4.171662589901858e-6}}