{"mean":{"confidence_interval":{"confidence_level":0.95,"lower_bound":-0.0007698324329370926,"upper_bound":0.00012324061498492027},"point_estimate":-0.00030993014793379015,"standard_error":0.00022686291515432335},"median":{"confidence_interval":{"confidence_level":0.95,"lower_bound":-0.0003141430851799798,"upper_bound":0.00017667162574386275},"point_estimate":-0.00006133991787704574,"standard_error":0.00011897626016344456}}