{"mean":{"confidence_interval":{"confidence_level":0.95,"lower_bound":-0.003107605002450908,"upper_bound":0.0013717465895107415},"point_estimate":-0.0007978436148261547,"standard_error":0.001142373819904104},"median":{"confidence_interval":{"confidence_level":0.95,"lower_bound":-0.003277126589920905,"upper_bound":0.0017983395207998853},"point_estimate":-0.00043294946783689614,"standard_error":0.0012421408468246986}}