{"mean":{"confidence_interval":{"confidence_level":0.95,"lower_bound":-0.8812083307646988,"upper_bound":-0.8807842747349308},"point_estimate":-0.8809890581387446,"standard_error":0.00010793691593892104},"median":{"confidence_interval":{"confidence_level":0.95,"lower_bound":-0.8812036864010112,"upper_bound":-0.8808086723681777},"point_estimate":-0.8810304392648405,"standard_error":0.00010779846622698146}}