{"mean":{"confidence_interval":{"confidence_level":0.95,"lower_bound":6.826129345048424,"upper_bound":6.830558443296351},"point_estimate":6.828179211765039,"standard_error":0.0011362919489597261},"median":{"confidence_interval":{"confidence_level":0.95,"lower_bound":6.823506815862656,"upper_bound":6.82533434440921},"point_estimate":6.824067255989564,"standard_error":0.0004959096827215481},"median_abs_dev":{"confidence_interval":{"confidence_level":0.95,"lower_bound":0.003030460731517255,"upper_bound":0.006075363806119466},"point_estimate":0.004323630854078607,"standard_error":0.000772700944735361},"slope":{"confidence_interval":{"confidence_level":0.95,"lower_bound":6.8246678956914595,"upper_bound":6.827293651687754},"point_estimate":6.825906156899533,"standard_error":0.0006719827143005775},"std_dev":{"confidence_interval":{"confidence_level":0.95,"lower_bound":0.0073604184884852476,"upper_bound":0.015564571297583674},"point_estimate":0.01140580630163321,"standard_error":0.0021982340028206043}}