{"mean":{"confidence_interval":{"confidence_level":0.95,"lower_bound":-0.0006935882208881941,"upper_bound":0.0002791061213362585},"point_estimate":-0.00019349894039955018,"standard_error":0.0002478960775142913},"median":{"confidence_interval":{"confidence_level":0.95,"lower_bound":-0.00032600721824238565,"upper_bound":0.00015609105060021555},"point_estimate":-0.00007015992600079013,"standard_error":0.00012599742558477617}}