{"mean":{"confidence_interval":{"confidence_level":0.95,"lower_bound":-0.0005505968924928576,"upper_bound":0.0008151130751316456},"point_estimate":0.00013289237910352192,"standard_error":0.0003454257603190229},"median":{"confidence_interval":{"confidence_level":0.95,"lower_bound":-0.0003588556063539583,"upper_bound":0.00008044925327910235},"point_estimate":-0.00015158337325549276,"standard_error":0.00011087488854556096}}