{"mean":{"confidence_interval":{"confidence_level":0.95,"lower_bound":-0.0005666963163465068,"upper_bound":0.0025204201885897335},"point_estimate":0.0009434609563709895,"standard_error":0.0008300462615025061},"median":{"confidence_interval":{"confidence_level":0.95,"lower_bound":-0.0003940474451639142,"upper_bound":0.00011223774947477482},"point_estimate":-0.00009886681320225854,"standard_error":0.00012959416586723745}}