{"mean":{"confidence_interval":{"confidence_level":0.95,"lower_bound":-0.0015158232704373718,"upper_bound":0.0007781220407104477},"point_estimate":-0.0001348263572995556,"standard_error":0.0005990701774808256},"median":{"confidence_interval":{"confidence_level":0.95,"lower_bound":-0.00024046223062623717,"upper_bound":0.00038245925359017813},"point_estimate":0.00011213136187859796,"standard_error":0.00015852112334297544}}