{"mean":{"confidence_interval":{"confidence_level":0.95,"lower_bound":-0.8816554992210973,"upper_bound":-0.8815453527909056},"point_estimate":-0.8815948171521681,"standard_error":0.000028069058233577704},"median":{"confidence_interval":{"confidence_level":0.95,"lower_bound":-0.8816318712242115,"upper_bound":-0.881560453290279},"point_estimate":-0.8815948414846911,"standard_error":0.00001763806419209373}}