{"mean":{"confidence_interval":{"confidence_level":0.95,"lower_bound":-0.9261493779296918,"upper_bound":-0.9260512338937725},"point_estimate":-0.9261053558181987,"standard_error":0.000024693426325462006},"median":{"confidence_interval":{"confidence_level":0.95,"lower_bound":-0.9261293180199714,"upper_bound":-0.9260938352923612},"point_estimate":-0.9261117831356265,"standard_error":8.390427334096319e-6}}