{"mean":{"confidence_interval":{"confidence_level":0.95,"lower_bound":-0.8375514714283623,"upper_bound":-0.8374005655403324},"point_estimate":-0.8374713158378799,"standard_error":0.00003859197792526218},"median":{"confidence_interval":{"confidence_level":0.95,"lower_bound":-0.8374958884092618,"upper_bound":-0.8374227813381712},"point_estimate":-0.8374566995579182,"standard_error":0.000018362519842927776}}