{"mean":{"confidence_interval":{"confidence_level":0.95,"lower_bound":0.39932729962655983,"upper_bound":0.40068206155691644},"point_estimate":0.40001509991611006,"standard_error":0.00034224045047476887},"median":{"confidence_interval":{"confidence_level":0.95,"lower_bound":0.3994500697117347,"upper_bound":0.4001963772131274},"point_estimate":0.3998862982108806,"standard_error":0.00018834465202439965}}