{"mean":{"confidence_interval":{"confidence_level":0.95,"lower_bound":-0.8753407809522356,"upper_bound":-0.8749678737230848},"point_estimate":-0.8751240014705192,"standard_error":0.00009690253888300227},"median":{"confidence_interval":{"confidence_level":0.95,"lower_bound":-0.8750228253808824,"upper_bound":-0.8749737341966675},"point_estimate":-0.8749983462290847,"standard_error":0.000012273788523423147}}