{"mean":{"confidence_interval":{"confidence_level":0.95,"lower_bound":0.620948351545994,"upper_bound":0.6216519517298191},"point_estimate":0.6212634276223171,"standard_error":0.00018103137492626244},"median":{"confidence_interval":{"confidence_level":0.95,"lower_bound":0.6206414261035472,"upper_bound":0.6209071413850029},"point_estimate":0.6207666539232528,"standard_error":0.00006469469733922993},"median_abs_dev":{"confidence_interval":{"confidence_level":0.95,"lower_bound":0.0004923144923606214,"upper_bound":0.0009151610759237991},"point_estimate":0.0006583440556911625,"standard_error":0.00011594380150816334},"slope":{"confidence_interval":{"confidence_level":0.95,"lower_bound":0.6206699185304259,"upper_bound":0.6209654030882654},"point_estimate":0.6208062074800628,"standard_error":0.00007531757423533372},"std_dev":{"confidence_interval":{"confidence_level":0.95,"lower_bound":0.0009232649627967919,"upper_bound":0.002631833468590119},"point_estimate":0.0018240818612113988,"standard_error":0.0004510980415413535}}