{"mean":{"confidence_interval":{"confidence_level":0.95,"lower_bound":-0.7188522950680861,"upper_bound":-0.7185979170862314},"point_estimate":-0.7187278730174684,"standard_error":0.00006415456315089039},"median":{"confidence_interval":{"confidence_level":0.95,"lower_bound":-0.7188031218970401,"upper_bound":-0.7186794594858987},"point_estimate":-0.7187466380460601,"standard_error":0.00003192870407574166}}