{"mean":{"confidence_interval":{"confidence_level":0.95,"lower_bound":-0.8814366480967405,"upper_bound":-0.8812743803370455},"point_estimate":-0.8813738830152631,"standard_error":0.00003906121026914123},"median":{"confidence_interval":{"confidence_level":0.95,"lower_bound":-0.8814507354667028,"upper_bound":-0.8813739347930328},"point_estimate":-0.8814254211897394,"standard_error":0.000019935157519130187}}