{"mean":{"confidence_interval":{"confidence_level":0.95,"lower_bound":-0.0010656660299062138,"upper_bound":0.002921420584323496},"point_estimate":0.0009575233404133243,"standard_error":0.0010065256531359246},"median":{"confidence_interval":{"confidence_level":0.95,"lower_bound":0.0014769694766112451,"upper_bound":0.002291708298082895},"point_estimate":0.0017759655741607094,"standard_error":0.00022878722046151568}}