{"mean":{"confidence_interval":{"confidence_level":0.95,"lower_bound":-0.010220250702075755,"upper_bound":-0.004701783590715511},"point_estimate":-0.007379575686980333,"standard_error":0.0014118217615307924},"median":{"confidence_interval":{"confidence_level":0.95,"lower_bound":-0.006578941184545273,"upper_bound":-0.003604832488789733},"point_estimate":-0.005111133385174327,"standard_error":0.0007500717832866827}}