{"mean":{"confidence_interval":{"confidence_level":0.95,"lower_bound":0.3674415493850906,"upper_bound":0.36915859639850973},"point_estimate":0.36813336759764437,"standard_error":0.0004514537759276884},"median":{"confidence_interval":{"confidence_level":0.95,"lower_bound":0.3672162168395404,"upper_bound":0.3673611922615569},"point_estimate":0.36728665102240243,"standard_error":0.00003525817981339715},"median_abs_dev":{"confidence_interval":{"confidence_level":0.95,"lower_bound":0.00017844813989307276,"upper_bound":0.0003521194114778678},"point_estimate":0.00022333396890909714,"standard_error":0.00004711411361591796},"slope":{"confidence_interval":{"confidence_level":0.95,"lower_bound":0.36749157093751444,"upper_bound":0.36819109476635903},"point_estimate":0.3677967532917035,"standard_error":0.00017922214475875656},"std_dev":{"confidence_interval":{"confidence_level":0.95,"lower_bound":0.0006001437080252782,"upper_bound":0.007292536713710177},"point_estimate":0.00454290171221923,"standard_error":0.0018289270111032908}}