{"mean":{"confidence_interval":{"confidence_level":0.95,"lower_bound":-0.00207945091913364,"upper_bound":0.00036598734080269733},"point_estimate":-0.0006614508132353203,"standard_error":0.0006356143464890212},"median":{"confidence_interval":{"confidence_level":0.95,"lower_bound":-0.00016401085963968498,"upper_bound":0.00032761667267093835},"point_estimate":0.0001455400950740593,"standard_error":0.00012547546902773476}}