{"mean":{"confidence_interval":{"confidence_level":0.95,"lower_bound":-0.00028273642552622267,"upper_bound":0.0008706797111313333},"point_estimate":0.0002711294865720415,"standard_error":0.00029599535670870447},"median":{"confidence_interval":{"confidence_level":0.95,"lower_bound":-0.000421581107768465,"upper_bound":0.00013851653407948028},"point_estimate":-0.00010226823952597108,"standard_error":0.00013897193290615298}}