{"mean":{"confidence_interval":{"confidence_level":0.95,"lower_bound":-0.0029695601544859197,"upper_bound":0.000879114073294107},"point_estimate":-0.0010613396018480659,"standard_error":0.000984538851468977},"median":{"confidence_interval":{"confidence_level":0.95,"lower_bound":-0.003663933187013857,"upper_bound":0.0006078838606568345},"point_estimate":-0.0018565410220381384,"standard_error":0.0011438352869584832}}