{"mean":{"confidence_interval":{"confidence_level":0.95,"lower_bound":-0.0004108670007601648,"upper_bound":0.0003443579362598811},"point_estimate":-0.00003379416258564305,"standard_error":0.00019172837593742643},"median":{"confidence_interval":{"confidence_level":0.95,"lower_bound":-0.00022934773455796087,"upper_bound":0.00015300442485233212},"point_estimate":-0.00005724501490123046,"standard_error":0.00009899074137509701}}