{"mean":{"confidence_interval":{"confidence_level":0.95,"lower_bound":-0.00037959212439673255,"upper_bound":0.0005565388993856776},"point_estimate":0.00008502298388712859,"standard_error":0.00024072989108211363},"median":{"confidence_interval":{"confidence_level":0.95,"lower_bound":-0.0001015058024904647,"upper_bound":0.000468476010470919},"point_estimate":0.0002464794816265936,"standard_error":0.00014020079766285574}}