{"mean":{"confidence_interval":{"confidence_level":0.95,"lower_bound":0.6214466803054862,"upper_bound":0.6220447636213176},"point_estimate":0.6217198367514701,"standard_error":0.0001533136247339697},"median":{"confidence_interval":{"confidence_level":0.95,"lower_bound":0.6212456392523341,"upper_bound":0.6214541698709095},"point_estimate":0.6213595976595065,"standard_error":0.00005868504854603839},"median_abs_dev":{"confidence_interval":{"confidence_level":0.95,"lower_bound":0.0004007555185868716,"upper_bound":0.0007424781617578267},"point_estimate":0.0005469589145249669,"standard_error":0.00008849753380708744},"slope":{"confidence_interval":{"confidence_level":0.95,"lower_bound":0.6214440488068094,"upper_bound":0.621767341381239},"point_estimate":0.6215987726056513,"standard_error":0.00008245879535653221},"std_dev":{"confidence_interval":{"confidence_level":0.95,"lower_bound":0.0008830118525602516,"upper_bound":0.0021262253598265447},"point_estimate":0.0015342072174017846,"standard_error":0.00032239327246182727}}