{"mean":{"confidence_interval":{"confidence_level":0.95,"lower_bound":-0.7034175213124553,"upper_bound":-0.7025581160836697},"point_estimate":-0.7030234599403047,"standard_error":0.00022229843868151717},"median":{"confidence_interval":{"confidence_level":0.95,"lower_bound":-0.7035750168517733,"upper_bound":-0.7027723931204286},"point_estimate":-0.7031024775540577,"standard_error":0.00022690638769829241}}