{"mean":{"confidence_interval":{"confidence_level":0.95,"lower_bound":-0.9203319205860923,"upper_bound":-0.9202451333537642},"point_estimate":-0.9202883598518578,"standard_error":0.000021962141464410367},"median":{"confidence_interval":{"confidence_level":0.95,"lower_bound":-0.9202998363561806,"upper_bound":-0.9202527278551786},"point_estimate":-0.9202809992258939,"standard_error":0.00001201933705757946}}