{"mean":{"confidence_interval":{"confidence_level":0.95,"lower_bound":0.5041030719698353,"upper_bound":0.5042723652044818},"point_estimate":0.5041843007612389,"standard_error":0.00004316363661145782},"median":{"confidence_interval":{"confidence_level":0.95,"lower_bound":0.5040068133496594,"upper_bound":0.5041555414916179},"point_estimate":0.5040961208595439,"standard_error":0.000035581889333624515},"median_abs_dev":{"confidence_interval":{"confidence_level":0.95,"lower_bound":0.00020545920559620883,"upper_bound":0.00033603125143422694},"point_estimate":0.0002781568372715539,"standard_error":0.000033225134862831265},"slope":{"confidence_interval":{"confidence_level":0.95,"lower_bound":0.5041079123165493,"upper_bound":0.5043072726862399},"point_estimate":0.5042000989023891,"standard_error":0.00005109499436769512},"std_dev":{"confidence_interval":{"confidence_level":0.95,"lower_bound":0.00032726004372446004,"upper_bound":0.0005277698702378608},"point_estimate":0.00043376734898439227,"standard_error":0.00005131920433222513}}