{"mean":{"confidence_interval":{"confidence_level":0.95,"lower_bound":0.5041667927433915,"upper_bound":0.5043756810209713},"point_estimate":0.5042653326277795,"standard_error":0.0000534648153387565},"median":{"confidence_interval":{"confidence_level":0.95,"lower_bound":0.5040705930609439,"upper_bound":0.5041775420774901},"point_estimate":0.5041335338944972,"standard_error":0.000024853252922746444},"median_abs_dev":{"confidence_interval":{"confidence_level":0.95,"lower_bound":0.00020293378560894915,"upper_bound":0.00038019140712930883},"point_estimate":0.0002847301930883938,"standard_error":0.00004654723028775531},"slope":{"confidence_interval":{"confidence_level":0.95,"lower_bound":0.5041704923975395,"upper_bound":0.5043483327019798},"point_estimate":0.5042537457386796,"standard_error":0.000045435652620371225},"std_dev":{"confidence_interval":{"confidence_level":0.95,"lower_bound":0.0003645398560042596,"upper_bound":0.0006860531639122856},"point_estimate":0.0005352452681789938,"standard_error":0.0000821381436089469}}