{"mean":{"confidence_interval":{"confidence_level":0.95,"lower_bound":-0.8435867145381919,"upper_bound":-0.843489127126216},"point_estimate":-0.8435392967934984,"standard_error":0.00002488362997963109},"median":{"confidence_interval":{"confidence_level":0.95,"lower_bound":-0.8435758855372123,"upper_bound":-0.843503160395911},"point_estimate":-0.8435297036846061,"standard_error":0.000017908953790562337}}