{"mean":{"confidence_interval":{"confidence_level":0.95,"lower_bound":-0.9028732084410133,"upper_bound":-0.9024976558720766},"point_estimate":-0.90267676494408,"standard_error":0.0000958558871764662},"median":{"confidence_interval":{"confidence_level":0.95,"lower_bound":-0.9028316160863834,"upper_bound":-0.9024953916387046},"point_estimate":-0.9026344277402185,"standard_error":0.00008156345428614201}}