{"mean":{"confidence_interval":{"confidence_level":0.95,"lower_bound":4.570203945343108,"upper_bound":4.572100160275054},"point_estimate":4.571098835322231,"standard_error":0.0004831718556023712},"median":{"confidence_interval":{"confidence_level":0.95,"lower_bound":4.569281466323126,"upper_bound":4.570517031192066},"point_estimate":4.5697857971130205,"standard_error":0.00027166491400602323},"median_abs_dev":{"confidence_interval":{"confidence_level":0.95,"lower_bound":0.002260682566514257,"upper_bound":0.0038713304032207095},"point_estimate":0.0029156614128306763,"standard_error":0.00039360086448850425},"slope":{"confidence_interval":{"confidence_level":0.95,"lower_bound":4.570471174667564,"upper_bound":4.572623555213532},"point_estimate":4.5714680307706175,"standard_error":0.0005506951100590644},"std_dev":{"confidence_interval":{"confidence_level":0.95,"lower_bound":0.003484135975325077,"upper_bound":0.006236888624288595},"point_estimate":0.004870209939659947,"standard_error":0.0007120919848057442}}