{"mean":{"confidence_interval":{"confidence_level":0.95,"lower_bound":-0.0005981411942016984,"upper_bound":0.0004806660041064446},"point_estimate":-0.000039280209887637696,"standard_error":0.0002740494418549035},"median":{"confidence_interval":{"confidence_level":0.95,"lower_bound":-0.00047865555904680606,"upper_bound":0.0003334363675359882},"point_estimate":-0.00009191071479119906,"standard_error":0.00021903859961672548}}