{"mean":{"confidence_interval":{"confidence_level":0.95,"lower_bound":-0.0008799261095774804,"upper_bound":0.0010771200836710568},"point_estimate":0.00012520001046367746,"standard_error":0.0004963717540613814},"median":{"confidence_interval":{"confidence_level":0.95,"lower_bound":-0.0004800886813541849,"upper_bound":0.00023522101462010106},"point_estimate":-0.00007920041662290433,"standard_error":0.00018527364596109685}}