{"mean":{"confidence_interval":{"confidence_level":0.95,"lower_bound":0.00036166591980717487,"upper_bound":0.002565320913335933},"point_estimate":0.0013573553519177217,"standard_error":0.0005598230432332311},"median":{"confidence_interval":{"confidence_level":0.95,"lower_bound":-4.674366573587108e-6,"upper_bound":0.0005640770911812254},"point_estimate":0.00034202650883008445,"standard_error":0.0001475199877679658}}