{"mean":{"confidence_interval":{"confidence_level":0.95,"lower_bound":0.35344170846872414,"upper_bound":0.3562297825789594},"point_estimate":0.35500121551476216,"standard_error":0.0007156646191333441},"median":{"confidence_interval":{"confidence_level":0.95,"lower_bound":0.3558596442209794,"upper_bound":0.3565269650656533},"point_estimate":0.35622501868449996,"standard_error":0.00016636449062052333}}