{"mean":{"confidence_interval":{"confidence_level":0.95,"lower_bound":-0.001220877549695043,"upper_bound":0.0001750650886292059},"point_estimate":-0.00047580423388404736,"standard_error":0.0003527186163848455},"median":{"confidence_interval":{"confidence_level":0.95,"lower_bound":-0.0005769134978229618,"upper_bound":0.00009682417199674553},"point_estimate":-0.00015101827955321667,"standard_error":0.00016506094710789148}}