{"mean":{"confidence_interval":{"confidence_level":0.95,"lower_bound":0.000051782720318777146,"upper_bound":0.004196053587842467},"point_estimate":0.0015632542879384648,"standard_error":0.001141745906259203},"median":{"confidence_interval":{"confidence_level":0.95,"lower_bound":-0.000014716583327967214,"upper_bound":0.0006427088517773072},"point_estimate":0.00029935258867808123,"standard_error":0.00017171927904826044}}