{"mean":{"confidence_interval":{"confidence_level":0.95,"lower_bound":0.7371807280844874,"upper_bound":0.7399187524313773},"point_estimate":0.7383462335925651,"standard_error":0.0007128267917764991},"median":{"confidence_interval":{"confidence_level":0.95,"lower_bound":0.7366260076888669,"upper_bound":0.7369133699052837},"point_estimate":0.7367518296891238,"standard_error":0.0000741856399964392},"median_abs_dev":{"confidence_interval":{"confidence_level":0.95,"lower_bound":0.00035543932098489446,"upper_bound":0.000805615384141494},"point_estimate":0.0004967508996529971,"standard_error":0.00012033479498643935},"slope":{"confidence_interval":{"confidence_level":0.95,"lower_bound":0.7370615541194769,"upper_bound":0.7384871938692746},"point_estimate":0.737654022291235,"standard_error":0.0003678000681173899},"std_dev":{"confidence_interval":{"confidence_level":0.95,"lower_bound":0.0016073053046641755,"upper_bound":0.011023924109544173},"point_estimate":0.00718204633511575,"standard_error":0.002479822647842104}}