{"mean":{"confidence_interval":{"confidence_level":0.95,"lower_bound":2.1719181456399164,"upper_bound":2.1789678409279967},"point_estimate":2.174942967260707,"standard_error":0.001809203762487739},"median":{"confidence_interval":{"confidence_level":0.95,"lower_bound":2.17100596313833,"upper_bound":2.1713958455586813},"point_estimate":2.1711956563809176,"standard_error":0.00010398973164451881},"median_abs_dev":{"confidence_interval":{"confidence_level":0.95,"lower_bound":0.0006986071686891596,"upper_bound":0.0014229091782308125},"point_estimate":0.0009686557934291281,"standard_error":0.0001824801520721416},"slope":{"confidence_interval":{"confidence_level":0.95,"lower_bound":2.1711932111731786,"upper_bound":2.1717001903475177},"point_estimate":2.1714333940276265,"standard_error":0.0001287939387443707},"std_dev":{"confidence_interval":{"confidence_level":0.95,"lower_bound":0.0027029260496823034,"upper_bound":0.02811041479350412},"point_estimate":0.01822469500547322,"standard_error":0.006213738228781962}}