{"mean":{"confidence_interval":{"confidence_level":0.95,"lower_bound":12.472262290999403,"upper_bound":12.483807146596575},"point_estimate":12.47696757140224,"standard_error":0.003008819744731409},"median":{"confidence_interval":{"confidence_level":0.95,"lower_bound":12.46735581645116,"upper_bound":12.471979544895028},"point_estimate":12.47003562013261,"standard_error":0.0012069795157484114},"median_abs_dev":{"confidence_interval":{"confidence_level":0.95,"lower_bound":0.005676984222503104,"upper_bound":0.010230605261447222},"point_estimate":0.007375420538297333,"standard_error":0.0011453601782119398},"slope":{"confidence_interval":{"confidence_level":0.95,"lower_bound":12.471007077709974,"upper_bound":12.478192069762427},"point_estimate":12.474314645407553,"standard_error":0.0018452580384303251},"std_dev":{"confidence_interval":{"confidence_level":0.95,"lower_bound":0.011926853018070822,"upper_bound":0.04835335086796964},"point_estimate":0.03031155432481883,"standard_error":0.011831121149555335}}