{"mean":{"confidence_interval":{"confidence_level":0.95,"lower_bound":-0.9495328541179839,"upper_bound":-0.949488725089975},"point_estimate":-0.9495107225369308,"standard_error":0.000011104356260600775},"median":{"confidence_interval":{"confidence_level":0.95,"lower_bound":-0.9495357852869338,"upper_bound":-0.9495091241062216},"point_estimate":-0.9495200274787003,"standard_error":6.898484309186288e-6}}