{"mean":{"confidence_interval":{"confidence_level":0.95,"lower_bound":-0.9488297760237657,"upper_bound":-0.9486335351312495},"point_estimate":-0.9487276016090576,"standard_error":0.00005024344905237245},"median":{"confidence_interval":{"confidence_level":0.95,"lower_bound":-0.9486792140464042,"upper_bound":-0.9486116622503377},"point_estimate":-0.9486491194601441,"standard_error":0.000016590911813413617}}