{"mean":{"confidence_interval":{"confidence_level":0.95,"lower_bound":-0.9026814178280279,"upper_bound":-0.902523066700651},"point_estimate":-0.9025926321459242,"standard_error":0.00004086666988938897},"median":{"confidence_interval":{"confidence_level":0.95,"lower_bound":-0.9025351593358943,"upper_bound":-0.9024811766242389},"point_estimate":-0.9025059853968649,"standard_error":0.000013361706701314455}}