{"mean":{"confidence_interval":{"confidence_level":0.95,"lower_bound":-0.6501263044950881,"upper_bound":-0.6499226014854506},"point_estimate":-0.6500228219137397,"standard_error":0.00005196245125609889},"median":{"confidence_interval":{"confidence_level":0.95,"lower_bound":-0.6501295090956112,"upper_bound":-0.6499128804598939},"point_estimate":-0.6500295120143811,"standard_error":0.000055066459106412986}}