{"mean":{"confidence_interval":{"confidence_level":0.95,"lower_bound":-0.00016892500210737558,"upper_bound":0.002514519313281942},"point_estimate":0.0008538002979783244,"standard_error":0.0007393435077474054},"median":{"confidence_interval":{"confidence_level":0.95,"lower_bound":-0.00010958664475912983,"upper_bound":0.0004190633611476091},"point_estimate":0.00010468827194820562,"standard_error":0.00013917533317152935}}