{"mean":{"confidence_interval":{"confidence_level":0.95,"lower_bound":-0.0029786954037601533,"upper_bound":0.00036975258563807156},"point_estimate":-0.0010496593546693855,"standard_error":0.0008675839227614251},"median":{"confidence_interval":{"confidence_level":0.95,"lower_bound":-0.00006561857507641986,"upper_bound":0.0005514163701230146},"point_estimate":0.00016739957274669592,"standard_error":0.00015820761083001783}}