{"mean":{"confidence_interval":{"confidence_level":0.95,"lower_bound":-0.005382481536597921,"upper_bound":-0.00020263209895385762},"point_estimate":-0.0025226294669505878,"standard_error":0.0013275568232212456},"median":{"confidence_interval":{"confidence_level":0.95,"lower_bound":-0.00024774085616208197,"upper_bound":0.0002279010824002281},"point_estimate":-0.000021835942732417735,"standard_error":0.00012249459038586502}}