{"mean":{"confidence_interval":{"confidence_level":0.95,"lower_bound":-0.003135710509301802,"upper_bound":0.0001001348278486285},"point_estimate":-0.0012961394140967863,"standard_error":0.0008370369912759717},"median":{"confidence_interval":{"confidence_level":0.95,"lower_bound":-0.00032563651399353244,"upper_bound":0.00002553485748251161},"point_estimate":-0.00014458943171180572,"standard_error":0.00008567737463972494}}