{"mean":{"confidence_interval":{"confidence_level":0.95,"lower_bound":-0.0017436487800903586,"upper_bound":0.0016388551165981808},"point_estimate":0.0001342810701436825,"standard_error":0.0008658357081893218},"median":{"confidence_interval":{"confidence_level":0.95,"lower_bound":-0.0005998018278382533,"upper_bound":0.0016166194810498524},"point_estimate":0.00023259382727292,"standard_error":0.0005110556555914478}}