{"mean":{"confidence_interval":{"confidence_level":0.95,"lower_bound":-0.0020081072312306183,"upper_bound":0.00016611141178059506},"point_estimate":-0.0007650811965281834,"standard_error":0.0005631186342280637},"median":{"confidence_interval":{"confidence_level":0.95,"lower_bound":-0.000056087253018644034,"upper_bound":0.0002632942281346473},"point_estimate":0.00010255630183464426,"standard_error":0.00008240848730596475}}