{"mean":{"confidence_interval":{"confidence_level":0.95,"lower_bound":-0.7093335552375967,"upper_bound":-0.7083749276484009},"point_estimate":-0.7087769165993965,"standard_error":0.00024877505313625436},"median":{"confidence_interval":{"confidence_level":0.95,"lower_bound":-0.7083983307761363,"upper_bound":-0.7082836178388346},"point_estimate":-0.7083389687496984,"standard_error":0.000028244831987653148}}