{"mean":{"confidence_interval":{"confidence_level":0.95,"lower_bound":-0.0008827481618158326,"upper_bound":-0.00010440616642015708},"point_estimate":-0.0004829992774029179,"standard_error":0.00019817231337807158},"median":{"confidence_interval":{"confidence_level":0.95,"lower_bound":-0.00035538464897666433,"upper_bound":0.00014351102626937695},"point_estimate":-0.0000773666300351028,"standard_error":0.0001272456856042525}}