{"mean":{"confidence_interval":{"confidence_level":0.95,"lower_bound":-0.8934017397981043,"upper_bound":-0.8929950262734886},"point_estimate":-0.893197213095968,"standard_error":0.00010223130767435641},"median":{"confidence_interval":{"confidence_level":0.95,"lower_bound":-0.893135715854581,"upper_bound":-0.8930906226069905},"point_estimate":-0.8931174567262917,"standard_error":0.000011004950422194566}}