{"mean":{"confidence_interval":{"confidence_level":0.95,"lower_bound":-0.0007405686967015462,"upper_bound":0.00007133774561660615},"point_estimate":-0.00031918149301812804,"standard_error":0.0002062714248020653},"median":{"confidence_interval":{"confidence_level":0.95,"lower_bound":-0.0003226583779278869,"upper_bound":0.00015293790137560492},"point_estimate":-0.00009809363756974054,"standard_error":0.00012142316570260869}}