{"mean":{"confidence_interval":{"confidence_level":0.95,"lower_bound":-0.0008965485382408624,"upper_bound":0.00004618523976528952},"point_estimate":-0.0004043842793791663,"standard_error":0.0002401774317061939},"median":{"confidence_interval":{"confidence_level":0.95,"lower_bound":-0.0003823180948010485,"upper_bound":0.00013368497370964066},"point_estimate":-0.00008134047162722258,"standard_error":0.00013696050058127122}}