{"mean":{"confidence_interval":{"confidence_level":0.95,"lower_bound":-0.9452500458811907,"upper_bound":-0.9450693660929833},"point_estimate":-0.945152670111497,"standard_error":0.00004583488839526645},"median":{"confidence_interval":{"confidence_level":0.95,"lower_bound":-0.9451428031279251,"upper_bound":-0.9450521413177035},"point_estimate":-0.9450871016867498,"standard_error":0.000024846224197449348}}