{"mean":{"confidence_interval":{"confidence_level":0.95,"lower_bound":0.013435747533052168,"upper_bound":0.018869105089463753},"point_estimate":0.016238023005292535,"standard_error":0.0013862348925018984},"median":{"confidence_interval":{"confidence_level":0.95,"lower_bound":0.01571731818887301,"upper_bound":0.019826362279896283},"point_estimate":0.017080942877953476,"standard_error":0.0009624200242174717}}