{"mean":{"confidence_interval":{"confidence_level":0.95,"lower_bound":-0.0013610931660206211,"upper_bound":0.002622728298295534},"point_estimate":0.0007028147043346422,"standard_error":0.001023862669170386},"median":{"confidence_interval":{"confidence_level":0.95,"lower_bound":-0.0012404851013296803,"upper_bound":0.002352404095333993},"point_estimate":0.00044067074222553515,"standard_error":0.0009173367024812524}}