{"mean":{"confidence_interval":{"confidence_level":0.95,"lower_bound":-0.0012263092688974324,"upper_bound":-0.00019043444344979407},"point_estimate":-0.0007105529355618811,"standard_error":0.00026498559479908864},"median":{"confidence_interval":{"confidence_level":0.95,"lower_bound":-0.0006798477472821363,"upper_bound":-0.000021769506491908786},"point_estimate":-0.0003273096863478653,"standard_error":0.000162935040942691}}