{"mean":{"confidence_interval":{"confidence_level":0.95,"lower_bound":0.7756398998315173,"upper_bound":0.7767030354430241},"point_estimate":0.7761489705018343,"standard_error":0.00027134233714558575},"median":{"confidence_interval":{"confidence_level":0.95,"lower_bound":0.774892197237404,"upper_bound":0.7757662694799674},"point_estimate":0.7752195962144408,"standard_error":0.00024213497724940938},"median_abs_dev":{"confidence_interval":{"confidence_level":0.95,"lower_bound":0.001099679848239612,"upper_bound":0.0019453315882599976},"point_estimate":0.0014893882950815188,"standard_error":0.00022839197720153236},"slope":{"confidence_interval":{"confidence_level":0.95,"lower_bound":0.7756195282160563,"upper_bound":0.7766633403854789},"point_estimate":0.7761228045221573,"standard_error":0.00026692341606584743},"std_dev":{"confidence_interval":{"confidence_level":0.95,"lower_bound":0.0019931563058097116,"upper_bound":0.0033868310242824587},"point_estimate":0.0027329099839830248,"standard_error":0.0003566705199382026}}