{"mean":{"confidence_interval":{"confidence_level":0.95,"lower_bound":-0.002175918697107645,"upper_bound":0.0032150722171788767},"point_estimate":0.0001909915708533383,"standard_error":0.0013402840783320962},"median":{"confidence_interval":{"confidence_level":0.95,"lower_bound":-0.0003492643654808335,"upper_bound":0.00017369483886442438},"point_estimate":-0.00003531185463023778,"standard_error":0.0001388729221631761}}