{"mean":{"confidence_interval":{"confidence_level":0.95,"lower_bound":1.5499084410495938,"upper_bound":1.5539957435590026},"point_estimate":1.5519533029743797,"standard_error":0.001043163588671621},"median":{"confidence_interval":{"confidence_level":0.95,"lower_bound":1.5508776015442334,"upper_bound":1.5545982891070707},"point_estimate":1.552521223455626,"standard_error":0.001036693331900899},"median_abs_dev":{"confidence_interval":{"confidence_level":0.95,"lower_bound":0.0067933494422712576,"upper_bound":0.011901262085437264},"point_estimate":0.009484257865251427,"standard_error":0.0013205696892631465},"slope":{"confidence_interval":{"confidence_level":0.95,"lower_bound":1.553319396498786,"upper_bound":1.5562254387161851},"point_estimate":1.5547491350042633,"standard_error":0.0007386143329541532},"std_dev":{"confidence_interval":{"confidence_level":0.95,"lower_bound":0.008887040456033694,"upper_bound":0.011913030038557792},"point_estimate":0.010461795869716019,"standard_error":0.0007721992573243619}}