{"mean":{"confidence_interval":{"confidence_level":0.95,"lower_bound":0.38786820338829764,"upper_bound":0.38816563278550315},"point_estimate":0.3880011171569928,"standard_error":0.00007662624626449421},"median":{"confidence_interval":{"confidence_level":0.95,"lower_bound":0.3877041806218078,"upper_bound":0.38786044100824024},"point_estimate":0.38777707385929594,"standard_error":0.00004206989208804212},"median_abs_dev":{"confidence_interval":{"confidence_level":0.95,"lower_bound":0.0002071641548428373,"upper_bound":0.00041182486884739207},"point_estimate":0.00029875487272683967,"standard_error":0.00005095277071917947},"slope":{"confidence_interval":{"confidence_level":0.95,"lower_bound":0.38783009314509514,"upper_bound":0.38800551100060954},"point_estimate":0.3879117085198361,"standard_error":0.00004471434231223697},"std_dev":{"confidence_interval":{"confidence_level":0.95,"lower_bound":0.00039697390563401424,"upper_bound":0.0011341309534986918},"point_estimate":0.000769715351805779,"standard_error":0.00020480645580807434}}