{"mean":{"confidence_interval":{"confidence_level":0.95,"lower_bound":-0.9034319121825424,"upper_bound":-0.9030392970723604},"point_estimate":-0.9032429184390903,"standard_error":0.00010275539534999386},"median":{"confidence_interval":{"confidence_level":0.95,"lower_bound":-0.9035435357615573,"upper_bound":-0.9032187526918753},"point_estimate":-0.9033576529829788,"standard_error":0.00009117163515428814}}