{"mean":{"confidence_interval":{"confidence_level":0.95,"lower_bound":0.0005831653274141758,"upper_bound":0.0028216453679942234},"point_estimate":0.001787629648471123,"standard_error":0.0005704474704054049},"median":{"confidence_interval":{"confidence_level":0.95,"lower_bound":0.0017983562285146526,"upper_bound":0.0027345110789094296},"point_estimate":0.0024186358418238907,"standard_error":0.00025849663243364857}}