{"mean":{"confidence_interval":{"confidence_level":0.95,"lower_bound":-0.005117583965316271,"upper_bound":-0.0002445983056933639},"point_estimate":-0.002590497748398035,"standard_error":0.0012440533364201738},"median":{"confidence_interval":{"confidence_level":0.95,"lower_bound":-0.002815825108984371,"upper_bound":0.0015023699845986282},"point_estimate":-0.0006202107893970021,"standard_error":0.001083782727571755}}