{"mean":{"confidence_interval":{"confidence_level":0.95,"lower_bound":-0.9139846508522556,"upper_bound":-0.9136786743442192},"point_estimate":-0.913813817549283,"standard_error":0.00007902941858456185},"median":{"confidence_interval":{"confidence_level":0.95,"lower_bound":-0.913778992071252,"upper_bound":-0.9136915674800044},"point_estimate":-0.913747069382291,"standard_error":0.000020495610186754764}}