{"mean":{"confidence_interval":{"confidence_level":0.95,"lower_bound":-0.00024086560191535758,"upper_bound":0.00037250077711534766},"point_estimate":0.00006698651648107123,"standard_error":0.00015418249609051648},"median":{"confidence_interval":{"confidence_level":0.95,"lower_bound":-0.00008896565945692991,"upper_bound":0.00032134529599736616},"point_estimate":0.0001520520076541132,"standard_error":0.00009829448887897866}}