{"mean":{"confidence_interval":{"confidence_level":0.95,"lower_bound":-0.0030408682254031674,"upper_bound":0.0003987719260324476},"point_estimate":-0.0011084854238018194,"standard_error":0.0008849230908599001},"median":{"confidence_interval":{"confidence_level":0.95,"lower_bound":-0.00026915037913788353,"upper_bound":0.00020243261832451564},"point_estimate":-0.00008002450437682995,"standard_error":0.00012491350308462492}}