{"mean":{"confidence_interval":{"confidence_level":0.95,"lower_bound":-0.9303805751744741,"upper_bound":-0.9303289128256332},"point_estimate":-0.9303546800007365,"standard_error":0.000013159432697795116},"median":{"confidence_interval":{"confidence_level":0.95,"lower_bound":-0.9303780349722114,"upper_bound":-0.93034797842759},"point_estimate":-0.9303658608264329,"standard_error":7.608681526341308e-6}}