{"mean":{"confidence_interval":{"confidence_level":0.95,"lower_bound":0.7368243807629152,"upper_bound":0.7371701964732731},"point_estimate":0.7369855219007511,"standard_error":0.00008824097338789155},"median":{"confidence_interval":{"confidence_level":0.95,"lower_bound":0.7366284605640123,"upper_bound":0.7368442288134085},"point_estimate":0.7367466431232639,"standard_error":0.000057923356116071955},"median_abs_dev":{"confidence_interval":{"confidence_level":0.95,"lower_bound":0.00035479130394755514,"upper_bound":0.0006815277000488366},"point_estimate":0.0004981236894333618,"standard_error":0.0000806027665596916},"slope":{"confidence_interval":{"confidence_level":0.95,"lower_bound":0.7367965568836433,"upper_bound":0.7372812296009106},"point_estimate":0.7370084137168269,"standard_error":0.00012525797731572453},"std_dev":{"confidence_interval":{"confidence_level":0.95,"lower_bound":0.0005796708804668837,"upper_bound":0.0011619444386482044},"point_estimate":0.0008844902157395865,"standard_error":0.0001492721422798522}}