{"mean":{"confidence_interval":{"confidence_level":0.95,"lower_bound":-0.9152458135837591,"upper_bound":-0.9151728341403422},"point_estimate":-0.9152088115249807,"standard_error":0.00001859133614158482},"median":{"confidence_interval":{"confidence_level":0.95,"lower_bound":-0.9152215520023776,"upper_bound":-0.9151892739141019},"point_estimate":-0.9152032801420229,"standard_error":8.366824491239876e-6}}