{"mean":{"confidence_interval":{"confidence_level":0.95,"lower_bound":0.47525784062062315,"upper_bound":0.47643530649570853},"point_estimate":0.4757826303933041,"standard_error":0.00030133319364700765},"median":{"confidence_interval":{"confidence_level":0.95,"lower_bound":0.4749072643541931,"upper_bound":0.4757531999998988},"point_estimate":0.4753683036455153,"standard_error":0.00020242366557263953},"median_abs_dev":{"confidence_interval":{"confidence_level":0.95,"lower_bound":0.0012995380437261703,"upper_bound":0.0019484397726488507},"point_estimate":0.0016246387593708692,"standard_error":0.00016056455105851715},"slope":{"confidence_interval":{"confidence_level":0.95,"lower_bound":0.47474646268584364,"upper_bound":0.4754045924254245},"point_estimate":0.47507068679854025,"standard_error":0.00016827049874827886},"std_dev":{"confidence_interval":{"confidence_level":0.95,"lower_bound":0.0016809321783365979,"upper_bound":0.0044750013502627434},"point_estimate":0.00302544843603576,"standard_error":0.0008328666196142019}}