{"mean":{"confidence_interval":{"confidence_level":0.95,"lower_bound":12.472854975066952,"upper_bound":12.509325301383205},"point_estimate":12.488454009518266,"standard_error":0.009449434483001496},"median":{"confidence_interval":{"confidence_level":0.95,"lower_bound":12.466784765279009,"upper_bound":12.470826670862275},"point_estimate":12.468111295720075,"standard_error":0.0010729826169775534},"median_abs_dev":{"confidence_interval":{"confidence_level":0.95,"lower_bound":0.006546445853660455,"upper_bound":0.010451251253176343},"point_estimate":0.007868603250041555,"standard_error":0.0009837594730375799},"slope":{"confidence_interval":{"confidence_level":0.95,"lower_bound":12.46834673050539,"upper_bound":12.472279497052833},"point_estimate":12.470116135571018,"standard_error":0.001012599077961929},"std_dev":{"confidence_interval":{"confidence_level":0.95,"lower_bound":0.018456179919014104,"upper_bound":0.1498187267343057},"point_estimate":0.09518619313843182,"standard_error":0.032777215738901126}}