{"mean":{"confidence_interval":{"confidence_level":0.95,"lower_bound":-0.8753063751535545,"upper_bound":-0.874881556089958},"point_estimate":-0.8750715932260772,"standard_error":0.00010916903179930075},"median":{"confidence_interval":{"confidence_level":0.95,"lower_bound":-0.8750041950469891,"upper_bound":-0.8749387638808577},"point_estimate":-0.8749730138509583,"standard_error":0.000017416838937338365}}