{"mean":{"confidence_interval":{"confidence_level":0.95,"lower_bound":0.9844947751425711,"upper_bound":0.9853005608398906},"point_estimate":0.9848727559972794,"standard_error":0.0002055378583559964},"median":{"confidence_interval":{"confidence_level":0.95,"lower_bound":0.9840092489535689,"upper_bound":0.9845640590318389},"point_estimate":0.9842046983676805,"standard_error":0.00013598914736687049},"median_abs_dev":{"confidence_interval":{"confidence_level":0.95,"lower_bound":0.000767330198713356,"upper_bound":0.0013645883454949468},"point_estimate":0.0010877733740184503,"standard_error":0.00015478411126281636},"slope":{"confidence_interval":{"confidence_level":0.95,"lower_bound":0.9840667233790726,"upper_bound":0.9845386992444842},"point_estimate":0.984286787843543,"standard_error":0.00012015976519080997},"std_dev":{"confidence_interval":{"confidence_level":0.95,"lower_bound":0.0014040066059196553,"upper_bound":0.002626510962266125},"point_estimate":0.0020596575986907553,"standard_error":0.00031309640745002864}}