{"mean":{"confidence_interval":{"confidence_level":0.95,"lower_bound":1.5875215506251277,"upper_bound":1.5911003734299496},"point_estimate":1.5892467783597026,"standard_error":0.0009133896111150344},"median":{"confidence_interval":{"confidence_level":0.95,"lower_bound":1.5861074668141697,"upper_bound":1.5892394682209787},"point_estimate":1.5874355658407233,"standard_error":0.0008523414354060407},"median_abs_dev":{"confidence_interval":{"confidence_level":0.95,"lower_bound":0.006172174126769495,"upper_bound":0.010016654884261775},"point_estimate":0.008236060876830617,"standard_error":0.0009673483608574752},"slope":{"confidence_interval":{"confidence_level":0.95,"lower_bound":1.5889798045586458,"upper_bound":1.5923044163630018},"point_estimate":1.5905709164359803,"standard_error":0.0008489198292512041},"std_dev":{"confidence_interval":{"confidence_level":0.95,"lower_bound":0.007126516710920058,"upper_bound":0.011181432896087808},"point_estimate":0.009164780823112865,"standard_error":0.0010431466820790844}}