{"mean":{"confidence_interval":{"confidence_level":0.95,"lower_bound":0.7763540893357388,"upper_bound":0.7796516929980416},"point_estimate":0.7778566657073296,"standard_error":0.0008469310706095286},"median":{"confidence_interval":{"confidence_level":0.95,"lower_bound":0.7746639385096028,"upper_bound":0.775959822811562},"point_estimate":0.7750438440861761,"standard_error":0.0003671884000866889},"median_abs_dev":{"confidence_interval":{"confidence_level":0.95,"lower_bound":0.000975491802845053,"upper_bound":0.00250016812118759},"point_estimate":0.0015320821898827353,"standard_error":0.00042498131888657877},"slope":{"confidence_interval":{"confidence_level":0.95,"lower_bound":0.7754284405670531,"upper_bound":0.7794012849000426},"point_estimate":0.7768626594459552,"standard_error":0.0011035980347807498},"std_dev":{"confidence_interval":{"confidence_level":0.95,"lower_bound":0.004434605312913051,"upper_bound":0.011489077287111302},"point_estimate":0.008546597044030943,"standard_error":0.0017426498241620925}}