{"mean":{"confidence_interval":{"confidence_level":0.95,"lower_bound":0.13929677677595814,"upper_bound":0.14225664490326517},"point_estimate":0.14093004121804253,"standard_error":0.0007602992338047064},"median":{"confidence_interval":{"confidence_level":0.95,"lower_bound":0.14051924855714892,"upper_bound":0.1422374604276182},"point_estimate":0.14142345547114843,"standard_error":0.00044227228586620593}}