{"mean":{"confidence_interval":{"confidence_level":0.95,"lower_bound":1.1734319739997365,"upper_bound":1.1743510204770247},"point_estimate":1.1738918302409418,"standard_error":0.00023456725290047677},"median":{"confidence_interval":{"confidence_level":0.95,"lower_bound":1.1738535731507451,"upper_bound":1.1744900322791683},"point_estimate":1.1741684743836713,"standard_error":0.00015713026789023382},"median_abs_dev":{"confidence_interval":{"confidence_level":0.95,"lower_bound":0.0007415056241515583,"upper_bound":0.0013983211943199266},"point_estimate":0.000987016112796413,"standard_error":0.00017562369770436083},"slope":{"confidence_interval":{"confidence_level":0.95,"lower_bound":1.1742188578063726,"upper_bound":1.1746563022862702},"point_estimate":1.1744220046318574,"standard_error":0.00011191042966740536},"std_dev":{"confidence_interval":{"confidence_level":0.95,"lower_bound":0.0018100891901691276,"upper_bound":0.0028518721540940722},"point_estimate":0.002358676016610764,"standard_error":0.0002660677641381645}}