{"mean":{"confidence_interval":{"confidence_level":0.95,"lower_bound":-0.9026762802542797,"upper_bound":-0.902562387858172},"point_estimate":-0.902615981926067,"standard_error":0.000029092427449421845},"median":{"confidence_interval":{"confidence_level":0.95,"lower_bound":-0.9026261088394635,"upper_bound":-0.9025485179461561},"point_estimate":-0.9025891832790472,"standard_error":0.000018910036073878145}}