{"mean":{"confidence_interval":{"confidence_level":0.95,"lower_bound":-0.0002696263940921122,"upper_bound":0.0024095445318660534},"point_estimate":0.0009868274930970866,"standard_error":0.0007313430242032211},"median":{"confidence_interval":{"confidence_level":0.95,"lower_bound":-0.00017479523915353568,"upper_bound":0.0002140296892072513},"point_estimate":0.000013453025669907248,"standard_error":0.00009824888923079688}}