{"mean":{"confidence_interval":{"confidence_level":0.95,"lower_bound":0.0003192330386822318,"upper_bound":0.003446695469176997},"point_estimate":0.0017383185976773685,"standard_error":0.0008222156945250441},"median":{"confidence_interval":{"confidence_level":0.95,"lower_bound":-0.00042790787246571593,"upper_bound":0.00003927337416875787},"point_estimate":-0.00023923567300898618,"standard_error":0.0001200075144593781}}