{"mean":{"confidence_interval":{"confidence_level":0.95,"lower_bound":0.0013073804344387319,"upper_bound":0.004924350495300748},"point_estimate":0.003082341854089954,"standard_error":0.0009154291411066016},"median":{"confidence_interval":{"confidence_level":0.95,"lower_bound":-0.0001324518510250198,"upper_bound":0.0004747414187027399},"point_estimate":0.00009888993979223493,"standard_error":0.00015602776915830586}}