{"mean":{"confidence_interval":{"confidence_level":0.95,"lower_bound":-0.0004059011398072463,"upper_bound":0.00017301084248483303},"point_estimate":-0.00011479423403826239,"standard_error":0.00014798853332614008},"median":{"confidence_interval":{"confidence_level":0.95,"lower_bound":-0.00020043383364642953,"upper_bound":0.00023761173411096514},"point_estimate":-0.00001416694936495766,"standard_error":0.0001127275088109333}}