{"mean":{"confidence_interval":{"confidence_level":0.95,"lower_bound":-0.5262508556088131,"upper_bound":-0.5258743327114253},"point_estimate":-0.5260632387182431,"standard_error":0.00009553548840590333},"median":{"confidence_interval":{"confidence_level":0.95,"lower_bound":-0.5262432059933878,"upper_bound":-0.5259813952732764},"point_estimate":-0.5261077899169052,"standard_error":0.0000662929594346258}}