{"mean":{"confidence_interval":{"confidence_level":0.95,"lower_bound":-0.9500833922411992,"upper_bound":-0.9499851993793579},"point_estimate":-0.9500423683025488,"standard_error":0.000025063003995109253},"median":{"confidence_interval":{"confidence_level":0.95,"lower_bound":-0.9500652996034251,"upper_bound":-0.9500398824436854},"point_estimate":-0.9500535005526365,"standard_error":6.5937156685111985e-6}}