{"mean":{"confidence_interval":{"confidence_level":0.95,"lower_bound":-0.929486391235244,"upper_bound":-0.929320410076286},"point_estimate":-0.929389262990142,"standard_error":0.000043302892843857244},"median":{"confidence_interval":{"confidence_level":0.95,"lower_bound":-0.9293587479907452,"upper_bound":-0.929315349877454},"point_estimate":-0.929341655785167,"standard_error":0.00001115930701151439}}