{"mean":{"confidence_interval":{"confidence_level":0.95,"lower_bound":-0.6784558691821693,"upper_bound":-0.6782414068910458},"point_estimate":-0.6783440327150783,"standard_error":0.00005479090716117605},"median":{"confidence_interval":{"confidence_level":0.95,"lower_bound":-0.6783907296817904,"upper_bound":-0.6782635991540751},"point_estimate":-0.6783400172334462,"standard_error":0.000029853206111661762}}