{"mean":{"confidence_interval":{"confidence_level":0.95,"lower_bound":-0.9566725142277983,"upper_bound":-0.9565340498583363},"point_estimate":-0.9565948971849673,"standard_error":0.000035664342545995085},"median":{"confidence_interval":{"confidence_level":0.95,"lower_bound":-0.9565161380012907,"upper_bound":-0.9564750858309923},"point_estimate":-0.9564921055967149,"standard_error":0.000010345451291477117}}