{"mean":{"confidence_interval":{"confidence_level":0.95,"lower_bound":-0.7427419280608032,"upper_bound":-0.7420112295463333},"point_estimate":-0.7423820772744798,"standard_error":0.00018807114180846454},"median":{"confidence_interval":{"confidence_level":0.95,"lower_bound":-0.7429980793487676,"upper_bound":-0.7420964173075113},"point_estimate":-0.7425956943917621,"standard_error":0.00019797606430484993}}