{"mean":{"confidence_interval":{"confidence_level":0.95,"lower_bound":-0.0006579037627726129,"upper_bound":0.00094576168096821},"point_estimate":0.000023448848129214994,"standard_error":0.0004047824047779329},"median":{"confidence_interval":{"confidence_level":0.95,"lower_bound":-0.000343518818740154,"upper_bound":0.0001193006116058104},"point_estimate":-0.00014905395292841295,"standard_error":0.00011571176439270803}}