{"mean":{"confidence_interval":{"confidence_level":0.95,"lower_bound":-0.0031782783670228263,"upper_bound":0.000051317303718217856},"point_estimate":-0.0013587587033635495,"standard_error":0.0008341615596112516},"median":{"confidence_interval":{"confidence_level":0.95,"lower_bound":-0.00025333043857546914,"upper_bound":0.00023571543279644045},"point_estimate":-0.00005053257482956486,"standard_error":0.00012183533370033767}}