{"mean":{"confidence_interval":{"confidence_level":0.95,"lower_bound":-0.006654002680864,"upper_bound":-0.000662146805519959},"point_estimate":-0.003616835853672451,"standard_error":0.0015288477100302551},"median":{"confidence_interval":{"confidence_level":0.95,"lower_bound":-0.0030427357567109903,"upper_bound":-0.00017144730073214717},"point_estimate":-0.001318106179855949,"standard_error":0.0006916421893778722}}