{"mean":{"confidence_interval":{"confidence_level":0.95,"lower_bound":-0.8333856624953403,"upper_bound":-0.8332596022948587},"point_estimate":-0.8333223159497043,"standard_error":0.00003197655225031866},"median":{"confidence_interval":{"confidence_level":0.95,"lower_bound":-0.8333667080149528,"upper_bound":-0.833283596726199},"point_estimate":-0.8333153803854731,"standard_error":0.00002225110865984906}}