{"mean":{"confidence_interval":{"confidence_level":0.95,"lower_bound":0.38834175875394467,"upper_bound":0.38851867423197856},"point_estimate":0.38842601966733675,"standard_error":0.00004522029225486698},"median":{"confidence_interval":{"confidence_level":0.95,"lower_bound":0.38825605818388814,"upper_bound":0.3883895353049254},"point_estimate":0.38831482174314697,"standard_error":0.000030082165699025377},"median_abs_dev":{"confidence_interval":{"confidence_level":0.95,"lower_bound":0.0001937737773182861,"upper_bound":0.00038983796518923526},"point_estimate":0.0002599227348039921,"standard_error":0.00005197537465576443},"slope":{"confidence_interval":{"confidence_level":0.95,"lower_bound":0.38837594119589924,"upper_bound":0.3885912247243375},"point_estimate":0.38847717355462885,"standard_error":0.00005517405955280073},"std_dev":{"confidence_interval":{"confidence_level":0.95,"lower_bound":0.00033935210862978465,"upper_bound":0.0005685807727516818},"point_estimate":0.0004540076576027631,"standard_error":0.000059375539794199614}}