{"mean":{"confidence_interval":{"confidence_level":0.95,"lower_bound":-0.7984007995747676,"upper_bound":-0.7981181503553773},"point_estimate":-0.7982805394227697,"standard_error":0.00007320533241630087},"median":{"confidence_interval":{"confidence_level":0.95,"lower_bound":-0.7984494837258295,"upper_bound":-0.7983518861359702},"point_estimate":-0.7984070266083417,"standard_error":0.00002474719754951414}}