{"mean":{"confidence_interval":{"confidence_level":0.95,"lower_bound":-0.895649134734191,"upper_bound":-0.8952428068183804},"point_estimate":-0.8954867843494088,"standard_error":0.00010237820598809896},"median":{"confidence_interval":{"confidence_level":0.95,"lower_bound":-0.8956946648624271,"upper_bound":-0.8956250916940005},"point_estimate":-0.8956598012727728,"standard_error":0.00001750695179702348}}