{"mean":{"confidence_interval":{"confidence_level":0.95,"lower_bound":-0.32353542241452327,"upper_bound":-0.3224495903179245},"point_estimate":-0.3230728861935471,"standard_error":0.00028521722933200395},"median":{"confidence_interval":{"confidence_level":0.95,"lower_bound":-0.32334277068645095,"upper_bound":-0.3228820274825178},"point_estimate":-0.3231171073802819,"standard_error":0.00011732596874001393}}