{"mean":{"confidence_interval":{"confidence_level":0.95,"lower_bound":-0.0030300503315590114,"upper_bound":0.00015172321244305483},"point_estimate":-0.001695633793382667,"standard_error":0.000836866130842771},"median":{"confidence_interval":{"confidence_level":0.95,"lower_bound":-0.001961915673921011,"upper_bound":-0.0007942129124069996},"point_estimate":-0.0012940079366721147,"standard_error":0.00029897302426786345}}