{"mean":{"confidence_interval":{"confidence_level":0.95,"lower_bound":-0.9548245084963021,"upper_bound":-0.9547752631160255},"point_estimate":-0.954796682842222,"standard_error":0.000012695658856453527},"median":{"confidence_interval":{"confidence_level":0.95,"lower_bound":-0.9547970152415131,"upper_bound":-0.9547766504782832},"point_estimate":-0.954785272736041,"standard_error":4.9010941371599204e-6}}