{"mean":{"confidence_interval":{"confidence_level":0.95,"lower_bound":-0.003194298404377843,"upper_bound":-0.0017253148876551748},"point_estimate":-0.0024493465670845094,"standard_error":0.00037105235925497394},"median":{"confidence_interval":{"confidence_level":0.95,"lower_bound":-0.0016459522893336187,"upper_bound":-0.0007080028840915631},"point_estimate":-0.001116282908834365,"standard_error":0.0002287785744233435}}