{"mean":{"confidence_interval":{"confidence_level":0.95,"lower_bound":-0.0027058212214792843,"upper_bound":0.0005280561606023299},"point_estimate":-0.0009859420092793725,"standard_error":0.0008277992823660773},"median":{"confidence_interval":{"confidence_level":0.95,"lower_bound":-0.000698820564389635,"upper_bound":0.0001075895059716725},"point_estimate":-0.000275943446107596,"standard_error":0.00020343185332227329}}