{"mean":{"confidence_interval":{"confidence_level":0.95,"lower_bound":-0.0011702811248452205,"upper_bound":0.005013196740192569},"point_estimate":0.0015944121430246927,"standard_error":0.0015772633847932844},"median":{"confidence_interval":{"confidence_level":0.95,"lower_bound":-0.0004949595103754811,"upper_bound":-0.00005625529718711331},"point_estimate":-0.00025378248828111794,"standard_error":0.00011231221956333112}}