{"mean":{"confidence_interval":{"confidence_level":0.95,"lower_bound":-0.7841955542579534,"upper_bound":-0.7839865310182568},"point_estimate":-0.7840854942856803,"standard_error":0.00005315274568973443},"median":{"confidence_interval":{"confidence_level":0.95,"lower_bound":-0.7841307906891729,"upper_bound":-0.78405008725534},"point_estimate":-0.7840897338332674,"standard_error":0.000020167516845928525}}