{"mean":{"confidence_interval":{"confidence_level":0.95,"lower_bound":-0.0016094485619218943,"upper_bound":-0.0000346306975385543},"point_estimate":-0.000798625403355846,"standard_error":0.0004014750736119779},"median":{"confidence_interval":{"confidence_level":0.95,"lower_bound":-0.0008526813641510644,"upper_bound":0.00037582919840506435},"point_estimate":-0.0002538662608347897,"standard_error":0.00031282355065646595}}