{"mean":{"confidence_interval":{"confidence_level":0.95,"lower_bound":-0.8750856490837935,"upper_bound":-0.8749620392114696},"point_estimate":-0.8750204676720345,"standard_error":0.00003138891492577547},"median":{"confidence_interval":{"confidence_level":0.95,"lower_bound":-0.8750367173251875,"upper_bound":-0.8749879081999072},"point_estimate":-0.8750107558968608,"standard_error":0.000012314634914673114}}