{"mean":{"confidence_interval":{"confidence_level":0.95,"lower_bound":-0.0009156431732754655,"upper_bound":-0.000012450834363725359},"point_estimate":-0.00044551871810138977,"standard_error":0.0002313007454112831},"median":{"confidence_interval":{"confidence_level":0.95,"lower_bound":-0.00019661912628010647,"upper_bound":0.00034887221738788554},"point_estimate":0.00004560828444155618,"standard_error":0.00013977383773164893}}