{"mean":{"confidence_interval":{"confidence_level":0.95,"lower_bound":-0.01127341765920038,"upper_bound":-0.006710483309896308},"point_estimate":-0.008883960659038959,"standard_error":0.0011640681787013323},"median":{"confidence_interval":{"confidence_level":0.95,"lower_bound":-0.009887506950688074,"upper_bound":-0.005218564073322773},"point_estimate":-0.007381409643997028,"standard_error":0.0011729124184834139}}