{"mean":{"confidence_interval":{"confidence_level":0.95,"lower_bound":-0.8334552610506938,"upper_bound":-0.8332717648955692},"point_estimate":-0.8333537235961214,"standard_error":0.000046754136729897146},"median":{"confidence_interval":{"confidence_level":0.95,"lower_bound":-0.8333688837815295,"upper_bound":-0.833315653431135},"point_estimate":-0.8333356189336913,"standard_error":0.00001323163098274148}}