{"mean":{"confidence_interval":{"confidence_level":0.95,"lower_bound":-0.0005564287791273992,"upper_bound":0.0001727006704012098},"point_estimate":-0.00018391071463796926,"standard_error":0.0001861116317134263},"median":{"confidence_interval":{"confidence_level":0.95,"lower_bound":-0.0002813071487169138,"upper_bound":0.00020930491924886496},"point_estimate":-0.00008892201452825876,"standard_error":0.00011841420028711444}}