{"mean":{"confidence_interval":{"confidence_level":0.95,"lower_bound":0.7371500207866941,"upper_bound":0.7394027685012011},"point_estimate":0.7380564884583778,"standard_error":0.0005950605670375984},"median":{"confidence_interval":{"confidence_level":0.95,"lower_bound":0.7368546888083399,"upper_bound":0.7370713415131613},"point_estimate":0.7369919655201647,"standard_error":0.00006777986533257192},"median_abs_dev":{"confidence_interval":{"confidence_level":0.95,"lower_bound":0.0003714020695700132,"upper_bound":0.000691416079227405},"point_estimate":0.000582823051476964,"standard_error":0.00008583147015088315},"slope":{"confidence_interval":{"confidence_level":0.95,"lower_bound":0.7371206787823,"upper_bound":0.7386716904188148},"point_estimate":0.7377479740629823,"standard_error":0.0004040777949692201},"std_dev":{"confidence_interval":{"confidence_level":0.95,"lower_bound":0.0007650636645145927,"upper_bound":0.00957470371176789},"point_estimate":0.005985374181797717,"standard_error":0.002420493791321271}}