{"mean":{"confidence_interval":{"confidence_level":0.95,"lower_bound":-0.949566743174125,"upper_bound":-0.9493983384920706},"point_estimate":-0.9494703919552141,"standard_error":0.00004337467977342566},"median":{"confidence_interval":{"confidence_level":0.95,"lower_bound":-0.9494077214314288,"upper_bound":-0.9493873096786827},"point_estimate":-0.949398812251236,"standard_error":5.23578405153376e-6}}