{"mean":{"confidence_interval":{"confidence_level":0.95,"lower_bound":-0.9310812464792582,"upper_bound":-0.9310343625327229},"point_estimate":-0.931058023782701,"standard_error":0.00001191614487337665},"median":{"confidence_interval":{"confidence_level":0.95,"lower_bound":-0.9310773058374429,"upper_bound":-0.9310489304959163},"point_estimate":-0.9310598700055811,"standard_error":7.368154460022704e-6}}