{"mean":{"confidence_interval":{"confidence_level":0.95,"lower_bound":-0.9496429867911271,"upper_bound":-0.9495929873372901},"point_estimate":-0.9496165187331788,"standard_error":0.000012809336265306872},"median":{"confidence_interval":{"confidence_level":0.95,"lower_bound":-0.949625039683049,"upper_bound":-0.9496011716694798},"point_estimate":-0.9496129871982765,"standard_error":6.134296196710511e-6}}