{"mean":{"confidence_interval":{"confidence_level":0.95,"lower_bound":-0.9458791726518906,"upper_bound":-0.9457455750780569},"point_estimate":-0.9458263051334846,"standard_error":0.0000352261117921476},"median":{"confidence_interval":{"confidence_level":0.95,"lower_bound":-0.9459251799522224,"upper_bound":-0.9458623655381426},"point_estimate":-0.945900732463663,"standard_error":0.000016894524240891}}