{"mean":{"confidence_interval":{"confidence_level":0.95,"lower_bound":-0.002941102496996439,"upper_bound":0.0003615478761545883},"point_estimate":-0.0010289306370813156,"standard_error":0.0008542568807794797},"median":{"confidence_interval":{"confidence_level":0.95,"lower_bound":-0.00008687050236066973,"upper_bound":0.0003997994824804785},"point_estimate":0.00015945311954879138,"standard_error":0.00012734891767304893}}