{"mean":{"confidence_interval":{"confidence_level":0.95,"lower_bound":-0.0019387964282943952,"upper_bound":0.000887315037206859},"point_estimate":-0.0002520007813421321,"standard_error":0.0007454402138722223},"median":{"confidence_interval":{"confidence_level":0.95,"lower_bound":-0.00029890037778257367,"upper_bound":0.00018749400105523274},"point_estimate":-0.000050551833758238907,"standard_error":0.0001180322213352993}}