{"mean":{"confidence_interval":{"confidence_level":0.95,"lower_bound":-0.8312668052343384,"upper_bound":-0.8309173594747483},"point_estimate":-0.8310906963870109,"standard_error":0.0000915579886397496},"median":{"confidence_interval":{"confidence_level":0.95,"lower_bound":-0.8311018622171791,"upper_bound":-0.8308335226124496},"point_estimate":-0.8309501688606818,"standard_error":0.00007013881510424045}}