{"mean":{"confidence_interval":{"confidence_level":0.95,"lower_bound":-0.9544658486718657,"upper_bound":-0.9543217989921189},"point_estimate":-0.9543827314002891,"standard_error":0.00003729523990321133},"median":{"confidence_interval":{"confidence_level":0.95,"lower_bound":-0.9543395451459417,"upper_bound":-0.9543214488781312},"point_estimate":-0.9543282948564101,"standard_error":4.898426590727066e-6}}