{"mean":{"confidence_interval":{"confidence_level":0.95,"lower_bound":0.3743588024960642,"upper_bound":0.3746125231336533},"point_estimate":0.37447249612257316,"standard_error":0.00006475141925322875},"median":{"confidence_interval":{"confidence_level":0.95,"lower_bound":0.3742534835741239,"upper_bound":0.37436484059433617},"point_estimate":0.374327173645696,"standard_error":0.000027956687602475295},"median_abs_dev":{"confidence_interval":{"confidence_level":0.95,"lower_bound":0.00020108452615021216,"upper_bound":0.000371651940153275},"point_estimate":0.0002855606555469089,"standard_error":0.00004178346187029196},"slope":{"confidence_interval":{"confidence_level":0.95,"lower_bound":0.3743672527974092,"upper_bound":0.37455393034363205},"point_estimate":0.37445560510840764,"standard_error":0.000047507240032188025},"std_dev":{"confidence_interval":{"confidence_level":0.95,"lower_bound":0.00036209854272582943,"upper_bound":0.0009524727916379386},"point_estimate":0.0006501790056795837,"standard_error":0.0001709782612537497}}