{"mean":{"confidence_interval":{"confidence_level":0.95,"lower_bound":-0.0010917155783554979,"upper_bound":0.00006211523423566566},"point_estimate":-0.00045404811222549135,"standard_error":0.00029573796663102806},"median":{"confidence_interval":{"confidence_level":0.95,"lower_bound":-0.0003789905805502425,"upper_bound":0.00013497517175942164},"point_estimate":-0.00008161071931667152,"standard_error":0.00013709436031984786}}