{"mean":{"confidence_interval":{"confidence_level":0.95,"lower_bound":-0.026344184456062385,"upper_bound":-0.002683938287382367},"point_estimate":-0.012152220443337747,"standard_error":0.006297068831703747},"median":{"confidence_interval":{"confidence_level":0.95,"lower_bound":-0.0014835536324486753,"upper_bound":0.001810168349463348},"point_estimate":0.00028178118906208027,"standard_error":0.0008602457110012062}}