{"mean":{"confidence_interval":{"confidence_level":0.95,"lower_bound":-0.7291710382839215,"upper_bound":-0.7289563520998974},"point_estimate":-0.7290694482076776,"standard_error":0.00005520359309276709},"median":{"confidence_interval":{"confidence_level":0.95,"lower_bound":-0.7291730020357738,"upper_bound":-0.7290397364517132},"point_estimate":-0.7291104521969309,"standard_error":0.00003460004909950595}}