{"mean":{"confidence_interval":{"confidence_level":0.95,"lower_bound":-0.9062712788529843,"upper_bound":-0.9061913951274316},"point_estimate":-0.9062318339265251,"standard_error":0.000020481757396335278},"median":{"confidence_interval":{"confidence_level":0.95,"lower_bound":-0.9062772867827407,"upper_bound":-0.9062102096026131},"point_estimate":-0.9062515845161729,"standard_error":0.000017594548143675043}}