{"mean":{"confidence_interval":{"confidence_level":0.95,"lower_bound":-0.9169075310650728,"upper_bound":-0.9166228625101034},"point_estimate":-0.9167437837772922,"standard_error":0.00007371791015706285},"median":{"confidence_interval":{"confidence_level":0.95,"lower_bound":-0.9166822371683315,"upper_bound":-0.9166391858686616},"point_estimate":-0.9166652937176634,"standard_error":0.000010841363157389897}}