{"mean":{"confidence_interval":{"confidence_level":0.95,"lower_bound":-0.002677614051512358,"upper_bound":0.0018641759133516335},"point_estimate":-0.000471814936515047,"standard_error":0.0011464708040977952},"median":{"confidence_interval":{"confidence_level":0.95,"lower_bound":-0.0025551950140100892,"upper_bound":0.002135005967249444},"point_estimate":0.00031206356151458614,"standard_error":0.0010928671428343582}}