{"mean":{"confidence_interval":{"confidence_level":0.95,"lower_bound":-0.003982343842245339,"upper_bound":0.00005236602081116162},"point_estimate":-0.0016807130435650963,"standard_error":0.0010380048180007313},"median":{"confidence_interval":{"confidence_level":0.95,"lower_bound":-0.00022561511990903949,"upper_bound":0.0002412619554270634},"point_estimate":0.000012982025469510106,"standard_error":0.00012136813365863624}}