{"mean":{"confidence_interval":{"confidence_level":0.95,"lower_bound":0.00005327660845993455,"upper_bound":0.0033083837306878685},"point_estimate":0.0013675194006765867,"standard_error":0.0008078550104890554},"median":{"confidence_interval":{"confidence_level":0.95,"lower_bound":-0.00019190747350261717,"upper_bound":0.0001576345481457686},"point_estimate":-0.000024967264021902302,"standard_error":0.00009139139023268898}}