{"mean":{"confidence_interval":{"confidence_level":0.95,"lower_bound":-0.952494659765814,"upper_bound":-0.9524535767043737},"point_estimate":-0.9524743207368572,"standard_error":0.00001032794315191819},"median":{"confidence_interval":{"confidence_level":0.95,"lower_bound":-0.9524930898510356,"upper_bound":-0.9524751022921379},"point_estimate":-0.9524819890210315,"standard_error":4.398512927701287e-6}}