{"mean":{"confidence_interval":{"confidence_level":0.95,"lower_bound":-0.943205146069433,"upper_bound":-0.9430215748539267},"point_estimate":-0.9431007874152231,"standard_error":0.00004744499843595824},"median":{"confidence_interval":{"confidence_level":0.95,"lower_bound":-0.9430241592886367,"upper_bound":-0.9429963474011115},"point_estimate":-0.9430138372822402,"standard_error":6.796792177173054e-6}}