{"mean":{"confidence_interval":{"confidence_level":0.95,"lower_bound":-0.9461458244505994,"upper_bound":-0.945829046959663},"point_estimate":-0.9459596714397202,"standard_error":0.00008284109548230933},"median":{"confidence_interval":{"confidence_level":0.95,"lower_bound":-0.9459247107202003,"upper_bound":-0.9458899451049084},"point_estimate":-0.9459105174630209,"standard_error":9.063330075765243e-6}}