{"mean":{"confidence_interval":{"confidence_level":0.95,"lower_bound":-0.003288749171077526,"upper_bound":0.00008094562049591457},"point_estimate":-0.0013739882228270828,"standard_error":0.0008677307117136176},"median":{"confidence_interval":{"confidence_level":0.95,"lower_bound":-0.00020083275895943498,"upper_bound":0.0004015651841555723},"point_estimate":0.000040647796577086837,"standard_error":0.00015338579735532578}}