{"mean":{"confidence_interval":{"confidence_level":0.95,"lower_bound":-0.0007054464496921873,"upper_bound":0.00018483169114327214},"point_estimate":-0.00024502461863795677,"standard_error":0.00022748338441863706},"median":{"confidence_interval":{"confidence_level":0.95,"lower_bound":-0.00012348736706579988,"upper_bound":0.00043037099082380176},"point_estimate":0.0002080583525920776,"standard_error":0.00013694471579389793}}