{"mean":{"confidence_interval":{"confidence_level":0.95,"lower_bound":-0.9192956986045523,"upper_bound":-0.9190971889826287},"point_estimate":-0.9192141477588365,"standard_error":0.00005201726108896533},"median":{"confidence_interval":{"confidence_level":0.95,"lower_bound":-0.9192553222136465,"upper_bound":-0.9192234093535423},"point_estimate":-0.9192401125408338,"standard_error":8.1707497055952e-6}}