{"mean":{"confidence_interval":{"confidence_level":0.95,"lower_bound":1.1215690009586625,"upper_bound":1.12508381234309},"point_estimate":1.1230722025855644,"standard_error":0.0009075779380679728},"median":{"confidence_interval":{"confidence_level":0.95,"lower_bound":1.1208259978320865,"upper_bound":1.1216378898567436},"point_estimate":1.121136537374733,"standard_error":0.00021124450798340447},"median_abs_dev":{"confidence_interval":{"confidence_level":0.95,"lower_bound":0.001317220225853442,"upper_bound":0.002200214673835019},"point_estimate":0.0016113370681264732,"standard_error":0.0002256051222738573},"slope":{"confidence_interval":{"confidence_level":0.95,"lower_bound":1.1208700784900216,"upper_bound":1.1214160461234073},"point_estimate":1.1211327874821955,"standard_error":0.0001391996541766467},"std_dev":{"confidence_interval":{"confidence_level":0.95,"lower_bound":0.002514423758748837,"upper_bound":0.014098244950906573},"point_estimate":0.009105258370313065,"standard_error":0.0029181194026649923}}