{"mean":{"confidence_interval":{"confidence_level":0.95,"lower_bound":0.36733075804337467,"upper_bound":0.36764753788532845},"point_estimate":0.367466380163364,"standard_error":0.00008197239636610111},"median":{"confidence_interval":{"confidence_level":0.95,"lower_bound":0.36723496490653607,"upper_bound":0.3673471428824774},"point_estimate":0.3672872864940789,"standard_error":0.00003150595279452325},"median_abs_dev":{"confidence_interval":{"confidence_level":0.95,"lower_bound":0.00017938252954382978,"upper_bound":0.00031665735060741325},"point_estimate":0.0002144488260786792,"standard_error":0.00003539463421834298},"slope":{"confidence_interval":{"confidence_level":0.95,"lower_bound":0.3673056903344373,"upper_bound":0.3674639079684134},"point_estimate":0.3673796238881759,"standard_error":0.00004050489282929004},"std_dev":{"confidence_interval":{"confidence_level":0.95,"lower_bound":0.0003372375795833115,"upper_bound":0.0012806934650230798},"point_estimate":0.0008241330497733606,"standard_error":0.0002749230995106019}}