{"mean":{"confidence_interval":{"confidence_level":0.95,"lower_bound":0.5041624239822459,"upper_bound":0.5044375449364753},"point_estimate":0.5042921051541474,"standard_error":0.00007041160247306704},"median":{"confidence_interval":{"confidence_level":0.95,"lower_bound":0.5039717698362448,"upper_bound":0.5042257313332013},"point_estimate":0.5040512807550313,"standard_error":0.00007495830136586414},"median_abs_dev":{"confidence_interval":{"confidence_level":0.95,"lower_bound":0.000266677560075377,"upper_bound":0.00046605801519982565},"point_estimate":0.0003346910433456421,"standard_error":0.00005107223246005364},"slope":{"confidence_interval":{"confidence_level":0.95,"lower_bound":0.5041959575035684,"upper_bound":0.5045248036711573},"point_estimate":0.5043495822794806,"standard_error":0.00008408850958955018},"std_dev":{"confidence_interval":{"confidence_level":0.95,"lower_bound":0.00048614168994699607,"upper_bound":0.0009090561375759358},"point_estimate":0.0007066641699054624,"standard_error":0.00010841652453046787}}