{"mean":{"confidence_interval":{"confidence_level":0.95,"lower_bound":-0.008879363963615713,"upper_bound":-0.005273028673253637},"point_estimate":-0.007116633573664655,"standard_error":0.0009190143194723361},"median":{"confidence_interval":{"confidence_level":0.95,"lower_bound":-0.008094581822711833,"upper_bound":-0.0028660380603077007},"point_estimate":-0.005095758501334147,"standard_error":0.0012783307733335056}}