{"mean":{"confidence_interval":{"confidence_level":0.95,"lower_bound":-0.6749938650149968,"upper_bound":-0.6747819283390946},"point_estimate":-0.6748910935669084,"standard_error":0.000054204012835521015},"median":{"confidence_interval":{"confidence_level":0.95,"lower_bound":-0.6749981097168232,"upper_bound":-0.6748333357218995},"point_estimate":-0.6749218425548954,"standard_error":0.000044569301587505484}}