{"mean":{"confidence_interval":{"confidence_level":0.95,"lower_bound":-0.8684785484527641,"upper_bound":-0.8683805181008043},"point_estimate":-0.8684299844707484,"standard_error":0.00002468011592097562},"median":{"confidence_interval":{"confidence_level":0.95,"lower_bound":-0.8684949218595366,"upper_bound":-0.868413820555892},"point_estimate":-0.8684613646992094,"standard_error":0.000020785019592031632}}