{"mean":{"confidence_interval":{"confidence_level":0.95,"lower_bound":-0.9547366893278435,"upper_bound":-0.9545424829870489},"point_estimate":-0.9546367194028738,"standard_error":0.000049713740073032754},"median":{"confidence_interval":{"confidence_level":0.95,"lower_bound":-0.9548186304061478,"upper_bound":-0.9546136235623374},"point_estimate":-0.9547453812985793,"standard_error":0.00005060356196381569}}