{"mean":{"confidence_interval":{"confidence_level":0.95,"lower_bound":-0.0028095608184952156,"upper_bound":0.00041307776376570094},"point_estimate":-0.000985890675708867,"standard_error":0.0008303979475865407},"median":{"confidence_interval":{"confidence_level":0.95,"lower_bound":-0.00019145265859599192,"upper_bound":0.00036444046826855647},"point_estimate":0.00005316760344542537,"standard_error":0.00013850930148987526}}