{"mean":{"confidence_interval":{"confidence_level":0.95,"lower_bound":-0.004334903817247176,"upper_bound":-0.00033846689539322907},"point_estimate":-0.0021410394464336235,"standard_error":0.0010263721254520316},"median":{"confidence_interval":{"confidence_level":0.95,"lower_bound":-0.0005188944676920437,"upper_bound":0.0004929994067688348},"point_estimate":-0.00003075020925225047,"standard_error":0.00025503236164155755}}