{"mean":{"confidence_interval":{"confidence_level":0.95,"lower_bound":-0.7000907823214668,"upper_bound":-0.6997985400238015},"point_estimate":-0.6999560689377713,"standard_error":0.00007604149872464813},"median":{"confidence_interval":{"confidence_level":0.95,"lower_bound":-0.700080112676681,"upper_bound":-0.6999591966474716},"point_estimate":-0.7000284257981795,"standard_error":0.000031030261413671694}}