{"mean":{"confidence_interval":{"confidence_level":0.95,"lower_bound":3.3064315414774064,"upper_bound":3.3076988447750937},"point_estimate":3.307047840722828,"standard_error":0.00032344122990882147},"median":{"confidence_interval":{"confidence_level":0.95,"lower_bound":3.305768046862116,"upper_bound":3.306741584578381},"point_estimate":3.306406642988219,"standard_error":0.00023284910122541852},"median_abs_dev":{"confidence_interval":{"confidence_level":0.95,"lower_bound":0.0015803577524357987,"upper_bound":0.0029001726233532582},"point_estimate":0.002233186279647531,"standard_error":0.0003270921379542151},"slope":{"confidence_interval":{"confidence_level":0.95,"lower_bound":3.30660369377811,"upper_bound":3.3078660282934362},"point_estimate":3.3071983501237834,"standard_error":0.0003229126590541891},"std_dev":{"confidence_interval":{"confidence_level":0.95,"lower_bound":0.002634739908783819,"upper_bound":0.0037902088672808767},"point_estimate":0.0032585491662989654,"standard_error":0.00029578124605672215}}