{"mean":{"confidence_interval":{"confidence_level":0.95,"lower_bound":-0.0008598273360140407,"upper_bound":-0.0000311415874877348},"point_estimate":-0.00043226663388162834,"standard_error":0.00021027115951704448},"median":{"confidence_interval":{"confidence_level":0.95,"lower_bound":-0.0003506882712602799,"upper_bound":0.0001053913566089193},"point_estimate":-0.00015753940439555691,"standard_error":0.00011813382327906435}}