{"mean":{"confidence_interval":{"confidence_level":0.95,"lower_bound":-0.4407328611519495,"upper_bound":-0.439339905749415},"point_estimate":-0.4400581875121816,"standard_error":0.0003556447330900851},"median":{"confidence_interval":{"confidence_level":0.95,"lower_bound":-0.4411993226205597,"upper_bound":-0.4394546975232321},"point_estimate":-0.4405316260272618,"standard_error":0.0004044471435951256}}