{"mean":{"confidence_interval":{"confidence_level":0.95,"lower_bound":-0.333580291191104,"upper_bound":-0.332904300740646},"point_estimate":-0.333292045697829,"standard_error":0.0001721703193207243},"median":{"confidence_interval":{"confidence_level":0.95,"lower_bound":-0.33354505055623795,"upper_bound":-0.33322789826833543},"point_estimate":-0.33342076209209315,"standard_error":0.00008041899984763383}}