{"mean":{"confidence_interval":{"confidence_level":0.95,"lower_bound":-0.8444082492930511,"upper_bound":-0.8440678206886795},"point_estimate":-0.8442377132116455,"standard_error":0.0000901795891854088},"median":{"confidence_interval":{"confidence_level":0.95,"lower_bound":-0.8440789693315872,"upper_bound":-0.8438170393730685},"point_estimate":-0.8439964978656274,"standard_error":0.00005930264577094768}}