{"mean":{"confidence_interval":{"confidence_level":0.95,"lower_bound":0.46982436641892467,"upper_bound":0.47080412669406746},"point_estimate":0.47030889350986754,"standard_error":0.0002498353534345328},"median":{"confidence_interval":{"confidence_level":0.95,"lower_bound":0.46950303987587877,"upper_bound":0.4708909780591594},"point_estimate":0.47041078148292237,"standard_error":0.00034901675082349117},"median_abs_dev":{"confidence_interval":{"confidence_level":0.95,"lower_bound":0.0017402220999798755,"upper_bound":0.0026487681755314107},"point_estimate":0.002202427749178016,"standard_error":0.00023542829766331095},"slope":{"confidence_interval":{"confidence_level":0.95,"lower_bound":0.4701441946826285,"upper_bound":0.470965011125175},"point_estimate":0.47055739382800144,"standard_error":0.0002094089369441869},"std_dev":{"confidence_interval":{"confidence_level":0.95,"lower_bound":0.0020224185050011717,"upper_bound":0.0030142536757788714},"point_estimate":0.0025163357342992032,"standard_error":0.0002558197430784364}}