{"mean":{"confidence_interval":{"confidence_level":0.95,"lower_bound":-0.9548063529966918,"upper_bound":-0.9547666756096753},"point_estimate":-0.954786263116443,"standard_error":0.00001013695455109142},"median":{"confidence_interval":{"confidence_level":0.95,"lower_bound":-0.9547869207444353,"upper_bound":-0.9547648268678984},"point_estimate":-0.95477528811558,"standard_error":5.184499497189299e-6}}