{"mean":{"confidence_interval":{"confidence_level":0.95,"lower_bound":-0.0021824485534892466,"upper_bound":0.00016295073859171053},"point_estimate":-0.0007697296543210941,"standard_error":0.0006194860389111446},"median":{"confidence_interval":{"confidence_level":0.95,"lower_bound":-0.00031783872371797474,"upper_bound":0.0003668975834352217},"point_estimate":0.00011245468949572235,"standard_error":0.00017710472714479124}}