{"mean":{"confidence_interval":{"confidence_level":0.95,"lower_bound":-0.9526267722459815,"upper_bound":-0.9524737315886661},"point_estimate":-0.9525384113974851,"standard_error":0.00003953773901164265},"median":{"confidence_interval":{"confidence_level":0.95,"lower_bound":-0.9524943082263235,"upper_bound":-0.9524702717614845},"point_estimate":-0.9524827049610081,"standard_error":5.8954883308581345e-6}}