{"mean":{"confidence_interval":{"confidence_level":0.95,"lower_bound":1.3410111852686424,"upper_bound":1.3445865450023515},"point_estimate":1.3426337619251894,"standard_error":0.0009183428326702527},"median":{"confidence_interval":{"confidence_level":0.95,"lower_bound":1.3410232848966936,"upper_bound":1.3429116291815222},"point_estimate":1.342152151976246,"standard_error":0.0005032089906240052},"median_abs_dev":{"confidence_interval":{"confidence_level":0.95,"lower_bound":0.0025025158850465433,"upper_bound":0.0058938902505704365},"point_estimate":0.0039022511591817657,"standard_error":0.0009139981839674242},"slope":{"confidence_interval":{"confidence_level":0.95,"lower_bound":1.3378315264676137,"upper_bound":1.3391269187524963},"point_estimate":1.338411220486403,"standard_error":0.00032971483939386984},"std_dev":{"confidence_interval":{"confidence_level":0.95,"lower_bound":0.0053255008766613845,"upper_bound":0.012458251197266805},"point_estimate":0.009225913788280965,"standard_error":0.001900586805355467}}