{"mean":{"confidence_interval":{"confidence_level":0.95,"lower_bound":0.0000970710936210595,"upper_bound":0.0029183019648133016},"point_estimate":0.0012757752273806489,"standard_error":0.0007543333504775625},"median":{"confidence_interval":{"confidence_level":0.95,"lower_bound":-0.00012591289911922932,"upper_bound":0.0004947378410891101},"point_estimate":0.00021640136577127933,"standard_error":0.00015541043594276052}}