{"mean":{"confidence_interval":{"confidence_level":0.95,"lower_bound":-0.9486283858061987,"upper_bound":-0.9485258011252677},"point_estimate":-0.9485688852867784,"standard_error":0.000026630046364196002},"median":{"confidence_interval":{"confidence_level":0.95,"lower_bound":-0.9485646611715324,"upper_bound":-0.9485371479977511},"point_estimate":-0.9485538003688309,"standard_error":7.230391626554325e-6}}