{"mean":{"confidence_interval":{"confidence_level":0.95,"lower_bound":-0.9497081456456017,"upper_bound":-0.949495605636835},"point_estimate":-0.9495928113895645,"standard_error":0.000054548644588883456},"median":{"confidence_interval":{"confidence_level":0.95,"lower_bound":-0.9494183184578608,"upper_bound":-0.949393020787177},"point_estimate":-0.9494031880407344,"standard_error":6.491355375018065e-6}}