{"mean":{"confidence_interval":{"confidence_level":0.95,"lower_bound":-0.0062755276377040314,"upper_bound":-0.0016319638736915331},"point_estimate":-0.0037990639566826134,"standard_error":0.0011893269583576386},"median":{"confidence_interval":{"confidence_level":0.95,"lower_bound":-0.0002613254623985428,"upper_bound":0.0003229134467095385},"point_estimate":0.000018157719449130028,"standard_error":0.00014934215158021318}}