{"mean":{"confidence_interval":{"confidence_level":0.95,"lower_bound":-0.0004007796653765216,"upper_bound":0.00028356529202241395},"point_estimate":-0.00005308932282344081,"standard_error":0.00017372068737491682},"median":{"confidence_interval":{"confidence_level":0.95,"lower_bound":-0.00020650467598681832,"upper_bound":0.0003519480025915289},"point_estimate":0.0001631840699676257,"standard_error":0.00015607877684685397}}