{"mean":{"confidence_interval":{"confidence_level":0.95,"lower_bound":-0.9403678413785976,"upper_bound":-0.9403109833406162},"point_estimate":-0.9403383142640823,"standard_error":0.000014460405430637891},"median":{"confidence_interval":{"confidence_level":0.95,"lower_bound":-0.940339220234771,"upper_bound":-0.9403144027224882},"point_estimate":-0.9403231244998507,"standard_error":6.3756081489756285e-6}}