{"mean":{"confidence_interval":{"confidence_level":0.95,"lower_bound":0.4653252647371209,"upper_bound":0.4655243423225258},"point_estimate":0.46541873726946087,"standard_error":0.00005089595156735975},"median":{"confidence_interval":{"confidence_level":0.95,"lower_bound":0.4652173910133166,"upper_bound":0.46534364127489003},"point_estimate":0.46528561668156215,"standard_error":0.00003156148042862833},"median_abs_dev":{"confidence_interval":{"confidence_level":0.95,"lower_bound":0.00017189099206016441,"upper_bound":0.0003011587424312393},"point_estimate":0.00023232816231018926,"standard_error":0.00003311697718999048},"slope":{"confidence_interval":{"confidence_level":0.95,"lower_bound":0.46533494446392876,"upper_bound":0.4654843555038197},"point_estimate":0.46540582112191686,"standard_error":0.00003814383434681001},"std_dev":{"confidence_interval":{"confidence_level":0.95,"lower_bound":0.0003556067857411961,"upper_bound":0.000645241780144221},"point_estimate":0.0005101119127141664,"standard_error":0.00007389536117643664}}