{"mean":{"confidence_interval":{"confidence_level":0.95,"lower_bound":0.0005509287800198716,"upper_bound":0.00427548172225296},"point_estimate":0.0020466057307011454,"standard_error":0.0009603407540748881},"median":{"confidence_interval":{"confidence_level":0.95,"lower_bound":0.00015474626480860287,"upper_bound":0.0010803487633446185},"point_estimate":0.0006156053100989656,"standard_error":0.00024439817990151144}}