{"mean":{"confidence_interval":{"confidence_level":0.95,"lower_bound":0.37012978782541606,"upper_bound":0.3704076572175148},"point_estimate":0.3702495951278695,"standard_error":0.00007143271509799928},"median":{"confidence_interval":{"confidence_level":0.95,"lower_bound":0.3700558538707531,"upper_bound":0.3701360347373621},"point_estimate":0.37008310921748155,"standard_error":0.000024314643291439182},"median_abs_dev":{"confidence_interval":{"confidence_level":0.95,"lower_bound":0.00014674200698886708,"upper_bound":0.00031262314407838886},"point_estimate":0.0002050789901447057,"standard_error":0.00004289736967596231},"slope":{"confidence_interval":{"confidence_level":0.95,"lower_bound":0.3701290832770565,"upper_bound":0.37037444580220247},"point_estimate":0.3702316235994951,"standard_error":0.00006394937155434298},"std_dev":{"confidence_interval":{"confidence_level":0.95,"lower_bound":0.00029835819380086954,"upper_bound":0.001104508346301737},"point_estimate":0.000720343387970995,"standard_error":0.0002267677124101888}}