{"mean":{"confidence_interval":{"confidence_level":0.95,"lower_bound":-0.9497862724471232,"upper_bound":-0.9496236252542924},"point_estimate":-0.9496933318001053,"standard_error":0.00004204243352872201},"median":{"confidence_interval":{"confidence_level":0.95,"lower_bound":-0.9496221255471313,"upper_bound":-0.9496009902674923},"point_estimate":-0.9496101678160029,"standard_error":5.576578296169178e-6}}