{"mean":{"confidence_interval":{"confidence_level":0.95,"lower_bound":3.52134320923534,"upper_bound":3.5236985477013616},"point_estimate":3.5223361956316586,"standard_error":0.000609172128888316},"median":{"confidence_interval":{"confidence_level":0.95,"lower_bound":3.5206924763998195,"upper_bound":3.521792048077531},"point_estimate":3.521249750422274,"standard_error":0.00031451776952625565},"median_abs_dev":{"confidence_interval":{"confidence_level":0.95,"lower_bound":0.0017098752484199441,"upper_bound":0.0031709105374412676},"point_estimate":0.0022495058207007666,"standard_error":0.000379831728347055},"slope":{"confidence_interval":{"confidence_level":0.95,"lower_bound":3.5210740886972163,"upper_bound":3.5226294447641164},"point_estimate":3.521786651836783,"standard_error":0.0003985454573494686},"std_dev":{"confidence_interval":{"confidence_level":0.95,"lower_bound":0.002645713861792492,"upper_bound":0.009612055562109215},"point_estimate":0.006132627528985061,"standard_error":0.0021926390548836195}}