{"mean":{"confidence_interval":{"confidence_level":0.95,"lower_bound":-0.0031128974473510177,"upper_bound":0.0004313237182041845},"point_estimate":-0.0010971684383670466,"standard_error":0.0009131137316065386},"median":{"confidence_interval":{"confidence_level":0.95,"lower_bound":-0.00018909994303340486,"upper_bound":0.0003103562068096366},"point_estimate":0.00008367934042485814,"standard_error":0.00012782523479863022}}