{"mean":{"confidence_interval":{"confidence_level":0.95,"lower_bound":-0.9537540729340889,"upper_bound":-0.9535587393304422},"point_estimate":-0.9536487175991593,"standard_error":0.000050089056238214566},"median":{"confidence_interval":{"confidence_level":0.95,"lower_bound":-0.9535119368434585,"upper_bound":-0.9534859587072287},"point_estimate":-0.9534981273102022,"standard_error":6.7422893372397616e-6}}