{"mean":{"confidence_interval":{"confidence_level":0.95,"lower_bound":-0.7949273301437152,"upper_bound":-0.7947126276123396},"point_estimate":-0.7948225949497636,"standard_error":0.00005490125789956207},"median":{"confidence_interval":{"confidence_level":0.95,"lower_bound":-0.7950353680390947,"upper_bound":-0.7948746206559042},"point_estimate":-0.7949681243069886,"standard_error":0.000042682369284394}}