{"mean":{"confidence_interval":{"confidence_level":0.95,"lower_bound":0.7754063924547163,"upper_bound":0.7765976473904808},"point_estimate":0.7759601393792557,"standard_error":0.00030398830727446037},"median":{"confidence_interval":{"confidence_level":0.95,"lower_bound":0.7744286425385478,"upper_bound":0.7755695848022354},"point_estimate":0.7746890109035112,"standard_error":0.0002899231367625839},"median_abs_dev":{"confidence_interval":{"confidence_level":0.95,"lower_bound":0.0008337987158074537,"upper_bound":0.0022469471884028086},"point_estimate":0.0013095956528788493,"standard_error":0.0003489877518842746},"slope":{"confidence_interval":{"confidence_level":0.95,"lower_bound":0.775272627440529,"upper_bound":0.7768545257535945},"point_estimate":0.7759482084193826,"standard_error":0.0004075031110978254},"std_dev":{"confidence_interval":{"confidence_level":0.95,"lower_bound":0.0019168845471823814,"upper_bound":0.004097884976362783},"point_estimate":0.003063963362013126,"standard_error":0.0005580082075223988}}