{"mean":{"confidence_interval":{"confidence_level":0.95,"lower_bound":-0.8970134916182885,"upper_bound":-0.8967039618016092},"point_estimate":-0.8968716550970095,"standard_error":0.00008072672446236123},"median":{"confidence_interval":{"confidence_level":0.95,"lower_bound":-0.8971693004405699,"upper_bound":-0.896701500160539},"point_estimate":-0.8969784433449318,"standard_error":0.00011534501600094834}}