{"mean":{"confidence_interval":{"confidence_level":0.95,"lower_bound":-0.36376260052041987,"upper_bound":-0.3633474080716217},"point_estimate":-0.3635553768233888,"standard_error":0.00010662968056555964},"median":{"confidence_interval":{"confidence_level":0.95,"lower_bound":-0.36379481971104355,"upper_bound":-0.36352601639276727},"point_estimate":-0.36360437976305515,"standard_error":0.0000748390532031727}}