{"mean":{"confidence_interval":{"confidence_level":0.95,"lower_bound":-0.7965648708514903,"upper_bound":-0.796181008440134},"point_estimate":-0.7963975356864805,"standard_error":0.00009657192863219373},"median":{"confidence_interval":{"confidence_level":0.95,"lower_bound":-0.7966052102864272,"upper_bound":-0.7964920480739865},"point_estimate":-0.7965357579844217,"standard_error":0.00002855178267835586}}