{"mean":{"confidence_interval":{"confidence_level":0.95,"lower_bound":-0.0013358789188853495,"upper_bound":0.00007071746214305982},"point_estimate":-0.000526025557676002,"standard_error":0.00036400056098548665},"median":{"confidence_interval":{"confidence_level":0.95,"lower_bound":-0.0003322148534901201,"upper_bound":0.00005751655775254605},"point_estimate":-0.00014488348317254207,"standard_error":0.00009833236483641594}}