{"mean":{"confidence_interval":{"confidence_level":0.95,"lower_bound":-0.0005773941605031251,"upper_bound":0.00017339689466854815},"point_estimate":-0.00019308612026958105,"standard_error":0.00019081389069868412},"median":{"confidence_interval":{"confidence_level":0.95,"lower_bound":-0.0002730581449287284,"upper_bound":0.0001346683116820735},"point_estimate":-0.00008420961796928861,"standard_error":0.00010509455904241554}}