{"mean":{"confidence_interval":{"confidence_level":0.95,"lower_bound":-0.0036370989943835526,"upper_bound":-0.00021068833884266841},"point_estimate":-0.001721004608362886,"standard_error":0.0008792303550781242},"median":{"confidence_interval":{"confidence_level":0.95,"lower_bound":-0.00011438874082780881,"upper_bound":0.00023241495296111303},"point_estimate":0.00002717189832246447,"standard_error":0.00008307617430897582}}