{"mean":{"confidence_interval":{"confidence_level":0.95,"lower_bound":-0.8343282458185615,"upper_bound":-0.8341998603441761},"point_estimate":-0.8342678827996979,"standard_error":0.00003259812365912831},"median":{"confidence_interval":{"confidence_level":0.95,"lower_bound":-0.8343068816442938,"upper_bound":-0.834212883641349},"point_estimate":-0.8342711469956459,"standard_error":0.000023630614628381}}