{"mean":{"confidence_interval":{"confidence_level":0.95,"lower_bound":-0.0001810612411705601,"upper_bound":0.001843690801995401},"point_estimate":0.0008510187598320673,"standard_error":0.0005179020486519101},"median":{"confidence_interval":{"confidence_level":0.95,"lower_bound":-0.0005875497147268538,"upper_bound":0.0018786764645544185},"point_estimate":0.00047707939602292804,"standard_error":0.0006558888393870737}}