{"mean":{"confidence_interval":{"confidence_level":0.95,"lower_bound":-0.0023701025580921127,"upper_bound":-0.00015643707086275278},"point_estimate":-0.0010861198029022967,"standard_error":0.0005757272322733702},"median":{"confidence_interval":{"confidence_level":0.95,"lower_bound":-0.0005675840561518708,"upper_bound":0.0000825885849111696},"point_estimate":-0.00025979364380646075,"standard_error":0.0001619111301255676}}