{"mean":{"confidence_interval":{"confidence_level":0.95,"lower_bound":-0.37523166360684734,"upper_bound":-0.3726392001031012},"point_estimate":-0.3739462430060402,"standard_error":0.0006494122235818681},"median":{"confidence_interval":{"confidence_level":0.95,"lower_bound":-0.37438925015831953,"upper_bound":-0.3740087877032673},"point_estimate":-0.37415293668791194,"standard_error":0.00009826767249314221}}