{"mean":{"confidence_interval":{"confidence_level":0.95,"lower_bound":-0.8125710342467736,"upper_bound":-0.8124272843166341},"point_estimate":-0.8125011810227515,"standard_error":0.00003657374974229858},"median":{"confidence_interval":{"confidence_level":0.95,"lower_bound":-0.8125784370875453,"upper_bound":-0.8124748675229233},"point_estimate":-0.8125303590796601,"standard_error":0.000026161489656448186}}