{"mean":{"confidence_interval":{"confidence_level":0.95,"lower_bound":-0.00035139869185864806,"upper_bound":0.00040266020398181386},"point_estimate":0.000025353672556516216,"standard_error":0.00019182493440985827},"median":{"confidence_interval":{"confidence_level":0.95,"lower_bound":-0.00012217191331043153,"upper_bound":0.000344064518295939},"point_estimate":0.00008506335804669973,"standard_error":0.00011516600317924775}}