{"mean":{"confidence_interval":{"confidence_level":0.95,"lower_bound":-0.810215389390161,"upper_bound":-0.8098518195014931},"point_estimate":-0.8100535424603469,"standard_error":0.00008783056000255942},"median":{"confidence_interval":{"confidence_level":0.95,"lower_bound":-0.8102659950617461,"upper_bound":-0.8097558970685844},"point_estimate":-0.8100518693864778,"standard_error":0.00015121321855553072}}