{"mean":{"confidence_interval":{"confidence_level":0.95,"lower_bound":-0.008573804007376163,"upper_bound":-0.003026448267376812},"point_estimate":-0.005718239229664079,"standard_error":0.001411751258519692},"median":{"confidence_interval":{"confidence_level":0.95,"lower_bound":-0.0068368094734546185,"upper_bound":-0.0020993229178223327},"point_estimate":-0.0048742493846740675,"standard_error":0.0012018694033465649}}