{"mean":{"confidence_interval":{"confidence_level":0.95,"lower_bound":-0.007793857937600109,"upper_bound":-0.004558354445478183},"point_estimate":-0.005970707066579317,"standard_error":0.0008356526811314117},"median":{"confidence_interval":{"confidence_level":0.95,"lower_bound":-0.00512605631683995,"upper_bound":-0.004485903538429481},"point_estimate":-0.004862510327851122,"standard_error":0.00016858886272410126}}