{"mean":{"confidence_interval":{"confidence_level":0.95,"lower_bound":0.5972625599152492,"upper_bound":0.5977216445037749},"point_estimate":0.59746504513023,"standard_error":0.00011823670707329382},"median":{"confidence_interval":{"confidence_level":0.95,"lower_bound":0.5970542580431314,"upper_bound":0.5973398284337904},"point_estimate":0.5972053703811265,"standard_error":0.00007236383730198439},"median_abs_dev":{"confidence_interval":{"confidence_level":0.95,"lower_bound":0.0003579367862294299,"upper_bound":0.0007075174309826827},"point_estimate":0.0005246707951796564,"standard_error":0.00009019163161189181},"slope":{"confidence_interval":{"confidence_level":0.95,"lower_bound":0.5971857568121961,"upper_bound":0.597471475495533},"point_estimate":0.5973145874392909,"standard_error":0.00007301327052990262},"std_dev":{"confidence_interval":{"confidence_level":0.95,"lower_bound":0.0006262442416563604,"upper_bound":0.0017774065159423065},"point_estimate":0.0011908037052222875,"standard_error":0.00034356204126869956}}