{"mean":{"confidence_interval":{"confidence_level":0.95,"lower_bound":-0.00025247072149150453,"upper_bound":0.0008016257244735089},"point_estimate":0.00018487686579793383,"standard_error":0.0002629585303035455},"median":{"confidence_interval":{"confidence_level":0.95,"lower_bound":-0.0001538922072625848,"upper_bound":0.00030356151706500967},"point_estimate":0.00009364259056043878,"standard_error":0.00011839150836454286}}