{"mean":{"confidence_interval":{"confidence_level":0.95,"lower_bound":-0.5696057485739975,"upper_bound":-0.56933029380272},"point_estimate":-0.5694703508937669,"standard_error":0.00006952807934023928},"median":{"confidence_interval":{"confidence_level":0.95,"lower_bound":-0.5694790308011404,"upper_bound":-0.5693463372432321},"point_estimate":-0.5693981602657785,"standard_error":0.000033705567844347095}}