{"mean":{"confidence_interval":{"confidence_level":0.95,"lower_bound":-0.0002628976937861959,"upper_bound":0.0005262142884759003},"point_estimate":0.00011890513792267576,"standard_error":0.00020359416894401896},"median":{"confidence_interval":{"confidence_level":0.95,"lower_bound":-0.00023901485378885479,"upper_bound":0.00023193293514400784},"point_estimate":-0.00008512854048270402,"standard_error":0.0001217641618187413}}