{"mean":{"confidence_interval":{"confidence_level":0.95,"lower_bound":-0.0029432215295060508,"upper_bound":0.0012839290948482528},"point_estimate":-0.0007526725706534787,"standard_error":0.0010649605220382835},"median":{"confidence_interval":{"confidence_level":0.95,"lower_bound":-0.0002915914715423764,"upper_bound":0.0002720930813102651},"point_estimate":-0.000012436898317758072,"standard_error":0.00014235415163218668}}