{"mean":{"confidence_interval":{"confidence_level":0.95,"lower_bound":-0.8748296088226527,"upper_bound":-0.8746274793929047},"point_estimate":-0.8747445268169758,"standard_error":0.000051318263276759815},"median":{"confidence_interval":{"confidence_level":0.95,"lower_bound":-0.8748515987263401,"upper_bound":-0.8747743420738407},"point_estimate":-0.8748084151171484,"standard_error":0.000020581206328410644}}