{"mean":{"confidence_interval":{"confidence_level":0.95,"lower_bound":-0.001364041543031588,"upper_bound":0.0010231003440135604},"point_estimate":-0.00010170199884873554,"standard_error":0.0006067331146920228},"median":{"confidence_interval":{"confidence_level":0.95,"lower_bound":-0.0008487787150351893,"upper_bound":0.0011125932430890995},"point_estimate":0.0002467012018245729,"standard_error":0.0005031022799207568}}