{"mean":{"confidence_interval":{"confidence_level":0.95,"lower_bound":0.07275533358871811,"upper_bound":0.07552497902273392},"point_estimate":0.07416920840838781,"standard_error":0.000704430944775446},"median":{"confidence_interval":{"confidence_level":0.95,"lower_bound":0.07283481910507375,"upper_bound":0.07584496450229894},"point_estimate":0.07459104747550604,"standard_error":0.0006581624530018664}}