{"mean":{"confidence_interval":{"confidence_level":0.95,"lower_bound":-0.00042905026151475163,"upper_bound":0.00028426065663071914},"point_estimate":-0.00008012621544428722,"standard_error":0.00018281111735720884},"median":{"confidence_interval":{"confidence_level":0.95,"lower_bound":-0.00031259546025441676,"upper_bound":0.00016263108926750647},"point_estimate":-0.00015970901749851052,"standard_error":0.00012485139457086685}}