{"mean":{"confidence_interval":{"confidence_level":0.95,"lower_bound":-0.0016423948496716576,"upper_bound":0.0018899974136529216},"point_estimate":0.00017794427895467813,"standard_error":0.0009002128704921696},"median":{"confidence_interval":{"confidence_level":0.95,"lower_bound":-0.0018075767100593075,"upper_bound":0.0023959094029446515},"point_estimate":-0.00021381115272867124,"standard_error":0.0010933300534251887}}