{"mean":{"confidence_interval":{"confidence_level":0.95,"lower_bound":-0.972866716182678,"upper_bound":-0.9728462001012445},"point_estimate":-0.9728567104870309,"standard_error":5.204060039929075e-6},"median":{"confidence_interval":{"confidence_level":0.95,"lower_bound":-0.9728663261319995,"upper_bound":-0.9728547476188453},"point_estimate":-0.9728614102396657,"standard_error":2.8769438755730067e-6}}