{"mean":{"confidence_interval":{"confidence_level":0.95,"lower_bound":-0.0004490617871446194,"upper_bound":0.0006775103603503525},"point_estimate":0.00008588566544553977,"standard_error":0.000289025927054792},"median":{"confidence_interval":{"confidence_level":0.95,"lower_bound":-0.000273855105596188,"upper_bound":0.00023208875517788385},"point_estimate":-0.00002367772821376679,"standard_error":0.0001272928908642021}}