{"mean":{"confidence_interval":{"confidence_level":0.95,"lower_bound":-0.004590051574173686,"upper_bound":0.0005725631667715834},"point_estimate":-0.001905387662159197,"standard_error":0.0013197121175248664},"median":{"confidence_interval":{"confidence_level":0.95,"lower_bound":-0.0032506418849975738,"upper_bound":-0.000025681582814569853},"point_estimate":-0.0013659539586846625,"standard_error":0.0007851687883385097}}