{"mean":{"confidence_interval":{"confidence_level":0.95,"lower_bound":-0.004884349578726754,"upper_bound":0.00017102715814394296},"point_estimate":-0.0023344003006013914,"standard_error":0.0012893904036026661},"median":{"confidence_interval":{"confidence_level":0.95,"lower_bound":-0.0035182492041446745,"upper_bound":0.0020569255681079923},"point_estimate":-0.0003454470687832556,"standard_error":0.0013496532603348764}}