{"mean":{"confidence_interval":{"confidence_level":0.95,"lower_bound":-0.0032931166582317838,"upper_bound":-0.00004965646935585238},"point_estimate":-0.0014291437198796775,"standard_error":0.0008412395086562144},"median":{"confidence_interval":{"confidence_level":0.95,"lower_bound":-0.0002453020965962338,"upper_bound":0.00028303427530840253},"point_estimate":0.00001659838540457592,"standard_error":0.00012711058628084513}}