{"mean":{"confidence_interval":{"confidence_level":0.95,"lower_bound":0.8511432133037193,"upper_bound":0.8516248671438058},"point_estimate":0.8513716613128903,"standard_error":0.0001229866561190024},"median":{"confidence_interval":{"confidence_level":0.95,"lower_bound":0.8509010133489583,"upper_bound":0.8512653695663366},"point_estimate":0.8510516624391928,"standard_error":0.0001000261983699416},"median_abs_dev":{"confidence_interval":{"confidence_level":0.95,"lower_bound":0.0005360369798868101,"upper_bound":0.0009063901667169685},"point_estimate":0.0006940092284801537,"standard_error":0.0000974173386088662},"slope":{"confidence_interval":{"confidence_level":0.95,"lower_bound":0.8510087907359264,"upper_bound":0.8514124410198972},"point_estimate":0.851192135824981,"standard_error":0.00010348997228046504},"std_dev":{"confidence_interval":{"confidence_level":0.95,"lower_bound":0.0009018765438814486,"upper_bound":0.0015512551858334132},"point_estimate":0.0012430440420230394,"standard_error":0.00016656682489434068}}