{"mean":{"confidence_interval":{"confidence_level":0.95,"lower_bound":0.6237608470206747,"upper_bound":0.6245987611356236},"point_estimate":0.6240934961822441,"standard_error":0.00022099890402753835},"median":{"confidence_interval":{"confidence_level":0.95,"lower_bound":0.6235745716299864,"upper_bound":0.6238020536310388},"point_estimate":0.6236930012560852,"standard_error":0.00005443454008660191},"median_abs_dev":{"confidence_interval":{"confidence_level":0.95,"lower_bound":0.0003402487139076036,"upper_bound":0.0005629847129617965},"point_estimate":0.0004512081399365741,"standard_error":0.00005812420367328104},"slope":{"confidence_interval":{"confidence_level":0.95,"lower_bound":0.6237355284936515,"upper_bound":0.624123187303784},"point_estimate":0.6239089367695129,"standard_error":0.00009951810704847896},"std_dev":{"confidence_interval":{"confidence_level":0.95,"lower_bound":0.0006337091618554973,"upper_bound":0.0036475433370670813},"point_estimate":0.002231312444181805,"standard_error":0.0009545859125393084}}