{"mean":{"confidence_interval":{"confidence_level":0.95,"lower_bound":-0.9486776089503905,"upper_bound":-0.9484646654279619},"point_estimate":-0.9485640545266202,"standard_error":0.00005462954830935855},"median":{"confidence_interval":{"confidence_level":0.95,"lower_bound":-0.9484312848023285,"upper_bound":-0.9483750202557572},"point_estimate":-0.9484066183081643,"standard_error":0.000014898443986506042}}