{"mean":{"confidence_interval":{"confidence_level":0.95,"lower_bound":-0.9567029680356047,"upper_bound":-0.9565419855326671},"point_estimate":-0.9566129117957876,"standard_error":0.00004139590703880477},"median":{"confidence_interval":{"confidence_level":0.95,"lower_bound":-0.9565383151380802,"upper_bound":-0.9565208244419898},"point_estimate":-0.9565296737413572,"standard_error":4.4646318276702935e-6}}