{"mean":{"confidence_interval":{"confidence_level":0.95,"lower_bound":0.0020516122673379378,"upper_bound":0.006491001640696125},"point_estimate":0.004075302112323653,"standard_error":0.0011124863754213025},"median":{"confidence_interval":{"confidence_level":0.95,"lower_bound":0.0011912815277472788,"upper_bound":0.001684863681151949},"point_estimate":0.0014478661668868575,"standard_error":0.00012834645565931228}}