{"mean":{"confidence_interval":{"confidence_level":0.95,"lower_bound":-0.3669432256190151,"upper_bound":-0.36546110351424627},"point_estimate":-0.3663148115231061,"standard_error":0.00039115233380604495},"median":{"confidence_interval":{"confidence_level":0.95,"lower_bound":-0.3671115673995029,"upper_bound":-0.3667491972800433},"point_estimate":-0.3669755877024127,"standard_error":0.00008480765435643978}}