{"mean":{"confidence_interval":{"confidence_level":0.95,"lower_bound":-0.001490020503547415,"upper_bound":0.0028521041815482294},"point_estimate":0.0006903008258434262,"standard_error":0.0010724711053213996},"median":{"confidence_interval":{"confidence_level":0.95,"lower_bound":-0.00036602473241353906,"upper_bound":0.00008629859691703684},"point_estimate":-0.00012205411740162653,"standard_error":0.00010733260084177645}}