{"mean":{"confidence_interval":{"confidence_level":0.95,"lower_bound":-0.0010094854963350302,"upper_bound":0.0006222725414520956},"point_estimate":-0.00028209159632064384,"standard_error":0.0004197796051030657},"median":{"confidence_interval":{"confidence_level":0.95,"lower_bound":-0.0004480751325816046,"upper_bound":0.00007365577127815826},"point_estimate":-0.00021805975343658357,"standard_error":0.00013230557607896447}}