{"mean":{"confidence_interval":{"confidence_level":0.95,"lower_bound":1.0292044705467147,"upper_bound":1.0302455495837064},"point_estimate":1.029696605272013,"standard_error":0.00026641274873103875},"median":{"confidence_interval":{"confidence_level":0.95,"lower_bound":1.0285512413114435,"upper_bound":1.0290158209483937},"point_estimate":1.0286888320155088,"standard_error":0.0001308662319047107},"median_abs_dev":{"confidence_interval":{"confidence_level":0.95,"lower_bound":0.0006484870356620659,"upper_bound":0.0012615884385851418},"point_estimate":0.0008180835247629092,"standard_error":0.00015725862885829068},"slope":{"confidence_interval":{"confidence_level":0.95,"lower_bound":1.028669485310765,"upper_bound":1.0291918791936503},"point_estimate":1.0288997119825616,"standard_error":0.00013456020088934676},"std_dev":{"confidence_interval":{"confidence_level":0.95,"lower_bound":0.0019168129185147813,"upper_bound":0.0033241276753961557},"point_estimate":0.0026800371255280963,"standard_error":0.00035914560766023285}}