{"mean":{"confidence_interval":{"confidence_level":0.95,"lower_bound":-0.9421362149733921,"upper_bound":-0.9420296256442827},"point_estimate":-0.942080492791213,"standard_error":0.000027231928432359304},"median":{"confidence_interval":{"confidence_level":0.95,"lower_bound":-0.9421682530023251,"upper_bound":-0.9420763223562995},"point_estimate":-0.9421422986508071,"standard_error":0.00002512846669975261}}