{"mean":{"confidence_interval":{"confidence_level":0.95,"lower_bound":0.6205094883827431,"upper_bound":0.6208324919803505},"point_estimate":0.6206575622671155,"standard_error":0.00008241170004576718},"median":{"confidence_interval":{"confidence_level":0.95,"lower_bound":0.6203374668727638,"upper_bound":0.6205232526727515},"point_estimate":0.6204360232364826,"standard_error":0.000050638961972570495},"median_abs_dev":{"confidence_interval":{"confidence_level":0.95,"lower_bound":0.0003187993695773368,"upper_bound":0.0006214493111723163},"point_estimate":0.0004585678073325397,"standard_error":0.00008184021524788015},"slope":{"confidence_interval":{"confidence_level":0.95,"lower_bound":0.6205490403701791,"upper_bound":0.6208492617465424},"point_estimate":0.6206898630591658,"standard_error":0.00007678030210017603},"std_dev":{"confidence_interval":{"confidence_level":0.95,"lower_bound":0.0005200967322487565,"upper_bound":0.0011652674852260932},"point_estimate":0.0008318219237045011,"standard_error":0.00017929790703157718}}