{"mean":{"confidence_interval":{"confidence_level":0.95,"lower_bound":0.005894301095585342,"upper_bound":0.011054536317643075},"point_estimate":0.008459600256948807,"standard_error":0.0013125298068925838},"median":{"confidence_interval":{"confidence_level":0.95,"lower_bound":0.008475397102223114,"upper_bound":0.01203030345089151},"point_estimate":0.010650635269749298,"standard_error":0.0009105798381323725}}