{"mean":{"confidence_interval":{"confidence_level":0.95,"lower_bound":-0.0003594572316231556,"upper_bound":0.0045282819773103606},"point_estimate":0.001611834156888703,"standard_error":0.0012971114633795664},"median":{"confidence_interval":{"confidence_level":0.95,"lower_bound":-0.00023654630469938098,"upper_bound":0.0003834943239560129},"point_estimate":0.000047010597687302536,"standard_error":0.00015714239429975114}}