{"mean":{"confidence_interval":{"confidence_level":0.95,"lower_bound":-0.00025984197712148325,"upper_bound":0.00043601516425486036},"point_estimate":0.00005712973685012557,"standard_error":0.00017640000389179},"median":{"confidence_interval":{"confidence_level":0.95,"lower_bound":-0.00021338327644560007,"upper_bound":0.0002760187157136215},"point_estimate":0.000017831280019864337,"standard_error":0.0001255818297648889}}