{"mean":{"confidence_interval":{"confidence_level":0.95,"lower_bound":0.7371328529740789,"upper_bound":0.7376190261228481},"point_estimate":0.7373572379685709,"standard_error":0.00012447159143802694},"median":{"confidence_interval":{"confidence_level":0.95,"lower_bound":0.7368889407687222,"upper_bound":0.7371578547839348},"point_estimate":0.7370189530169008,"standard_error":0.00006836363300395437},"median_abs_dev":{"confidence_interval":{"confidence_level":0.95,"lower_bound":0.0004179309073612418,"upper_bound":0.0007478895037906475},"point_estimate":0.0005745448017427807,"standard_error":0.0000890840443988186},"slope":{"confidence_interval":{"confidence_level":0.95,"lower_bound":0.7369987197259318,"upper_bound":0.7372708048793618},"point_estimate":0.737128008388447,"standard_error":0.00006965554501644953},"std_dev":{"confidence_interval":{"confidence_level":0.95,"lower_bound":0.0007525109344759471,"upper_bound":0.0016673775757963458},"point_estimate":0.0012524663975736069,"standard_error":0.00023441649577450916}}