{"mean":{"confidence_interval":{"confidence_level":0.95,"lower_bound":0.00035711999032815854,"upper_bound":0.004068442009957406},"point_estimate":0.0017911263517633724,"standard_error":0.0009550505293010717},"median":{"confidence_interval":{"confidence_level":0.95,"lower_bound":-0.0005865418622867935,"upper_bound":-0.0001647977541370249},"point_estimate":-0.0004100216113505084,"standard_error":0.00010536260265024772}}