{"mean":{"confidence_interval":{"confidence_level":0.95,"lower_bound":-0.9421044566940032,"upper_bound":-0.9420444548704507},"point_estimate":-0.942074307297678,"standard_error":0.00001529228041601557},"median":{"confidence_interval":{"confidence_level":0.95,"lower_bound":-0.9421599397842048,"upper_bound":-0.9420572512358965},"point_estimate":-0.9421254475683324,"standard_error":0.000027795802941816823}}