{"mean":{"confidence_interval":{"confidence_level":0.95,"lower_bound":-0.8750323637873076,"upper_bound":-0.8748231870012377},"point_estimate":-0.8749429421576661,"standard_error":0.00005562203565822198},"median":{"confidence_interval":{"confidence_level":0.95,"lower_bound":-0.8750384488754087,"upper_bound":-0.8749741262645824},"point_estimate":-0.8750166483914771,"standard_error":0.00001745451184153649}}