{"mean":{"confidence_interval":{"confidence_level":0.95,"lower_bound":-0.9110196628640941,"upper_bound":-0.9108806942720303},"point_estimate":-0.9109517855042577,"standard_error":0.00003546506436205285},"median":{"confidence_interval":{"confidence_level":0.95,"lower_bound":-0.9110041807975773,"upper_bound":-0.9109169471158949},"point_estimate":-0.9109643631654041,"standard_error":0.000022831611556498194}}