{"mean":{"confidence_interval":{"confidence_level":0.95,"lower_bound":-0.0003469176637885318,"upper_bound":0.00042004892449763997},"point_estimate":0.000029569456270417405,"standard_error":0.00019529639792509462},"median":{"confidence_interval":{"confidence_level":0.95,"lower_bound":-0.00021246364747706803,"upper_bound":0.000185506429589255},"point_estimate":-0.0000559576196915712,"standard_error":0.00010001608491760628}}