{"mean":{"confidence_interval":{"confidence_level":0.95,"lower_bound":0.3701326566075083,"upper_bound":0.37047329723721256},"point_estimate":0.37028015119923374,"standard_error":0.00008757837794567253},"median":{"confidence_interval":{"confidence_level":0.95,"lower_bound":0.3700353322493901,"upper_bound":0.37014656335935797},"point_estimate":0.37009959790675406,"standard_error":0.000029594691317827465},"median_abs_dev":{"confidence_interval":{"confidence_level":0.95,"lower_bound":0.00021232359180160722,"upper_bound":0.0003449877279058451},"point_estimate":0.00030102286002900533,"standard_error":0.000033430762919187884},"slope":{"confidence_interval":{"confidence_level":0.95,"lower_bound":0.3701468435056383,"upper_bound":0.37066592463387005},"point_estimate":0.37034190516334387,"standard_error":0.00014121334132393958},"std_dev":{"confidence_interval":{"confidence_level":0.95,"lower_bound":0.00031331257256570324,"upper_bound":0.0013229249939330024},"point_estimate":0.0008800209185159754,"standard_error":0.0002629774812373006}}