{"mean":{"confidence_interval":{"confidence_level":0.95,"lower_bound":-0.9090686058947095,"upper_bound":-0.9087404919256976},"point_estimate":-0.9089063144049421,"standard_error":0.00008354095841832789},"median":{"confidence_interval":{"confidence_level":0.95,"lower_bound":-0.9091926952409378,"upper_bound":-0.9088104935673396},"point_estimate":-0.9089640707996121,"standard_error":0.00010219142474157821}}