{"mean":{"confidence_interval":{"confidence_level":0.95,"lower_bound":-0.8942017620618177,"upper_bound":-0.8936315838169977},"point_estimate":-0.8939474730724979,"standard_error":0.00014309244874969763},"median":{"confidence_interval":{"confidence_level":0.95,"lower_bound":-0.8939756320959659,"upper_bound":-0.8939253504921535},"point_estimate":-0.8939497443701343,"standard_error":0.000012869273430315121}}