{"mean":{"confidence_interval":{"confidence_level":0.95,"lower_bound":-0.006226863784066019,"upper_bound":-0.001459284164217962},"point_estimate":-0.003643242571522265,"standard_error":0.0012220021161658571},"median":{"confidence_interval":{"confidence_level":0.95,"lower_bound":-0.00036068140255729464,"upper_bound":0.00017162018460115114},"point_estimate":-0.00013301684450983675,"standard_error":0.00013632727619519386}}