{"mean":{"confidence_interval":{"confidence_level":0.95,"lower_bound":-0.0015559908547021798,"upper_bound":0.0004794592951102233},"point_estimate":-0.0005119062948936159,"standard_error":0.0005123932155212832},"median":{"confidence_interval":{"confidence_level":0.95,"lower_bound":-0.0005001142262205382,"upper_bound":0.00011222654236409113},"point_estimate":-0.0001273138985666833,"standard_error":0.00015412621113052046}}