{"mean":{"confidence_interval":{"confidence_level":0.95,"lower_bound":-0.00034754898559833655,"upper_bound":0.002132266896856332},"point_estimate":0.0005822342726959917,"standard_error":0.0007152026567419189},"median":{"confidence_interval":{"confidence_level":0.95,"lower_bound":-0.00031610773789048086,"upper_bound":0.000147413035749044},"point_estimate":-0.00010349329988257328,"standard_error":0.00012220523402470813}}