{"mean":{"confidence_interval":{"confidence_level":0.95,"lower_bound":-0.8764908411509273,"upper_bound":-0.8761025835667178},"point_estimate":-0.8762699909054469,"standard_error":0.0001001333807113019},"median":{"confidence_interval":{"confidence_level":0.95,"lower_bound":-0.8761494955061347,"upper_bound":-0.8760947815734605},"point_estimate":-0.876123617271173,"standard_error":0.000013126809787526908}}