{"mean":{"confidence_interval":{"confidence_level":0.95,"lower_bound":-0.8500734232948507,"upper_bound":-0.8499561603706834},"point_estimate":-0.8500176252584242,"standard_error":0.000030101308050813514},"median":{"confidence_interval":{"confidence_level":0.95,"lower_bound":-0.850046175180764,"upper_bound":-0.8499839139002664},"point_estimate":-0.85002011895514,"standard_error":0.000015304107214045707}}