{"mean":{"confidence_interval":{"confidence_level":0.95,"lower_bound":0.0007161587960344441,"upper_bound":0.005353231554836455},"point_estimate":0.003073471939301964,"standard_error":0.0011765893856213777},"median":{"confidence_interval":{"confidence_level":0.95,"lower_bound":0.0004451024909595258,"upper_bound":0.004420108479568974},"point_estimate":0.0022401523079431662,"standard_error":0.0010916698329111194}}