{"mean":{"confidence_interval":{"confidence_level":0.95,"lower_bound":-0.9524514669044566,"upper_bound":-0.9523037633432768},"point_estimate":-0.9523659393041648,"standard_error":0.00003817934178366537},"median":{"confidence_interval":{"confidence_level":0.95,"lower_bound":-0.9523181497506815,"upper_bound":-0.9522920240813886},"point_estimate":-0.9523063122067984,"standard_error":6.766944630309811e-6}}