{"mean":{"confidence_interval":{"confidence_level":0.95,"lower_bound":-0.9256838572738391,"upper_bound":-0.9256314860238014},"point_estimate":-0.9256569512555061,"standard_error":0.000013408906944202484},"median":{"confidence_interval":{"confidence_level":0.95,"lower_bound":-0.9256757271354346,"upper_bound":-0.9256339373132109},"point_estimate":-0.9256495537722097,"standard_error":0.000010835214843226345}}