{"mean":{"confidence_interval":{"confidence_level":0.95,"lower_bound":0.6980092617199022,"upper_bound":0.6983124511417962},"point_estimate":0.6981516797529262,"standard_error":0.00007723275338766891},"median":{"confidence_interval":{"confidence_level":0.95,"lower_bound":0.6978563570397138,"upper_bound":0.6980643002571258},"point_estimate":0.6979400425421334,"standard_error":0.00005463826953008659},"median_abs_dev":{"confidence_interval":{"confidence_level":0.95,"lower_bound":0.0003467105988272775,"upper_bound":0.0006029501151071743},"point_estimate":0.0004536837775714805,"standard_error":0.00006811753377812139},"slope":{"confidence_interval":{"confidence_level":0.95,"lower_bound":0.6980168454260118,"upper_bound":0.6983444003600778},"point_estimate":0.6981669080341149,"standard_error":0.00008361078414292906},"std_dev":{"confidence_interval":{"confidence_level":0.95,"lower_bound":0.0005441211712061933,"upper_bound":0.0009960563528751702},"point_estimate":0.0007753893857974179,"standard_error":0.00011694980331075923}}