{"mean":{"confidence_interval":{"confidence_level":0.95,"lower_bound":-0.007619019511928632,"upper_bound":-0.003022720359784356},"point_estimate":-0.005137172461843198,"standard_error":0.0011795037187383123},"median":{"confidence_interval":{"confidence_level":0.95,"lower_bound":-0.0035333514194543225,"upper_bound":-0.0004052518311119524},"point_estimate":-0.0012456649619891902,"standard_error":0.0007756060939905871}}