{"mean":{"confidence_interval":{"confidence_level":0.95,"lower_bound":7.276553847855343,"upper_bound":7.288584028294464},"point_estimate":7.2815825077645595,"standard_error":0.0031373318101079006},"median":{"confidence_interval":{"confidence_level":0.95,"lower_bound":7.2753724663325645,"upper_bound":7.278440919651247},"point_estimate":7.276260164199183,"standard_error":0.0009352524302971448},"median_abs_dev":{"confidence_interval":{"confidence_level":0.95,"lower_bound":0.006112106464245589,"upper_bound":0.010048153028955242},"point_estimate":0.008266211832850827,"standard_error":0.0009812123405379433},"slope":{"confidence_interval":{"confidence_level":0.95,"lower_bound":7.2767127877446764,"upper_bound":7.301174523330095},"point_estimate":7.286397226156746,"standard_error":0.006550718259382775},"std_dev":{"confidence_interval":{"confidence_level":0.95,"lower_bound":0.008773997978177666,"upper_bound":0.04995763102433688},"point_estimate":0.031419625545133265,"standard_error":0.011346716791631961}}