{"mean":{"confidence_interval":{"confidence_level":0.95,"lower_bound":0.24881423697931632,"upper_bound":0.2500208125133359},"point_estimate":0.24945990127033224,"standard_error":0.000308479385242215},"median":{"confidence_interval":{"confidence_level":0.95,"lower_bound":0.24931384396548428,"upper_bound":0.24993800765154783},"point_estimate":0.24962415487286393,"standard_error":0.00016192613255630912}}