{"mean":{"confidence_interval":{"confidence_level":0.95,"lower_bound":-0.921272298141639,"upper_bound":-0.9211253744699316},"point_estimate":-0.9211988661348237,"standard_error":0.000037581018139540825},"median":{"confidence_interval":{"confidence_level":0.95,"lower_bound":-0.9212866869910605,"upper_bound":-0.9212318968152827},"point_estimate":-0.9212611764571034,"standard_error":0.00001415873526154178}}