{"mean":{"confidence_interval":{"confidence_level":0.95,"lower_bound":-0.8375684453171224,"upper_bound":-0.8374542530245329},"point_estimate":-0.8375131595315441,"standard_error":0.00002908797901013916},"median":{"confidence_interval":{"confidence_level":0.95,"lower_bound":-0.8375512833092288,"upper_bound":-0.8374679382789639},"point_estimate":-0.8375053092718858,"standard_error":0.000021015292557197538}}