{"mean":{"confidence_interval":{"confidence_level":0.95,"lower_bound":1.1668342291050395,"upper_bound":1.1674401337662073},"point_estimate":1.1671178719435127,"standard_error":0.000154597039146516},"median":{"confidence_interval":{"confidence_level":0.95,"lower_bound":1.1665906008528257,"upper_bound":1.1669397618815731},"point_estimate":1.1667712085818664,"standard_error":0.00009232636859706103},"median_abs_dev":{"confidence_interval":{"confidence_level":0.95,"lower_bound":0.0006824386655480586,"upper_bound":0.0011898595474487798},"point_estimate":0.0009019096290529248,"standard_error":0.00012588793933139498},"slope":{"confidence_interval":{"confidence_level":0.95,"lower_bound":1.1668480208205223,"upper_bound":1.167380660737546},"point_estimate":1.167094230712587,"standard_error":0.00013653966969300824},"std_dev":{"confidence_interval":{"confidence_level":0.95,"lower_bound":0.0010743296204639285,"upper_bound":0.0020757569076326698},"point_estimate":0.00155475310408964,"standard_error":0.00027250055672694353}}