{"mean":{"confidence_interval":{"confidence_level":0.95,"lower_bound":-0.00028545176434947584,"upper_bound":0.0007564179873640384},"point_estimate":0.0001810905726984391,"standard_error":0.00026690789987142573},"median":{"confidence_interval":{"confidence_level":0.95,"lower_bound":-0.00025497015105058196,"upper_bound":0.00018644856249938613},"point_estimate":-0.00003330117120603493,"standard_error":0.00010999708704939642}}