{"mean":{"confidence_interval":{"confidence_level":0.95,"lower_bound":0.6981629056331975,"upper_bound":0.6992774636031905},"point_estimate":0.6986151622305523,"standard_error":0.0002905185624794363},"median":{"confidence_interval":{"confidence_level":0.95,"lower_bound":0.6978723321672721,"upper_bound":0.6981314511805635},"point_estimate":0.6979643251103571,"standard_error":0.00006759746127126238},"median_abs_dev":{"confidence_interval":{"confidence_level":0.95,"lower_bound":0.0003295577494792748,"upper_bound":0.0005509821234055335},"point_estimate":0.00040899220113084023,"standard_error":0.00005837993962179763},"slope":{"confidence_interval":{"confidence_level":0.95,"lower_bound":0.6980365127795616,"upper_bound":0.698423292549668},"point_estimate":0.6982137757631521,"standard_error":0.00009875217507481564},"std_dev":{"confidence_interval":{"confidence_level":0.95,"lower_bound":0.0009034500431782989,"upper_bound":0.004704305151681084},"point_estimate":0.0029196200363576664,"standard_error":0.0011606783680415762}}