{"mean":{"confidence_interval":{"confidence_level":0.95,"lower_bound":-0.819465020343729,"upper_bound":-0.8193590797657836},"point_estimate":-0.8194100970111488,"standard_error":0.000027011822080819528},"median":{"confidence_interval":{"confidence_level":0.95,"lower_bound":-0.8194232739083429,"upper_bound":-0.8193449121068743},"point_estimate":-0.8193910994040277,"standard_error":0.000020855161855146557}}