{"mean":{"confidence_interval":{"confidence_level":0.95,"lower_bound":2.986951632977419,"upper_bound":2.988818132437471},"point_estimate":2.987808227237527,"standard_error":0.0004757437454041406},"median":{"confidence_interval":{"confidence_level":0.95,"lower_bound":2.985972744404355,"upper_bound":2.9869270794822143},"point_estimate":2.986471932370587,"standard_error":0.0002325003518042973},"median_abs_dev":{"confidence_interval":{"confidence_level":0.95,"lower_bound":0.0015508986007483946,"upper_bound":0.002598024292838952},"point_estimate":0.001969509950668838,"standard_error":0.000258279553222049},"slope":{"confidence_interval":{"confidence_level":0.95,"lower_bound":2.9862482891937683,"upper_bound":2.9876578886586977},"point_estimate":2.9868672849836897,"standard_error":0.0003634084028753436},"std_dev":{"confidence_interval":{"confidence_level":0.95,"lower_bound":0.0029354070673532962,"upper_bound":0.006598383752756751},"point_estimate":0.004808853726609907,"standard_error":0.00096175894121749}}