{"mean":{"confidence_interval":{"confidence_level":0.95,"lower_bound":0.0007760283160123727,"upper_bound":0.005421503255101593},"point_estimate":0.0030176954814293833,"standard_error":0.0011960949443851274},"median":{"confidence_interval":{"confidence_level":0.95,"lower_bound":-0.000440373868362931,"upper_bound":0.001856128390469003},"point_estimate":0.0007950036284936068,"standard_error":0.0005489676395813122}}