{"mean":{"confidence_interval":{"confidence_level":0.95,"lower_bound":-0.9256836629602191,"upper_bound":-0.9256251416623684},"point_estimate":-0.9256535236511841,"standard_error":0.000014802334861102404},"median":{"confidence_interval":{"confidence_level":0.95,"lower_bound":-0.9256739129764407,"upper_bound":-0.9256394687438761},"point_estimate":-0.9256515831433858,"standard_error":8.51750377256835e-6}}