{"mean":{"confidence_interval":{"confidence_level":0.95,"lower_bound":-0.9512966727785388,"upper_bound":-0.9511251326135326},"point_estimate":-0.9512161641053618,"standard_error":0.00004542090500969825},"median":{"confidence_interval":{"confidence_level":0.95,"lower_bound":-0.9512830837883146,"upper_bound":-0.9512218217065124},"point_estimate":-0.9512481157457782,"standard_error":0.000017729569320613903}}