{"mean":{"confidence_interval":{"confidence_level":0.95,"lower_bound":-0.002897330770393904,"upper_bound":0.00187286574624691},"point_estimate":-0.0003629807742426827,"standard_error":0.0012173289545179607},"median":{"confidence_interval":{"confidence_level":0.95,"lower_bound":-0.002648267858629594,"upper_bound":0.002644861715943545},"point_estimate":-0.00018347659207373912,"standard_error":0.0012997702518268148}}