{"mean":{"confidence_interval":{"confidence_level":0.95,"lower_bound":-0.8442195144940717,"upper_bound":-0.8437936550191358},"point_estimate":-0.8440289534217607,"standard_error":0.00010552828713967973},"median":{"confidence_interval":{"confidence_level":0.95,"lower_bound":-0.8440101217284377,"upper_bound":-0.8438304674963212},"point_estimate":-0.843909339927524,"standard_error":0.00005004405681456476}}