{"mean":{"confidence_interval":{"confidence_level":0.95,"lower_bound":-0.9145860239819509,"upper_bound":-0.9145286824746571},"point_estimate":-0.9145574682441812,"standard_error":0.000014611404130848279},"median":{"confidence_interval":{"confidence_level":0.95,"lower_bound":-0.914573169091391,"upper_bound":-0.9145285444353903},"point_estimate":-0.9145504890589338,"standard_error":0.000011856610912311988}}