{"mean":{"confidence_interval":{"confidence_level":0.95,"lower_bound":-0.9097959875826513,"upper_bound":-0.909700379493824},"point_estimate":-0.9097448617960315,"standard_error":0.000024317500020488682},"median":{"confidence_interval":{"confidence_level":0.95,"lower_bound":-0.9097373576647492,"upper_bound":-0.9097051277570143},"point_estimate":-0.9097210838735212,"standard_error":8.599068242432418e-6}}