{"mean":{"confidence_interval":{"confidence_level":0.95,"lower_bound":-0.007441264436018658,"upper_bound":-0.004527200288449421},"point_estimate":-0.0058162034265283324,"standard_error":0.000747147272296615},"median":{"confidence_interval":{"confidence_level":0.95,"lower_bound":-0.005163479969203522,"upper_bound":-0.00451194100804142},"point_estimate":-0.004817326999223548,"standard_error":0.000166214796611504}}