{"mean":{"confidence_interval":{"confidence_level":0.95,"lower_bound":-0.7685269717699035,"upper_bound":-0.7677628514339807},"point_estimate":-0.7680882884776972,"standard_error":0.00019624651986226163},"median":{"confidence_interval":{"confidence_level":0.95,"lower_bound":-0.7677947509289031,"upper_bound":-0.7677308219234278},"point_estimate":-0.7677621997430784,"standard_error":0.00001646020326042436}}