{"mean":{"confidence_interval":{"confidence_level":0.95,"lower_bound":0.00033252892190986926,"upper_bound":0.003577452227588612},"point_estimate":0.0018432870625433306,"standard_error":0.0008423092784085166},"median":{"confidence_interval":{"confidence_level":0.95,"lower_bound":-0.001184679430194624,"upper_bound":0.0018060350911908163},"point_estimate":0.00020653815850546486,"standard_error":0.0007780984773690802}}