{"mean":{"confidence_interval":{"confidence_level":0.95,"lower_bound":-0.0005538518331695384,"upper_bound":0.00023259953315695747},"point_estimate":-0.00015470071271761476,"standard_error":0.00020077063409954134},"median":{"confidence_interval":{"confidence_level":0.95,"lower_bound":-0.0002845328252256696,"upper_bound":0.00025257634382591654},"point_estimate":-0.0000627306498133251,"standard_error":0.00013206975082765475}}