{"mean":{"confidence_interval":{"confidence_level":0.95,"lower_bound":0.7370416096213755,"upper_bound":0.7373022072729234},"point_estimate":0.7371654637906618,"standard_error":0.00006649990199106222},"median":{"confidence_interval":{"confidence_level":0.95,"lower_bound":0.7369069784078524,"upper_bound":0.737187912625589},"point_estimate":0.7370065257058838,"standard_error":0.0000675974300609574},"median_abs_dev":{"confidence_interval":{"confidence_level":0.95,"lower_bound":0.00042854375719996314,"upper_bound":0.0007007510733207112},"point_estimate":0.0005958161936868145,"standard_error":0.00007077560628903723},"slope":{"confidence_interval":{"confidence_level":0.95,"lower_bound":0.737029799509164,"upper_bound":0.7375004607018104},"point_estimate":0.7372257686741892,"standard_error":0.00012289341892384207},"std_dev":{"confidence_interval":{"confidence_level":0.95,"lower_bound":0.0004952071171232758,"upper_bound":0.0008743754351671829},"point_estimate":0.0006699326795272937,"standard_error":0.00010473496594792659}}