{"mean":{"confidence_interval":{"confidence_level":0.95,"lower_bound":-0.9429243172673728,"upper_bound":-0.9427312283323507},"point_estimate":-0.9428171146402745,"standard_error":0.000049570649498067865},"median":{"confidence_interval":{"confidence_level":0.95,"lower_bound":-0.9428408501220844,"upper_bound":-0.9427926220341686},"point_estimate":-0.9428133499461241,"standard_error":0.000012258889632435216}}