{"mean":{"confidence_interval":{"confidence_level":0.95,"lower_bound":0.6215566131578918,"upper_bound":0.6222273162621386},"point_estimate":0.6218354564489976,"standard_error":0.00017476497520465726},"median":{"confidence_interval":{"confidence_level":0.95,"lower_bound":0.6213642416030444,"upper_bound":0.6215751805985407},"point_estimate":0.6214880801570236,"standard_error":0.00005347499628401201},"median_abs_dev":{"confidence_interval":{"confidence_level":0.95,"lower_bound":0.00036093835864938877,"upper_bound":0.0006965868135594046},"point_estimate":0.0005329499809641556,"standard_error":0.00008661003511563601},"slope":{"confidence_interval":{"confidence_level":0.95,"lower_bound":0.6214715730497891,"upper_bound":0.6217375238175481},"point_estimate":0.6215986575587297,"standard_error":0.00006786600348481934},"std_dev":{"confidence_interval":{"confidence_level":0.95,"lower_bound":0.0006019649624870001,"upper_bound":0.002792500645622344},"point_estimate":0.001758249853672369,"standard_error":0.0006460729550933455}}