{"mean":{"confidence_interval":{"confidence_level":0.95,"lower_bound":-0.00008138239999407817,"upper_bound":0.004438599303148441},"point_estimate":0.001916358025563225,"standard_error":0.0011331124232154164},"median":{"confidence_interval":{"confidence_level":0.95,"lower_bound":-0.00020604260107359718,"upper_bound":0.0002443732560861722},"point_estimate":-0.000014519687745351284,"standard_error":0.00011046256742975858}}