{"mean":{"confidence_interval":{"confidence_level":0.95,"lower_bound":-0.9541042926248141,"upper_bound":-0.9540119267803269},"point_estimate":-0.9540470046936724,"standard_error":0.000024967216007706022},"median":{"confidence_interval":{"confidence_level":0.95,"lower_bound":-0.9540367003801004,"upper_bound":-0.9540171195819307},"point_estimate":-0.9540282601145766,"standard_error":4.8345060002838465e-6}}