{"mean":{"confidence_interval":{"confidence_level":0.95,"lower_bound":0.4784066730492156,"upper_bound":0.48012614103787177},"point_estimate":0.47924877024130424,"standard_error":0.00043905463915809936},"median":{"confidence_interval":{"confidence_level":0.95,"lower_bound":0.4782887858196517,"upper_bound":0.47989011472994586},"point_estimate":0.47917793760665156,"standard_error":0.00044777061202717406},"median_abs_dev":{"confidence_interval":{"confidence_level":0.95,"lower_bound":0.002491911140555233,"upper_bound":0.0042468470917186914},"point_estimate":0.0032019173063603332,"standard_error":0.0004494039205889267},"slope":{"confidence_interval":{"confidence_level":0.95,"lower_bound":0.47822787889997115,"upper_bound":0.4801082748325519},"point_estimate":0.4790970999550445,"standard_error":0.00048139517948484606},"std_dev":{"confidence_interval":{"confidence_level":0.95,"lower_bound":0.003442893046948794,"upper_bound":0.005296148250165902},"point_estimate":0.004396815972960127,"standard_error":0.0004752138260468425}}