{"mean":{"confidence_interval":{"confidence_level":0.95,"lower_bound":-0.00002173858778471699,"upper_bound":0.0010042158342076053},"point_estimate":0.0004784364388421558,"standard_error":0.0002637965473497157},"median":{"confidence_interval":{"confidence_level":0.95,"lower_bound":-0.00005686106574864791,"upper_bound":0.0003507932144589873},"point_estimate":0.0001981832620800983,"standard_error":0.0001014972805843384}}