{"mean":{"confidence_interval":{"confidence_level":0.95,"lower_bound":0.5041591151610071,"upper_bound":0.5043577435197066},"point_estimate":0.5042534625715296,"standard_error":0.00005058411719081855},"median":{"confidence_interval":{"confidence_level":0.95,"lower_bound":0.5040395943054704,"upper_bound":0.5042215591055502},"point_estimate":0.5041226659212015,"standard_error":0.00004547456595931218},"median_abs_dev":{"confidence_interval":{"confidence_level":0.95,"lower_bound":0.0002385328441096491,"upper_bound":0.00044492365572761105},"point_estimate":0.0003508514555280483,"standard_error":0.00005409995551919378},"slope":{"confidence_interval":{"confidence_level":0.95,"lower_bound":0.50413877204843,"upper_bound":0.5044238459030528},"point_estimate":0.5042592339111872,"standard_error":0.00007380992795148227},"std_dev":{"confidence_interval":{"confidence_level":0.95,"lower_bound":0.00037125148773290383,"upper_bound":0.0006400789913384826},"point_estimate":0.0005077128375802659,"standard_error":0.00006915894299202213}}