{"mean":{"confidence_interval":{"confidence_level":0.95,"lower_bound":0.353965373198183,"upper_bound":0.35643044003431595},"point_estimate":0.35531417114102637,"standard_error":0.000631571163423566},"median":{"confidence_interval":{"confidence_level":0.95,"lower_bound":0.3558607718367226,"upper_bound":0.35669122111306883},"point_estimate":0.3563944608554792,"standard_error":0.0002214219770444615}}