{"mean":{"confidence_interval":{"confidence_level":0.95,"lower_bound":-0.745650217378877,"upper_bound":-0.744549093621019},"point_estimate":-0.7450615101173966,"standard_error":0.00028218639919282135},"median":{"confidence_interval":{"confidence_level":0.95,"lower_bound":-0.7447033176258852,"upper_bound":-0.7443212774499011},"point_estimate":-0.744497390792497,"standard_error":0.00009147689828148357}}