{"mean":{"confidence_interval":{"confidence_level":0.95,"lower_bound":-0.9152204184228409,"upper_bound":-0.9151347113086007},"point_estimate":-0.9151811434243624,"standard_error":0.000021966069560823826},"median":{"confidence_interval":{"confidence_level":0.95,"lower_bound":-0.9152391136857011,"upper_bound":-0.9151845504673127},"point_estimate":-0.915214101530844,"standard_error":0.000013397167241732447}}