{"mean":{"confidence_interval":{"confidence_level":0.95,"lower_bound":-0.9131803091899221,"upper_bound":-0.9128457177147549},"point_estimate":-0.9130186557859733,"standard_error":0.00008729105081867666},"median":{"confidence_interval":{"confidence_level":0.95,"lower_bound":-0.9131742008536292,"upper_bound":-0.9130445610192487},"point_estimate":-0.9130970435683845,"standard_error":0.00003248938438466483}}