{"mean":{"confidence_interval":{"confidence_level":0.95,"lower_bound":5.374710410198828,"upper_bound":5.386848749956826},"point_estimate":5.379124056826762,"standard_error":0.0035080032041932907},"median":{"confidence_interval":{"confidence_level":0.95,"lower_bound":5.372853231311908,"upper_bound":5.374926460791689},"point_estimate":5.373970856012494,"standard_error":0.0004745661078346165},"median_abs_dev":{"confidence_interval":{"confidence_level":0.95,"lower_bound":0.002993717091133344,"upper_bound":0.005019898308648433},"point_estimate":0.004151093596690022,"standard_error":0.0005127031801929232},"slope":{"confidence_interval":{"confidence_level":0.95,"lower_bound":5.374424265904874,"upper_bound":5.397930860116262},"point_estimate":5.3821601301108934,"standard_error":0.006826383929336928},"std_dev":{"confidence_interval":{"confidence_level":0.95,"lower_bound":0.005164268920763991,"upper_bound":0.059648897838208315},"point_estimate":0.03516992739063094,"standard_error":0.018965295393835745}}