{"mean":{"confidence_interval":{"confidence_level":0.95,"lower_bound":-0.9440736396908466,"upper_bound":-0.9440167060415853},"point_estimate":-0.9440413647302948,"standard_error":0.000014655395818090497},"median":{"confidence_interval":{"confidence_level":0.95,"lower_bound":-0.9440365462828236,"upper_bound":-0.9440101083328738},"point_estimate":-0.9440253572916956,"standard_error":6.710905144889007e-6}}