{"mean":{"confidence_interval":{"confidence_level":0.95,"lower_bound":-0.0007769049912021624,"upper_bound":0.0011620105538178603},"point_estimate":0.0001109057832511251,"standard_error":0.0004925722864949093},"median":{"confidence_interval":{"confidence_level":0.95,"lower_bound":-0.0008462302584707482,"upper_bound":0.00040490349394578344},"point_estimate":-0.00016197340902135426,"standard_error":0.00030237195936051167}}