{"mean":{"confidence_interval":{"confidence_level":0.95,"lower_bound":-0.9565514097519554,"upper_bound":-0.9565204986085964},"point_estimate":-0.9565359006745714,"standard_error":7.897416746210316e-6},"median":{"confidence_interval":{"confidence_level":0.95,"lower_bound":-0.9565407272026956,"upper_bound":-0.9565216171105945},"point_estimate":-0.9565324172709125,"standard_error":4.883080968874523e-6}}