{"mean":{"confidence_interval":{"confidence_level":0.95,"lower_bound":-0.953886147265909,"upper_bound":-0.9537624042594811},"point_estimate":-0.9538188894597717,"standard_error":0.000031709442471885694},"median":{"confidence_interval":{"confidence_level":0.95,"lower_bound":-0.9537642957497571,"upper_bound":-0.9537338106635227},"point_estimate":-0.9537496600542866,"standard_error":7.645945614792665e-6}}