{"mean":{"confidence_interval":{"confidence_level":0.95,"lower_bound":-0.0005810445148432901,"upper_bound":0.0005687887198490557},"point_estimate":4.680893193054203e-7,"standard_error":0.0002932436600239219},"median":{"confidence_interval":{"confidence_level":0.95,"lower_bound":-0.00041930782319211,"upper_bound":0.0006255869726914387},"point_estimate":-0.000049109736791397296,"standard_error":0.0002684935168814487}}