{"mean":{"confidence_interval":{"confidence_level":0.95,"lower_bound":0.0019039454992783426,"upper_bound":0.01047478389708563},"point_estimate":0.005214366073700738,"standard_error":0.0021692062388076506},"median":{"confidence_interval":{"confidence_level":0.95,"lower_bound":0.00017833398837607817,"upper_bound":0.0012080536069387637},"point_estimate":0.0006550880623885647,"standard_error":0.00027070353389183386}}