{"mean":{"confidence_interval":{"confidence_level":0.95,"lower_bound":0.4689457855677484,"upper_bound":0.4701156144736628},"point_estimate":0.4695135728863814,"standard_error":0.000298727037006908},"median":{"confidence_interval":{"confidence_level":0.95,"lower_bound":0.4685482850147273,"upper_bound":0.4698906630440267},"point_estimate":0.469087379884886,"standard_error":0.00028575144505591757},"median_abs_dev":{"confidence_interval":{"confidence_level":0.95,"lower_bound":0.001927257818661998,"upper_bound":0.003111293001691089},"point_estimate":0.0024893531549991113,"standard_error":0.00031632929307285766},"slope":{"confidence_interval":{"confidence_level":0.95,"lower_bound":0.4693831270732461,"upper_bound":0.47034474062825893},"point_estimate":0.4698497880774948,"standard_error":0.0002444586483322328},"std_dev":{"confidence_interval":{"confidence_level":0.95,"lower_bound":0.0023735964736081054,"upper_bound":0.0035863462343629715},"point_estimate":0.0029987419002974235,"standard_error":0.00031060397468716497}}