{"mean":{"confidence_interval":{"confidence_level":0.95,"lower_bound":-0.00048703409041935816,"upper_bound":0.0011219175389735375},"point_estimate":0.0003472955258618793,"standard_error":0.000415227892460306},"median":{"confidence_interval":{"confidence_level":0.95,"lower_bound":-0.00005261165149561542,"upper_bound":0.0007414478607654651},"point_estimate":0.00030577738625070516,"standard_error":0.00019941962567350457}}