{"mean":{"confidence_interval":{"confidence_level":0.95,"lower_bound":-0.0008070331294480815,"upper_bound":0.00022251570292479696},"point_estimate":-0.00024251647948791977,"standard_error":0.0002638376618340858},"median":{"confidence_interval":{"confidence_level":0.95,"lower_bound":-0.00023953988530178716,"upper_bound":0.0002778554175904002},"point_estimate":0.00005270831683490407,"standard_error":0.00013843399287687212}}