{"mean":{"confidence_interval":{"confidence_level":0.95,"lower_bound":-0.21139508650023403,"upper_bound":-0.20554934788637882},"point_estimate":-0.2089759994286159,"standard_error":0.0014951600371817847},"median":{"confidence_interval":{"confidence_level":0.95,"lower_bound":-0.21171128275387185,"upper_bound":-0.21032316843454435},"point_estimate":-0.21100242163490435,"standard_error":0.0003136951843317689}}