{"mean":{"confidence_interval":{"confidence_level":0.95,"lower_bound":-0.9201693990295832,"upper_bound":-0.9200331592481561},"point_estimate":-0.9200911267401088,"standard_error":0.000035212959588644155},"median":{"confidence_interval":{"confidence_level":0.95,"lower_bound":-0.9200826502551757,"upper_bound":-0.9200384737767543},"point_estimate":-0.9200535361918919,"standard_error":0.000011725129475753256}}