{"mean":{"confidence_interval":{"confidence_level":0.95,"lower_bound":-0.8917105750871192,"upper_bound":-0.891433849980035},"point_estimate":-0.8916126905746292,"standard_error":0.00006996791842542563},"median":{"confidence_interval":{"confidence_level":0.95,"lower_bound":-0.8916898996399977,"upper_bound":-0.891638892269595},"point_estimate":-0.8916681291979128,"standard_error":0.000012978355201387209}}