{"mean":{"confidence_interval":{"confidence_level":0.95,"lower_bound":0.23036874229844873,"upper_bound":0.23131951972460824},"point_estimate":0.2308246530405944,"standard_error":0.00024235754671233882},"median":{"confidence_interval":{"confidence_level":0.95,"lower_bound":0.23033041411873767,"upper_bound":0.2309841602272087},"point_estimate":0.23059764257265414,"standard_error":0.0001605246647010638}}