{"mean":{"confidence_interval":{"confidence_level":0.95,"lower_bound":-0.0010037228594999416,"upper_bound":0.0004664542336530511},"point_estimate":-0.00019041418097376361,"standard_error":0.000374950274985346},"median":{"confidence_interval":{"confidence_level":0.95,"lower_bound":-0.0004033080844659809,"upper_bound":0.00028232023970541965},"point_estimate":-0.00011562126262509853,"standard_error":0.00017180645350683852}}