{"mean":{"confidence_interval":{"confidence_level":0.95,"lower_bound":-0.008886581440231876,"upper_bound":-0.0038609355681801195},"point_estimate":-0.006215414309070355,"standard_error":0.0012856657140290866},"median":{"confidence_interval":{"confidence_level":0.95,"lower_bound":-0.005522702620087126,"upper_bound":-0.0015341051288882968},"point_estimate":-0.0038717281668316783,"standard_error":0.0010351157809467175}}