{"mean":{"confidence_interval":{"confidence_level":0.95,"lower_bound":0.470032332624693,"upper_bound":0.4707952552736331},"point_estimate":0.47041474593728133,"standard_error":0.00019425060693273056},"median":{"confidence_interval":{"confidence_level":0.95,"lower_bound":0.4700205898958985,"upper_bound":0.47095900927140827},"point_estimate":0.4704187283161425,"standard_error":0.00024917337667396057},"median_abs_dev":{"confidence_interval":{"confidence_level":0.95,"lower_bound":0.0013627831363654844,"upper_bound":0.0022838202219982793},"point_estimate":0.0016469683673258897,"standard_error":0.0002493926734293069},"slope":{"confidence_interval":{"confidence_level":0.95,"lower_bound":0.4703514163842844,"upper_bound":0.4710815248427922},"point_estimate":0.47071913687893674,"standard_error":0.00018563143820041374},"std_dev":{"confidence_interval":{"confidence_level":0.95,"lower_bound":0.001637001202433288,"upper_bound":0.002242038104710461},"point_estimate":0.001954623577149232,"standard_error":0.00015451956318472427}}