{"mean":{"confidence_interval":{"confidence_level":0.95,"lower_bound":-0.8704736016968806,"upper_bound":-0.8701696010486096},"point_estimate":-0.8703456357686866,"standard_error":0.00007907800532253063},"median":{"confidence_interval":{"confidence_level":0.95,"lower_bound":-0.870521542081578,"upper_bound":-0.8704251671843927},"point_estimate":-0.8704584594108685,"standard_error":0.0000278251090664053}}