{"mean":{"confidence_interval":{"confidence_level":0.95,"lower_bound":-0.9193253130148907,"upper_bound":-0.9191306448033345},"point_estimate":-0.9192362146990969,"standard_error":0.000048053006385834063},"median":{"confidence_interval":{"confidence_level":0.95,"lower_bound":-0.9192581405797771,"upper_bound":-0.9192153669509475},"point_estimate":-0.9192345567486826,"standard_error":0.000010830529427426256}}