{"mean":{"confidence_interval":{"confidence_level":0.95,"lower_bound":-0.9306983061661059,"upper_bound":-0.9305373461726283},"point_estimate":-0.9306302580372768,"standard_error":0.00004085958715981663},"median":{"confidence_interval":{"confidence_level":0.95,"lower_bound":-0.930690271255246,"upper_bound":-0.9306313987817568},"point_estimate":-0.9306577130417631,"standard_error":0.000015399750349608754}}