{"mean":{"confidence_interval":{"confidence_level":0.95,"lower_bound":-0.0036800311012713167,"upper_bound":-0.0005736282700253176},"point_estimate":-0.0020519169566047823,"standard_error":0.0007934793141521914},"median":{"confidence_interval":{"confidence_level":0.95,"lower_bound":-0.00035241979637179455,"upper_bound":0.00027635513631518727},"point_estimate":-0.00003272859394010119,"standard_error":0.00015857614106749415}}