{"mean":{"confidence_interval":{"confidence_level":0.95,"lower_bound":-0.001121364977619504,"upper_bound":0.0013956768520897167},"point_estimate":0.00010570066360671149,"standard_error":0.0006379234561777915},"median":{"confidence_interval":{"confidence_level":0.95,"lower_bound":-0.0009491303313013187,"upper_bound":0.001428222595298849},"point_estimate":0.00006877196760224358,"standard_error":0.000607873084913528}}