{"mean":{"confidence_interval":{"confidence_level":0.95,"lower_bound":-0.768029284209292,"upper_bound":-0.767797331245982},"point_estimate":-0.7679093634749253,"standard_error":0.00005936292483853215},"median":{"confidence_interval":{"confidence_level":0.95,"lower_bound":-0.7679194639574929,"upper_bound":-0.7678025761981777},"point_estimate":-0.767865472921667,"standard_error":0.000028612794700245778}}