{"mean":{"confidence_interval":{"confidence_level":0.95,"lower_bound":2.587579890805987e-6,"upper_bound":0.0035570491691923204},"point_estimate":0.0014999817619496536,"standard_error":0.000912320114262411},"median":{"confidence_interval":{"confidence_level":0.95,"lower_bound":-0.00026522801449302413,"upper_bound":0.00016428899965958976},"point_estimate":-0.0001327484970499171,"standard_error":0.00011141527005710095}}