{"mean":{"confidence_interval":{"confidence_level":0.95,"lower_bound":-0.0011165331590600402,"upper_bound":0.0002864008402218726},"point_estimate":-0.00037809481933515077,"standard_error":0.00035761365346166077},"median":{"confidence_interval":{"confidence_level":0.95,"lower_bound":-0.0005400770821103462,"upper_bound":0.0004414464773416782},"point_estimate":-0.00006922429070321812,"standard_error":0.00023497158236721256}}