{"mean":{"confidence_interval":{"confidence_level":0.95,"lower_bound":-0.9524532602698154,"upper_bound":-0.952293191186663},"point_estimate":-0.9523622742795824,"standard_error":0.000041375384511850145},"median":{"confidence_interval":{"confidence_level":0.95,"lower_bound":-0.9523058512060395,"upper_bound":-0.9522881164946566},"point_estimate":-0.9522966482767129,"standard_error":4.674573898289303e-6}}