{"mean":{"confidence_interval":{"confidence_level":0.95,"lower_bound":0.5817380956220622,"upper_bound":0.5822917978785047},"point_estimate":0.5819658736501929,"standard_error":0.0001436964336698745},"median":{"confidence_interval":{"confidence_level":0.95,"lower_bound":0.5815387901803082,"upper_bound":0.5817538992848488},"point_estimate":0.5816305175664092,"standard_error":0.00005457275288156095},"median_abs_dev":{"confidence_interval":{"confidence_level":0.95,"lower_bound":0.00030444471388705875,"upper_bound":0.0005593641946809},"point_estimate":0.00045435314658852946,"standard_error":0.00006659929835594273},"slope":{"confidence_interval":{"confidence_level":0.95,"lower_bound":0.5816855009698679,"upper_bound":0.5819646693412118},"point_estimate":0.5818081335390332,"standard_error":0.00007185015300050648},"std_dev":{"confidence_interval":{"confidence_level":0.95,"lower_bound":0.000510180613759298,"upper_bound":0.002308141906845582},"point_estimate":0.001445234331439009,"standard_error":0.0005485195798148818}}