{"mean":{"confidence_interval":{"confidence_level":0.95,"lower_bound":-0.9495995977937456,"upper_bound":-0.949451482234486},"point_estimate":-0.949522160651091,"standard_error":0.000037156271630923003},"median":{"confidence_interval":{"confidence_level":0.95,"lower_bound":-0.9495347690121474,"upper_bound":-0.9495106369895391},"point_estimate":-0.9495238737846635,"standard_error":6.206980371612945e-6}}