{"mean":{"confidence_interval":{"confidence_level":0.95,"lower_bound":-0.0028971187345468545,"upper_bound":0.0002442853084051343},"point_estimate":-0.0011173251179227295,"standard_error":0.000811964691572777},"median":{"confidence_interval":{"confidence_level":0.95,"lower_bound":-0.0003415514431879263,"upper_bound":0.00014158747253811832},"point_estimate":-0.00003391084491510821,"standard_error":0.00011936276419620705}}