{"mean":{"confidence_interval":{"confidence_level":0.95,"lower_bound":-0.0018613240657653562,"upper_bound":0.003110013268849271},"point_estimate":0.0003524042873295219,"standard_error":0.0012413036149709696},"median":{"confidence_interval":{"confidence_level":0.95,"lower_bound":-0.0004043950799641839,"upper_bound":0.00026508930458167703},"point_estimate":-0.000046511274330973684,"standard_error":0.00017191611532147048}}