{"mean":{"confidence_interval":{"confidence_level":0.95,"lower_bound":-0.7187782278637943,"upper_bound":-0.7181690214084993},"point_estimate":-0.7185122804732602,"standard_error":0.0001588771055624462},"median":{"confidence_interval":{"confidence_level":0.95,"lower_bound":-0.7187880205571552,"upper_bound":-0.7186846456344549},"point_estimate":-0.7187278079253323,"standard_error":0.00002559405380896895}}