{"mean":{"confidence_interval":{"confidence_level":0.95,"lower_bound":-0.0006946229413842708,"upper_bound":0.0002874308197039482},"point_estimate":-0.00021989583145554104,"standard_error":0.0002525995286325404},"median":{"confidence_interval":{"confidence_level":0.95,"lower_bound":-0.0002962501550521912,"upper_bound":0.00011520767773709473},"point_estimate":-0.00006206986532242276,"standard_error":0.00010796696712518029}}