{"mean":{"confidence_interval":{"confidence_level":0.95,"lower_bound":-0.9210672812318862,"upper_bound":-0.9208258903640439},"point_estimate":-0.9209602696203887,"standard_error":0.00006515056752819081},"median":{"confidence_interval":{"confidence_level":0.95,"lower_bound":-0.9210888600271947,"upper_bound":-0.9210573019182622},"point_estimate":-0.9210755226027801,"standard_error":7.3090460795507415e-6}}