{"mean":{"confidence_interval":{"confidence_level":0.95,"lower_bound":-0.9103782025547825,"upper_bound":-0.9100789116163402},"point_estimate":-0.9102062470406254,"standard_error":0.0000773196228119716},"median":{"confidence_interval":{"confidence_level":0.95,"lower_bound":-0.9100936956374831,"upper_bound":-0.9100454867527439},"point_estimate":-0.91007733811481,"standard_error":0.000012496866024749445}}