{"mean":{"confidence_interval":{"confidence_level":0.95,"lower_bound":-0.0005460815983036464,"upper_bound":0.0002731125079998779},"point_estimate":-0.00013058486594441643,"standard_error":0.00020722025765865592},"median":{"confidence_interval":{"confidence_level":0.95,"lower_bound":-0.00034631530903040384,"upper_bound":0.00019315801716013326},"point_estimate":-0.00013828372155155755,"standard_error":0.00013999987702676618}}