{"mean":{"confidence_interval":{"confidence_level":0.95,"lower_bound":0.5428771588277421,"upper_bound":0.5430626052254384},"point_estimate":0.5429658997139528,"standard_error":0.0000473639044994987},"median":{"confidence_interval":{"confidence_level":0.95,"lower_bound":0.5427877678642796,"upper_bound":0.5429350012257614},"point_estimate":0.5428385143891046,"standard_error":0.00003850405252926617},"median_abs_dev":{"confidence_interval":{"confidence_level":0.95,"lower_bound":0.0002666299079672706,"upper_bound":0.00046489556613102644},"point_estimate":0.00032609690442879857,"standard_error":0.000051422873635036834},"slope":{"confidence_interval":{"confidence_level":0.95,"lower_bound":0.5429000705348744,"upper_bound":0.5432107980865809},"point_estimate":0.5430333217076121,"standard_error":0.00008027208139907308},"std_dev":{"confidence_interval":{"confidence_level":0.95,"lower_bound":0.0003553591852808249,"upper_bound":0.0006031127591986366},"point_estimate":0.00047619327364702965,"standard_error":0.00006463584950115827}}