{"mean":{"confidence_interval":{"confidence_level":0.95,"lower_bound":-0.9431978311137015,"upper_bound":-0.9429758080146932},"point_estimate":-0.9430769937248143,"standard_error":0.00005651194331785984},"median":{"confidence_interval":{"confidence_level":0.95,"lower_bound":-0.9430256774407634,"upper_bound":-0.943009214244975},"point_estimate":-0.9430172218662272,"standard_error":4.133415620217122e-6}}