{"mean":{"confidence_interval":{"confidence_level":0.95,"lower_bound":0.6205582697116522,"upper_bound":0.6209619332769447},"point_estimate":0.6207447981856444,"standard_error":0.000103505102921024},"median":{"confidence_interval":{"confidence_level":0.95,"lower_bound":0.620330297658622,"upper_bound":0.6205522124089923},"point_estimate":0.6204337571431824,"standard_error":0.00005596522512745507},"median_abs_dev":{"confidence_interval":{"confidence_level":0.95,"lower_bound":0.0002920330218856909,"upper_bound":0.0005481879585158367},"point_estimate":0.00038986631508827003,"standard_error":0.00006510317282399798},"slope":{"confidence_interval":{"confidence_level":0.95,"lower_bound":0.6204836241719692,"upper_bound":0.6207390777591862},"point_estimate":0.6206014901444752,"standard_error":0.00006560987678205894},"std_dev":{"confidence_interval":{"confidence_level":0.95,"lower_bound":0.0006605724570919734,"upper_bound":0.0013823160635499782},"point_estimate":0.0010394244414979011,"standard_error":0.00018505390656404705}}