{"mean":{"confidence_interval":{"confidence_level":0.95,"lower_bound":-0.7507409288393,"upper_bound":-0.7499013579250089},"point_estimate":-0.7502760153348843,"standard_error":0.00021625105030567162},"median":{"confidence_interval":{"confidence_level":0.95,"lower_bound":-0.7500658711805388,"upper_bound":-0.749924634641671},"point_estimate":-0.7499919595539052,"standard_error":0.00003618876874284818}}