{"mean":{"confidence_interval":{"confidence_level":0.95,"lower_bound":-0.00003610875218019998,"upper_bound":0.000591404264276113},"point_estimate":0.00024981315220529154,"standard_error":0.0001598548683967277},"median":{"confidence_interval":{"confidence_level":0.95,"lower_bound":-0.00005952969213429693,"upper_bound":0.00031606145074736247},"point_estimate":0.000177226638555128,"standard_error":0.00009647847017483508}}