{"mean":{"confidence_interval":{"confidence_level":0.95,"lower_bound":0.06771328558830582,"upper_bound":0.07279260592367527},"point_estimate":0.07062992084327391,"standard_error":0.0013191157416648155},"median":{"confidence_interval":{"confidence_level":0.95,"lower_bound":0.07225589053566694,"upper_bound":0.07312857086229224},"point_estimate":0.07266242989868577,"standard_error":0.00021975534955245114}}