{"mean":{"confidence_interval":{"confidence_level":0.95,"lower_bound":0.0002033048823982652,"upper_bound":0.0032272029411522947},"point_estimate":0.0015972293588224495,"standard_error":0.0007785847386330611},"median":{"confidence_interval":{"confidence_level":0.95,"lower_bound":-0.00042004634147596587,"upper_bound":0.002110005498197065},"point_estimate":0.00044847593910968264,"standard_error":0.0006381783474310827}}