{"mean":{"confidence_interval":{"confidence_level":0.95,"lower_bound":0.3994840391322377,"upper_bound":0.40283673933108194},"point_estimate":0.40083038475365806,"standard_error":0.0008927680315939877},"median":{"confidence_interval":{"confidence_level":0.95,"lower_bound":0.3997946278581117,"upper_bound":0.40052268640417177},"point_estimate":0.4002040429060363,"standard_error":0.0001867072454445637}}