{"mean":{"confidence_interval":{"confidence_level":0.95,"lower_bound":-0.7508576570269313,"upper_bound":-0.7499465787870183},"point_estimate":-0.7503245521989548,"standard_error":0.00023614546073279702},"median":{"confidence_interval":{"confidence_level":0.95,"lower_bound":-0.7500210022179126,"upper_bound":-0.7499308313664496},"point_estimate":-0.7499787572901624,"standard_error":0.00002462462685238701}}