{"mean":{"confidence_interval":{"confidence_level":0.95,"lower_bound":-0.007862355275258859,"upper_bound":-0.002839085853524204},"point_estimate":-0.0051779984635133,"standard_error":0.0012788183531925478},"median":{"confidence_interval":{"confidence_level":0.95,"lower_bound":-0.0042547900661962235,"upper_bound":-6.418546998787633e-6},"point_estimate":-0.0021287610356183206,"standard_error":0.00108778506099095}}