{"mean":{"confidence_interval":{"confidence_level":0.95,"lower_bound":0.025740985950235933,"upper_bound":0.03642723846617134},"point_estimate":0.031627202794891396,"standard_error":0.002746997676282941},"median":{"confidence_interval":{"confidence_level":0.95,"lower_bound":0.03960767942167942,"upper_bound":0.042683901735111544},"point_estimate":0.0414261163487073,"standard_error":0.0007718467062150097}}