{"mean":{"confidence_interval":{"confidence_level":0.95,"lower_bound":-0.001405293774060015,"upper_bound":0.0011001764098254368},"point_estimate":0.000023464951402596412,"standard_error":0.0006476412232185141},"median":{"confidence_interval":{"confidence_level":0.95,"lower_bound":-0.0001725636603318037,"upper_bound":0.00035925883703513684},"point_estimate":0.0001761425411961337,"standard_error":0.0001431246724892402}}