{"mean":{"confidence_interval":{"confidence_level":0.95,"lower_bound":-0.956782051640546,"upper_bound":-0.9566240611914791},"point_estimate":-0.9566819267835942,"standard_error":0.000045195641629635955},"median":{"confidence_interval":{"confidence_level":0.95,"lower_bound":-0.9566342026233933,"upper_bound":-0.9566164484704675},"point_estimate":-0.9566271471881984,"standard_error":4.565320435609637e-6}}