{"mean":{"confidence_interval":{"confidence_level":0.95,"lower_bound":-0.0009237303744429103,"upper_bound":0.001188252406724698},"point_estimate":0.00009009093094913823,"standard_error":0.0005376872258637793},"median":{"confidence_interval":{"confidence_level":0.95,"lower_bound":-0.0012159555591167407,"upper_bound":-0.0006944947513860544},"point_estimate":-0.0010127917944376952,"standard_error":0.00013744227101635453}}