{"mean":{"confidence_interval":{"confidence_level":0.95,"lower_bound":-0.9588842753631973,"upper_bound":-0.958818027490221},"point_estimate":-0.9588479229542685,"standard_error":0.000016966739904795015},"median":{"confidence_interval":{"confidence_level":0.95,"lower_bound":-0.9588282620777487,"upper_bound":-0.9588013077856037},"point_estimate":-0.9588159433086474,"standard_error":7.0899747452114246e-6}}