{"mean":{"confidence_interval":{"confidence_level":0.95,"lower_bound":-0.0005764654468054908,"upper_bound":0.00009708082304567531},"point_estimate":-0.00023376356390358843,"standard_error":0.00017206715000235825},"median":{"confidence_interval":{"confidence_level":0.95,"lower_bound":-0.00018911385129205538,"upper_bound":0.0004086969021114158},"point_estimate":0.00013847534550159857,"standard_error":0.0001471839949863751}}