{"mean":{"confidence_interval":{"confidence_level":0.95,"lower_bound":-0.9530033714171451,"upper_bound":-0.9528267805498077},"point_estimate":-0.9529051821473418,"standard_error":0.00004556116562183704},"median":{"confidence_interval":{"confidence_level":0.95,"lower_bound":-0.9528284123983942,"upper_bound":-0.9528003154501389},"point_estimate":-0.9528117742282243,"standard_error":7.3731941411529214e-6}}