{"mean":{"confidence_interval":{"confidence_level":0.95,"lower_bound":-0.9026630345043649,"upper_bound":-0.9025066138970955},"point_estimate":-0.9025857411900702,"standard_error":0.00003990463326002517},"median":{"confidence_interval":{"confidence_level":0.95,"lower_bound":-0.9026317545607198,"upper_bound":-0.9025551317465013},"point_estimate":-0.902583220238238,"standard_error":0.000019100991192712536}}