{"mean":{"confidence_interval":{"confidence_level":0.95,"lower_bound":-0.00014445058987579671,"upper_bound":0.003128249081199086},"point_estimate":0.001460053367875469,"standard_error":0.000824847119340166},"median":{"confidence_interval":{"confidence_level":0.95,"lower_bound":-0.0008432878578796821,"upper_bound":0.001546572420124237},"point_estimate":0.0001898402015962919,"standard_error":0.0006136955191564892}}