{"mean":{"confidence_interval":{"confidence_level":0.95,"lower_bound":-0.9462145693997791,"upper_bound":-0.9461542635374831},"point_estimate":-0.946190847084756,"standard_error":0.000014991038264603846},"median":{"confidence_interval":{"confidence_level":0.95,"lower_bound":-0.9462135982556032,"upper_bound":-0.9461882800100778},"point_estimate":-0.9462012148753134,"standard_error":6.424945914657671e-6}}