{"mean":{"confidence_interval":{"confidence_level":0.95,"lower_bound":-0.008041363789408548,"upper_bound":-0.00194356857430906},"point_estimate":-0.004726774254569355,"standard_error":0.0015602742944051781},"median":{"confidence_interval":{"confidence_level":0.95,"lower_bound":-0.0028396331894305904,"upper_bound":-6.145040093108456e-6},"point_estimate":-0.0017939163425674254,"standard_error":0.0007186370285775699}}