{"mean":{"confidence_interval":{"confidence_level":0.95,"lower_bound":-0.003076696569780146,"upper_bound":-0.000028246327497971874},"point_estimate":-0.0011636334852234143,"standard_error":0.000850363378993312},"median":{"confidence_interval":{"confidence_level":0.95,"lower_bound":-0.0005051442354576663,"upper_bound":0.00007885763343740138},"point_estimate":-0.00020053053310864488,"standard_error":0.0001490496852090396}}