{"mean":{"confidence_interval":{"confidence_level":0.95,"lower_bound":-0.9441808741423758,"upper_bound":-0.9440145851732902},"point_estimate":-0.9440864615643795,"standard_error":0.000043076461410350966},"median":{"confidence_interval":{"confidence_level":0.95,"lower_bound":-0.9440378584167671,"upper_bound":-0.944008732477298},"point_estimate":-0.9440250044318854,"standard_error":7.523478475955263e-6}}