{"mean":{"confidence_interval":{"confidence_level":0.95,"lower_bound":-0.8919809770621259,"upper_bound":-0.8916382520669149},"point_estimate":-0.8917861722258752,"standard_error":0.00008861608357730554},"median":{"confidence_interval":{"confidence_level":0.95,"lower_bound":-0.8916642858257003,"upper_bound":-0.8916214566172146},"point_estimate":-0.8916389170214366,"standard_error":0.000011081426161903282}}