{"mean":{"confidence_interval":{"confidence_level":0.95,"lower_bound":-0.8211987065003553,"upper_bound":-0.8210478822571842},"point_estimate":-0.8211297977367131,"standard_error":0.00003745950464119311},"median":{"confidence_interval":{"confidence_level":0.95,"lower_bound":-0.8212133625456508,"upper_bound":-0.8211198167911753},"point_estimate":-0.8211539998097128,"standard_error":0.00002429551178552161}}