{"mean":{"confidence_interval":{"confidence_level":0.95,"lower_bound":-0.7830714998501177,"upper_bound":-0.7826569282715412},"point_estimate":-0.782868820824269,"standard_error":0.00010875152952304301},"median":{"confidence_interval":{"confidence_level":0.95,"lower_bound":-0.7830710579596416,"upper_bound":-0.7825389340557767},"point_estimate":-0.782784438000857,"standard_error":0.0001269459300704833}}