{"mean":{"confidence_interval":{"confidence_level":0.95,"lower_bound":-0.8044926155630668,"upper_bound":-0.8040808112161361},"point_estimate":-0.8042844303568815,"standard_error":0.00010478393594421977},"median":{"confidence_interval":{"confidence_level":0.95,"lower_bound":-0.8045917184831206,"upper_bound":-0.8041898097388734},"point_estimate":-0.8043615644903716,"standard_error":0.00009235350789196879}}