{"mean":{"confidence_interval":{"confidence_level":0.95,"lower_bound":5.130494216598126,"upper_bound":5.13310017450988},"point_estimate":5.13169024111724,"standard_error":0.0006687556676561466},"median":{"confidence_interval":{"confidence_level":0.95,"lower_bound":5.128953444489077,"upper_bound":5.130825579218653},"point_estimate":5.129614609663603,"standard_error":0.00048621309094719264},"median_abs_dev":{"confidence_interval":{"confidence_level":0.95,"lower_bound":0.0023072575529579135,"upper_bound":0.0043659353251934265},"point_estimate":0.0028986459056331492,"standard_error":0.0005682097391013263},"slope":{"confidence_interval":{"confidence_level":0.95,"lower_bound":5.130555991552674,"upper_bound":5.132805245041686},"point_estimate":5.131588855023986,"standard_error":0.0005765296395333235},"std_dev":{"confidence_interval":{"confidence_level":0.95,"lower_bound":0.00410739759461967,"upper_bound":0.00937322011903735},"point_estimate":0.006716626078389497,"standard_error":0.0014264581775582973}}