{"mean":{"confidence_interval":{"confidence_level":0.95,"lower_bound":0.6215396927867177,"upper_bound":0.6231970934242881},"point_estimate":0.6222189275062295,"standard_error":0.0004348322529823724},"median":{"confidence_interval":{"confidence_level":0.95,"lower_bound":0.6213027132167447,"upper_bound":0.6215140528373174},"point_estimate":0.6213861834542493,"standard_error":0.000050759698107446904},"median_abs_dev":{"confidence_interval":{"confidence_level":0.95,"lower_bound":0.0003394270647138344,"upper_bound":0.0005773505643274016},"point_estimate":0.00044584153883269823,"standard_error":0.000058380473242477825},"slope":{"confidence_interval":{"confidence_level":0.95,"lower_bound":0.6214431736788182,"upper_bound":0.6235870741442656},"point_estimate":0.6222902724820214,"standard_error":0.0005686058998323041},"std_dev":{"confidence_interval":{"confidence_level":0.95,"lower_bound":0.0007018440462523631,"upper_bound":0.0068584744961323425},"point_estimate":0.004359296415869179,"standard_error":0.0016627622990034272}}