{"mean":{"confidence_interval":{"confidence_level":0.95,"lower_bound":-0.00030947622524909714,"upper_bound":0.0031815360433361914},"point_estimate":0.0011628599666104744,"standard_error":0.0009215089574754494},"median":{"confidence_interval":{"confidence_level":0.95,"lower_bound":-0.0003804461897699302,"upper_bound":0.00035249545010263006},"point_estimate":-0.00001665007593876222,"standard_error":0.00018649885239870558}}