{"mean":{"confidence_interval":{"confidence_level":0.95,"lower_bound":-0.0007918520113394417,"upper_bound":0.002621682204756636},"point_estimate":0.000808974453942346,"standard_error":0.0008815444300107317},"median":{"confidence_interval":{"confidence_level":0.95,"lower_bound":-0.00038590481465683446,"upper_bound":0.00004542250611816456},"point_estimate":-0.00021223239276191297,"standard_error":0.00010831607441926353}}