{"mean":{"confidence_interval":{"confidence_level":0.95,"lower_bound":-0.0009009469142628262,"upper_bound":-0.00007640198840071508},"point_estimate":-0.0004859133176863262,"standard_error":0.000210179853014518},"median":{"confidence_interval":{"confidence_level":0.95,"lower_bound":-0.0005191248009130955,"upper_bound":-3.2392299698091875e-6},"point_estimate":-0.00024487639827941443,"standard_error":0.00013523931240288104}}