{"mean":{"confidence_interval":{"confidence_level":0.95,"lower_bound":-0.0016328151806792146,"upper_bound":0.001968974880547283},"point_estimate":0.00020231344430010623,"standard_error":0.0009212863104791529},"median":{"confidence_interval":{"confidence_level":0.95,"lower_bound":-0.0011373154708779198,"upper_bound":0.0012162693138877412},"point_estimate":-0.00018170760694935506,"standard_error":0.0006116316948070315}}