{"mean":{"confidence_interval":{"confidence_level":0.95,"lower_bound":-0.8659964658426808,"upper_bound":-0.8657453216022711},"point_estimate":-0.8658686767611194,"standard_error":0.0000658122297629494},"median":{"confidence_interval":{"confidence_level":0.95,"lower_bound":-0.8661610931749272,"upper_bound":-0.8657023049545739},"point_estimate":-0.8657700950727452,"standard_error":0.00014167273117155312}}