{"mean":{"confidence_interval":{"confidence_level":0.95,"lower_bound":0.4781321241613702,"upper_bound":0.47977106615589876},"point_estimate":0.4789451542719337,"standard_error":0.0004164972615239017},"median":{"confidence_interval":{"confidence_level":0.95,"lower_bound":0.47761637962511583,"upper_bound":0.4796475075106445},"point_estimate":0.4788819370643124,"standard_error":0.000503598607382904},"median_abs_dev":{"confidence_interval":{"confidence_level":0.95,"lower_bound":0.0028048076005210785,"upper_bound":0.0048724119914554396},"point_estimate":0.003927139083985069,"standard_error":0.0005354953343945468},"slope":{"confidence_interval":{"confidence_level":0.95,"lower_bound":0.47759189670496227,"upper_bound":0.47893370772842886},"point_estimate":0.47825187301998273,"standard_error":0.00034260592995051373},"std_dev":{"confidence_interval":{"confidence_level":0.95,"lower_bound":0.00344432138927625,"upper_bound":0.004910941150584092},"point_estimate":0.004188874594359482,"standard_error":0.0003749030635986615}}