{"mean":{"confidence_interval":{"confidence_level":0.95,"lower_bound":-0.001595404184685197,"upper_bound":0.005633689067339868},"point_estimate":0.0022907615185971952,"standard_error":0.0018177879112232273},"median":{"confidence_interval":{"confidence_level":0.95,"lower_bound":0.00020959211839666203,"upper_bound":0.003320640175714651},"point_estimate":0.001175298322029894,"standard_error":0.0007941752696389753}}