{"mean":{"confidence_interval":{"confidence_level":0.95,"lower_bound":-0.00022582494241257228,"upper_bound":0.0009508298609633147},"point_estimate":0.00031717519098850566,"standard_error":0.00029844248690128817},"median":{"confidence_interval":{"confidence_level":0.95,"lower_bound":-0.00021584750686298726,"upper_bound":0.0003352147433675068},"point_estimate":0.00006732174806067803,"standard_error":0.0001412129290281309}}