{"mean":{"confidence_interval":{"confidence_level":0.95,"lower_bound":-0.0018437739294548281,"upper_bound":-0.00008252795502459222},"point_estimate":-0.0009412492253649818,"standard_error":0.0004480855780047893},"median":{"confidence_interval":{"confidence_level":0.95,"lower_bound":-0.001725870524334261,"upper_bound":0.000036667535203704915},"point_estimate":-0.000981784942525099,"standard_error":0.00045077062482518895}}