{"mean":{"confidence_interval":{"confidence_level":0.95,"lower_bound":-0.002805788927407532,"upper_bound":0.00011474153060294539},"point_estimate":-0.00115270182777516,"standard_error":0.000751407232263286},"median":{"confidence_interval":{"confidence_level":0.95,"lower_bound":-0.0003174534588473721,"upper_bound":0.0001968174139013179},"point_estimate":-0.00013708546889412698,"standard_error":0.00013402071611161103}}