{"mean":{"confidence_interval":{"confidence_level":0.95,"lower_bound":-0.4586769735246099,"upper_bound":-0.457860366704379},"point_estimate":-0.458246623220844,"standard_error":0.00020959329710205435},"median":{"confidence_interval":{"confidence_level":0.95,"lower_bound":-0.45849300425856143,"upper_bound":-0.4581639570134389},"point_estimate":-0.458307767141815,"standard_error":0.00008679940471553499}}