{"mean":{"confidence_interval":{"confidence_level":0.95,"lower_bound":-0.8484912085199189,"upper_bound":-0.8477058027401003},"point_estimate":-0.8480565013035218,"standard_error":0.00019853667474886057},"median":{"confidence_interval":{"confidence_level":0.95,"lower_bound":-0.8480083398093594,"upper_bound":-0.8477522184079742},"point_estimate":-0.8478665367809364,"standard_error":0.00006770869132106735}}