{"mean":{"confidence_interval":{"confidence_level":0.95,"lower_bound":-0.38265506536568306,"upper_bound":-0.38022826913124064},"point_estimate":-0.38142026502917514,"standard_error":0.0006110138607835602},"median":{"confidence_interval":{"confidence_level":0.95,"lower_bound":-0.3814995117959259,"upper_bound":-0.3802874043045441},"point_estimate":-0.38083111452626195,"standard_error":0.00031113033859425096}}