{"mean":{"confidence_interval":{"confidence_level":0.95,"lower_bound":0.38788624077268596,"upper_bound":0.3882298258945497},"point_estimate":0.38804260326698253,"standard_error":0.00008798970152472309},"median":{"confidence_interval":{"confidence_level":0.95,"lower_bound":0.38769612171343765,"upper_bound":0.3878525970402217},"point_estimate":0.3877697436311526,"standard_error":0.000041192047075157914},"median_abs_dev":{"confidence_interval":{"confidence_level":0.95,"lower_bound":0.0001936127537411316,"upper_bound":0.0004161966226551305},"point_estimate":0.0002752585670545334,"standard_error":0.00006156918764660472},"slope":{"confidence_interval":{"confidence_level":0.95,"lower_bound":0.38783577003460706,"upper_bound":0.3880617854288999},"point_estimate":0.3879370639144663,"standard_error":0.000058032324267020085},"std_dev":{"confidence_interval":{"confidence_level":0.95,"lower_bound":0.0004897069145536674,"upper_bound":0.0012698464105909254},"point_estimate":0.000888370163939475,"standard_error":0.00020770155134077923}}