{"mean":{"confidence_interval":{"confidence_level":0.95,"lower_bound":-0.954572018101092,"upper_bound":-0.9545153488947489},"point_estimate":-0.9545466437105943,"standard_error":0.000014426560822814277},"median":{"confidence_interval":{"confidence_level":0.95,"lower_bound":-0.9545713192052551,"upper_bound":-0.9545521233190772},"point_estimate":-0.9545604923944305,"standard_error":4.878619878914443e-6}}