{"mean":{"confidence_interval":{"confidence_level":0.95,"lower_bound":0.9744714129367802,"upper_bound":0.9778342958283059},"point_estimate":0.9759253041938023,"standard_error":0.000867133982229873},"median":{"confidence_interval":{"confidence_level":0.95,"lower_bound":0.9736257157017569,"upper_bound":0.9741362584964367},"point_estimate":0.97385467138891,"standard_error":0.00011963207094206461},"median_abs_dev":{"confidence_interval":{"confidence_level":0.95,"lower_bound":0.000726258079576066,"upper_bound":0.0013947549548684376},"point_estimate":0.0010446710615082148,"standard_error":0.00016933176938336834},"slope":{"confidence_interval":{"confidence_level":0.95,"lower_bound":0.9735310911222083,"upper_bound":0.9739007170405263},"point_estimate":0.9737097068614466,"standard_error":0.00009419749736928503},"std_dev":{"confidence_interval":{"confidence_level":0.95,"lower_bound":0.002335563511195915,"upper_bound":0.012969640080786394},"point_estimate":0.008667125435843047,"standard_error":0.0026338783906333296}}