{"mean":{"confidence_interval":{"confidence_level":0.95,"lower_bound":-0.9442100602635107,"upper_bound":-0.9440232620342495},"point_estimate":-0.9441036489527606,"standard_error":0.00004819358202366841},"median":{"confidence_interval":{"confidence_level":0.95,"lower_bound":-0.9440358777461253,"upper_bound":-0.9440132469140042},"point_estimate":-0.9440249206302762,"standard_error":5.809343365491501e-6}}