{"mean":{"confidence_interval":{"confidence_level":0.95,"lower_bound":-0.00827883280490975,"upper_bound":-0.0016657653816812292},"point_estimate":-0.00458923845589021,"standard_error":0.0017052882353569014},"median":{"confidence_interval":{"confidence_level":0.95,"lower_bound":-0.0005434558059116412,"upper_bound":0.00021165841364823024},"point_estimate":-0.0001748386678329661,"standard_error":0.00019317824350494466}}