{"mean":{"confidence_interval":{"confidence_level":0.95,"lower_bound":-0.8899125312253788,"upper_bound":-0.8895438961390011},"point_estimate":-0.8897364853790893,"standard_error":0.00009088675192698846},"median":{"confidence_interval":{"confidence_level":0.95,"lower_bound":-0.889760218526586,"upper_bound":-0.889642437791686},"point_estimate":-0.8896771489167454,"standard_error":0.000030028951561768198}}