{"mean":{"confidence_interval":{"confidence_level":0.95,"lower_bound":1.861489556561955,"upper_bound":1.8625262958680193},"point_estimate":1.8619517317883745,"standard_error":0.00026587527902690336},"median":{"confidence_interval":{"confidence_level":0.95,"lower_bound":1.8609531482206145,"upper_bound":1.861538035523464},"point_estimate":1.8613265533796262,"standard_error":0.00014302529943427704},"median_abs_dev":{"confidence_interval":{"confidence_level":0.95,"lower_bound":0.0008526343735098535,"upper_bound":0.0014908033059917892},"point_estimate":0.0011565264330404034,"standard_error":0.00016204541157913198},"slope":{"confidence_interval":{"confidence_level":0.95,"lower_bound":1.8613696269951907,"upper_bound":1.8622904913067175},"point_estimate":1.861788510563442,"standard_error":0.00023614376726320205},"std_dev":{"confidence_interval":{"confidence_level":0.95,"lower_bound":0.0014735862335801522,"upper_bound":0.003893350554061518},"point_estimate":0.0026611298037573987,"standard_error":0.0007000590066723236}}