{"mean":{"confidence_interval":{"confidence_level":0.95,"lower_bound":0.4420789305774515,"upper_bound":0.44321287886587113},"point_estimate":0.4425649316348824,"standard_error":0.0002941881909285277},"median":{"confidence_interval":{"confidence_level":0.95,"lower_bound":0.4417544551894327,"upper_bound":0.4419743280453868},"point_estimate":0.4418544781478019,"standard_error":0.00005729005666109616},"median_abs_dev":{"confidence_interval":{"confidence_level":0.95,"lower_bound":0.0004034559179016331,"upper_bound":0.0008655555799704893},"point_estimate":0.0005882479520032985,"standard_error":0.0001202342124640393},"slope":{"confidence_interval":{"confidence_level":0.95,"lower_bound":0.44198557098241176,"upper_bound":0.4423482487204545},"point_estimate":0.4421571449072767,"standard_error":0.00009273568930254943},"std_dev":{"confidence_interval":{"confidence_level":0.95,"lower_bound":0.001007381698335606,"upper_bound":0.004543106841136395},"point_estimate":0.0029443494771553523,"standard_error":0.0009432355608240811}}