{"mean":{"confidence_interval":{"confidence_level":0.95,"lower_bound":0.7756331388074118,"upper_bound":0.7759826747857873},"point_estimate":0.7757934161117701,"standard_error":0.00008934111479064815},"median":{"confidence_interval":{"confidence_level":0.95,"lower_bound":0.7754890786291919,"upper_bound":0.7756668426387576},"point_estimate":0.7756007678605796,"standard_error":0.00005095799381952516},"median_abs_dev":{"confidence_interval":{"confidence_level":0.95,"lower_bound":0.00034260172111423765,"upper_bound":0.000666105699076169},"point_estimate":0.0004687525712993306,"standard_error":0.00008014992257350053},"slope":{"confidence_interval":{"confidence_level":0.95,"lower_bound":0.7755982758810924,"upper_bound":0.775885686249775},"point_estimate":0.7757318074898152,"standard_error":0.0000732182601395918},"std_dev":{"confidence_interval":{"confidence_level":0.95,"lower_bound":0.0005441470103132945,"upper_bound":0.0012116196801472876},"point_estimate":0.0008944958246879219,"standard_error":0.00017504185109089564}}