{"mean":{"confidence_interval":{"confidence_level":0.95,"lower_bound":0.00022863409411765236,"upper_bound":0.0035353713408742046},"point_estimate":0.0014840531899227294,"standard_error":0.0008893936612872808},"median":{"confidence_interval":{"confidence_level":0.95,"lower_bound":-0.00022564005930036934,"upper_bound":0.00023623798639182958},"point_estimate":8.349207000879488e-6,"standard_error":0.00012186314451062557}}