{"mean":{"confidence_interval":{"confidence_level":0.95,"lower_bound":-0.003417635127131388,"upper_bound":0.000976962240074318},"point_estimate":-0.0012343314845193465,"standard_error":0.0011203590359873993},"median":{"confidence_interval":{"confidence_level":0.95,"lower_bound":-0.002925550826017531,"upper_bound":0.0023217159598651893},"point_estimate":-0.00071643590291115,"standard_error":0.0013424678780753058}}