{"mean":{"confidence_interval":{"confidence_level":0.95,"lower_bound":-0.8519948030924297,"upper_bound":-0.8512886031737618},"point_estimate":-0.8516350414697664,"standard_error":0.00018000928999178627},"median":{"confidence_interval":{"confidence_level":0.95,"lower_bound":-0.8516829589213517,"upper_bound":-0.8502996303383352},"point_estimate":-0.8512356703587121,"standard_error":0.0003165988913368002}}