{"mean":{"confidence_interval":{"confidence_level":0.95,"lower_bound":-0.9103071669897104,"upper_bound":-0.9101828915657283},"point_estimate":-0.9102407144658844,"standard_error":0.00003174339919647676},"median":{"confidence_interval":{"confidence_level":0.95,"lower_bound":-0.9102499764346269,"upper_bound":-0.9101801416735604},"point_estimate":-0.9102072036578458,"standard_error":0.000017049451521305674}}