{"mean":{"confidence_interval":{"confidence_level":0.95,"lower_bound":-0.0038622057138593675,"upper_bound":-0.002007440273477171},"point_estimate":-0.002894420716940238,"standard_error":0.0004728183929403939},"median":{"confidence_interval":{"confidence_level":0.95,"lower_bound":-0.0036301671831785454,"upper_bound":-0.002444474274121311},"point_estimate":-0.0030900065979202473,"standard_error":0.0002906731622883811}}