{"mean":{"confidence_interval":{"confidence_level":0.95,"lower_bound":-0.4557826155395975,"upper_bound":-0.4541180038717564},"point_estimate":-0.4547843496941478,"standard_error":0.0004410997376464164},"median":{"confidence_interval":{"confidence_level":0.95,"lower_bound":-0.4545791027247651,"upper_bound":-0.45435800540098864},"point_estimate":-0.4544533539828163,"standard_error":0.00005369181847250494}}