{"mean":{"confidence_interval":{"confidence_level":0.95,"lower_bound":-0.8128453556620849,"upper_bound":-0.812328509654635},"point_estimate":-0.8125602713662268,"standard_error":0.0001307767684020531},"median":{"confidence_interval":{"confidence_level":0.95,"lower_bound":-0.8125392618590674,"upper_bound":-0.8124400299224117},"point_estimate":-0.8124846336907592,"standard_error":0.000025352669509366204}}