{"mean":{"confidence_interval":{"confidence_level":0.95,"lower_bound":-0.863897154686293,"upper_bound":-0.8638040031414437},"point_estimate":-0.8638488303708373,"standard_error":0.00002387471252153242},"median":{"confidence_interval":{"confidence_level":0.95,"lower_bound":-0.8638750528619658,"upper_bound":-0.8638075012586927},"point_estimate":-0.8638504628927623,"standard_error":0.000017497726142536686}}