{"mean":{"confidence_interval":{"confidence_level":0.95,"lower_bound":-0.0031049822847399092,"upper_bound":0.00004016932179847768},"point_estimate":-0.0013037481442688126,"standard_error":0.0008102828116485003},"median":{"confidence_interval":{"confidence_level":0.95,"lower_bound":-0.00032786568057419085,"upper_bound":0.00021989710785619287},"point_estimate":-0.000037553045684535213,"standard_error":0.00014639323784787373}}