{"mean":{"confidence_interval":{"confidence_level":0.95,"lower_bound":0.000020933419848868072,"upper_bound":0.0036203351652202547},"point_estimate":0.0018040381573845021,"standard_error":0.0010032199054732915},"median":{"confidence_interval":{"confidence_level":0.95,"lower_bound":-0.00038567190780736116,"upper_bound":0.0000401433426976238},"point_estimate":-0.00018007309757017698,"standard_error":0.00010863172785711423}}