{"mean":{"confidence_interval":{"confidence_level":0.95,"lower_bound":0.620438023553956,"upper_bound":0.620675790894023},"point_estimate":0.6205476812431141,"standard_error":0.000060680419737257634},"median":{"confidence_interval":{"confidence_level":0.95,"lower_bound":0.6203451082827403,"upper_bound":0.6204844651101242},"point_estimate":0.6203903196418836,"standard_error":0.000035502186703405753},"median_abs_dev":{"confidence_interval":{"confidence_level":0.95,"lower_bound":0.0002466215988396018,"upper_bound":0.0004712087970345183},"point_estimate":0.00035378608484098415,"standard_error":0.0000561412527174079},"slope":{"confidence_interval":{"confidence_level":0.95,"lower_bound":0.6204512434145922,"upper_bound":0.6207662383119449},"point_estimate":0.6205863168573029,"standard_error":0.00008118479351870505},"std_dev":{"confidence_interval":{"confidence_level":0.95,"lower_bound":0.0003969398281416793,"upper_bound":0.0008475092678853208},"point_estimate":0.000612297020533994,"standard_error":0.00012283310687303498}}