{"mean":{"confidence_interval":{"confidence_level":0.95,"lower_bound":1.159399873186662,"upper_bound":1.1629490065458097},"point_estimate":1.160933310725372,"standard_error":0.0009168514776979053},"median":{"confidence_interval":{"confidence_level":0.95,"lower_bound":1.158777005757666,"upper_bound":1.1593786442391953},"point_estimate":1.1590619570672853,"standard_error":0.00017381660059267998},"median_abs_dev":{"confidence_interval":{"confidence_level":0.95,"lower_bound":0.0009499894975224896,"upper_bound":0.0017914585513301704},"point_estimate":0.0013408235206024426,"standard_error":0.0002236769653102853},"slope":{"confidence_interval":{"confidence_level":0.95,"lower_bound":1.158717856674384,"upper_bound":1.1592234143673041},"point_estimate":1.158968439963483,"standard_error":0.00012921991893327658},"std_dev":{"confidence_interval":{"confidence_level":0.95,"lower_bound":0.0022373380597470603,"upper_bound":0.013969075726437396},"point_estimate":0.009207974673081949,"standard_error":0.0028458924732170264}}