{"mean":{"confidence_interval":{"confidence_level":0.95,"lower_bound":-0.9245624282582915,"upper_bound":-0.9245019365339271},"point_estimate":-0.9245324155283432,"standard_error":0.00001544506172141105},"median":{"confidence_interval":{"confidence_level":0.95,"lower_bound":-0.924561656340807,"upper_bound":-0.9245156115170191},"point_estimate":-0.9245405225996001,"standard_error":0.000012199157233522053}}