{"mean":{"confidence_interval":{"confidence_level":0.95,"lower_bound":0.0014836047337994606,"upper_bound":0.00707475841431026},"point_estimate":0.004016359372700284,"standard_error":0.0014185870180908398},"median":{"confidence_interval":{"confidence_level":0.95,"lower_bound":-0.00034043355424573374,"upper_bound":0.0001931532550076831},"point_estimate":-0.00007883646125517174,"standard_error":0.0001348396598787414}}