{"mean":{"confidence_interval":{"confidence_level":0.95,"lower_bound":-0.9026837436598968,"upper_bound":-0.9025056719670514},"point_estimate":-0.9025858634835474,"standard_error":0.00004561927364853612},"median":{"confidence_interval":{"confidence_level":0.95,"lower_bound":-0.9025078655367502,"upper_bound":-0.9024633445583566},"point_estimate":-0.9024799549121516,"standard_error":0.000011606854319052208}}