{"mean":{"confidence_interval":{"confidence_level":0.95,"lower_bound":-0.8520501852348116,"upper_bound":-0.851932962693756},"point_estimate":-0.8519946747638814,"standard_error":0.000029205601086013587},"median":{"confidence_interval":{"confidence_level":0.95,"lower_bound":-0.8520570164392971,"upper_bound":-0.8519886886859654},"point_estimate":-0.8520291797544606,"standard_error":0.000016817551126711578}}