{"mean":{"confidence_interval":{"confidence_level":0.95,"lower_bound":0.5041950504673038,"upper_bound":0.5044527008218386},"point_estimate":0.5043149902310724,"standard_error":0.00006574708199229742},"median":{"confidence_interval":{"confidence_level":0.95,"lower_bound":0.5040344198249066,"upper_bound":0.5042031071952904},"point_estimate":0.5041080734736362,"standard_error":0.00004731723873591525},"median_abs_dev":{"confidence_interval":{"confidence_level":0.95,"lower_bound":0.00022088951444670815,"upper_bound":0.0004539442734998681},"point_estimate":0.0002992965033596011,"standard_error":0.0000638292676885577},"slope":{"confidence_interval":{"confidence_level":0.95,"lower_bound":0.5041635702386817,"upper_bound":0.5044128292533615},"point_estimate":0.5042749120857768,"standard_error":0.00006419918607901172},"std_dev":{"confidence_interval":{"confidence_level":0.95,"lower_bound":0.0004357562452427579,"upper_bound":0.0008628216639243612},"point_estimate":0.0006625442423642056,"standard_error":0.0001093583336125778}}