{"mean":{"confidence_interval":{"confidence_level":0.95,"lower_bound":-0.9072489807681879,"upper_bound":-0.907136868802469},"point_estimate":-0.9071922048300133,"standard_error":0.000028674404475371104},"median":{"confidence_interval":{"confidence_level":0.95,"lower_bound":-0.9072485157269131,"upper_bound":-0.9071400857999449},"point_estimate":-0.9071942564776813,"standard_error":0.000028531649319194724}}