{"mean":{"confidence_interval":{"confidence_level":0.95,"lower_bound":-0.9449742128042454,"upper_bound":-0.9448431402073667},"point_estimate":-0.9449045708446276,"standard_error":0.00003219208036517793},"median":{"confidence_interval":{"confidence_level":0.95,"lower_bound":-0.9448458623142828,"upper_bound":-0.9447691032156502},"point_estimate":-0.9448033469690102,"standard_error":0.000019179719605666668}}