{"mean":{"confidence_interval":{"confidence_level":0.95,"lower_bound":0.0002539995471216584,"upper_bound":0.0033004781045895817},"point_estimate":0.0017121255401311153,"standard_error":0.0007837659080158547},"median":{"confidence_interval":{"confidence_level":0.95,"lower_bound":-0.0004892081713809837,"upper_bound":0.0019051778993994795},"point_estimate":0.0005826955821670587,"standard_error":0.0005948078119166335}}