{"mean":{"confidence_interval":{"confidence_level":0.95,"lower_bound":-0.0019812728754929035,"upper_bound":0.0005020596125760994},"point_estimate":-0.0004906687843261315,"standard_error":0.0006540773905756215},"median":{"confidence_interval":{"confidence_level":0.95,"lower_bound":-0.00010496350316922526,"upper_bound":0.000419146169422957},"point_estimate":0.000166663021025526,"standard_error":0.00013402028426615412}}