{"mean":{"confidence_interval":{"confidence_level":0.95,"lower_bound":-0.44341962232890814,"upper_bound":-0.44292133291857577},"point_estimate":-0.44319043264596447,"standard_error":0.0001273385729920005},"median":{"confidence_interval":{"confidence_level":0.95,"lower_bound":-0.4433497480965507,"upper_bound":-0.4430620651173455},"point_estimate":-0.44320462787992176,"standard_error":0.00007379741555888813}}