{"mean":{"confidence_interval":{"confidence_level":0.95,"lower_bound":2.4825868104868425,"upper_bound":2.4902365561945796},"point_estimate":2.485349327835695,"standard_error":0.0022123193419874318},"median":{"confidence_interval":{"confidence_level":0.95,"lower_bound":2.481544863619475,"upper_bound":2.482218679221831},"point_estimate":2.481950517382103,"standard_error":0.00016413723064418403},"median_abs_dev":{"confidence_interval":{"confidence_level":0.95,"lower_bound":0.0012814247319072848,"upper_bound":0.0023070198818695973},"point_estimate":0.0017308615754870677,"standard_error":0.00026352563373651376},"slope":{"confidence_interval":{"confidence_level":0.95,"lower_bound":2.482078592033124,"upper_bound":2.494430657936638},"point_estimate":2.486180840827031,"standard_error":0.0035487735219919053},"std_dev":{"confidence_interval":{"confidence_level":0.95,"lower_bound":0.0030508020530084145,"upper_bound":0.03749202613890387},"point_estimate":0.02209837965767925,"standard_error":0.011980552420399576}}