{"mean":{"confidence_interval":{"confidence_level":0.95,"lower_bound":0.7368376455882996,"upper_bound":0.737197407836522},"point_estimate":0.7370055907709088,"standard_error":0.00009208702810253454},"median":{"confidence_interval":{"confidence_level":0.95,"lower_bound":0.7366370932207607,"upper_bound":0.7368505441787465},"point_estimate":0.7367597253931317,"standard_error":0.00005780625793421803},"median_abs_dev":{"confidence_interval":{"confidence_level":0.95,"lower_bound":0.00040164757147198533,"upper_bound":0.0007438776922603932},"point_estimate":0.0005897542189284227,"standard_error":0.00008435264988652324},"slope":{"confidence_interval":{"confidence_level":0.95,"lower_bound":0.7367820271439857,"upper_bound":0.7372356071216802},"point_estimate":0.7369754600494476,"standard_error":0.00011747733307465714},"std_dev":{"confidence_interval":{"confidence_level":0.95,"lower_bound":0.0006201285137326908,"upper_bound":0.0012169516175843506},"point_estimate":0.0009236875853560279,"standard_error":0.00015563129651011007}}