{"mean":{"confidence_interval":{"confidence_level":0.95,"lower_bound":-0.45462790370758266,"upper_bound":-0.45318834147051207},"point_estimate":-0.45405933918596064,"standard_error":0.0003851065469229494},"median":{"confidence_interval":{"confidence_level":0.95,"lower_bound":-0.4547081858945716,"upper_bound":-0.45440308097843984},"point_estimate":-0.45458145380070236,"standard_error":0.00007818674227084768}}