{"mean":{"confidence_interval":{"confidence_level":0.95,"lower_bound":4.653684006510313,"upper_bound":4.656730212420783},"point_estimate":4.655015813047739,"standard_error":0.0007835380285976108},"median":{"confidence_interval":{"confidence_level":0.95,"lower_bound":4.652335918734781,"upper_bound":4.6538401855859135},"point_estimate":4.653142434923616,"standard_error":0.0003548828310312468},"median_abs_dev":{"confidence_interval":{"confidence_level":0.95,"lower_bound":0.002131105952932044,"upper_bound":0.0036396215514955337},"point_estimate":0.002773411550226592,"standard_error":0.00036436237969989204},"slope":{"confidence_interval":{"confidence_level":0.95,"lower_bound":4.65391602105114,"upper_bound":4.6566363388633265},"point_estimate":4.655164109126361,"standard_error":0.0006954550446092964},"std_dev":{"confidence_interval":{"confidence_level":0.95,"lower_bound":0.003949609545635266,"upper_bound":0.011889194334766522},"point_estimate":0.007892918656693034,"standard_error":0.0023649258610382224}}