{"mean":{"confidence_interval":{"confidence_level":0.95,"lower_bound":14.260417905988087,"upper_bound":14.267820744767077},"point_estimate":14.263923167007725,"standard_error":0.001890827216975474},"median":{"confidence_interval":{"confidence_level":0.95,"lower_bound":14.25698046013973,"upper_bound":14.261141733040901},"point_estimate":14.258596836332543,"standard_error":0.000991390880125669},"median_abs_dev":{"confidence_interval":{"confidence_level":0.95,"lower_bound":0.0070509120751107756,"upper_bound":0.011830575017469262},"point_estimate":0.009005000483568403,"standard_error":0.0012008170679174647},"slope":{"confidence_interval":{"confidence_level":0.95,"lower_bound":14.258770632029526,"upper_bound":14.26654825274119},"point_estimate":14.262221031529846,"standard_error":0.0020008487402866596},"std_dev":{"confidence_interval":{"confidence_level":0.95,"lower_bound":0.013591677956688794,"upper_bound":0.02352812383741287},"point_estimate":0.01897738422276019,"standard_error":0.00254209378944321}}