{"mean":{"confidence_interval":{"confidence_level":0.95,"lower_bound":-0.0008840760923543574,"upper_bound":0.0027780637730745795},"point_estimate":0.0008419809719120153,"standard_error":0.00093669756805408},"median":{"confidence_interval":{"confidence_level":0.95,"lower_bound":0.000022591884250022787,"upper_bound":0.0016141787821444264},"point_estimate":0.0007278216594217568,"standard_error":0.00039513012323778575}}