{"mean":{"confidence_interval":{"confidence_level":0.95,"lower_bound":-0.0005212273799095603,"upper_bound":0.0021482028855924927},"point_estimate":0.0008460428209500215,"standard_error":0.0006788596569528479},"median":{"confidence_interval":{"confidence_level":0.95,"lower_bound":-0.0007838430037888644,"upper_bound":0.002268097073848896},"point_estimate":0.0010513034284798106,"standard_error":0.0007996636149223017}}