{"mean":{"confidence_interval":{"confidence_level":0.95,"lower_bound":-0.8118417972405102,"upper_bound":-0.8112981697236593},"point_estimate":-0.8115307697296148,"standard_error":0.0001411866535390222},"median":{"confidence_interval":{"confidence_level":0.95,"lower_bound":-0.8113055428519212,"upper_bound":-0.8112119437412624},"point_estimate":-0.8112488339395096,"standard_error":0.000024505393871608123}}