{"mean":{"confidence_interval":{"confidence_level":0.95,"lower_bound":-0.9000908688878563,"upper_bound":-0.9000085948033536},"point_estimate":-0.9000508984729544,"standard_error":0.000020768183490377476},"median":{"confidence_interval":{"confidence_level":0.95,"lower_bound":-0.900107737748307,"upper_bound":-0.9000601538690032},"point_estimate":-0.9000822552698027,"standard_error":0.000012045321398671553}}