{"mean":{"confidence_interval":{"confidence_level":0.95,"lower_bound":0.4790062339710039,"upper_bound":0.47939812951584854},"point_estimate":0.47918688441357254,"standard_error":0.0001002740725931717},"median":{"confidence_interval":{"confidence_level":0.95,"lower_bound":0.4788348255117453,"upper_bound":0.479003906340591},"point_estimate":0.4789428603473962,"standard_error":0.00004121816991843763},"median_abs_dev":{"confidence_interval":{"confidence_level":0.95,"lower_bound":0.00030815581044706716,"upper_bound":0.0004895853748236925},"point_estimate":0.0003964693607490003,"standard_error":0.000045865968430947063},"slope":{"confidence_interval":{"confidence_level":0.95,"lower_bound":0.478858977477431,"upper_bound":0.4791222081263295},"point_estimate":0.4789803218829113,"standard_error":0.00006736199637980579},"std_dev":{"confidence_interval":{"confidence_level":0.95,"lower_bound":0.0006049260865410546,"upper_bound":0.0013928260990514374},"point_estimate":0.0010094362560358378,"standard_error":0.00020569460028267114}}