{"mean":{"confidence_interval":{"confidence_level":0.95,"lower_bound":1.6041601105033267,"upper_bound":1.611225521669691},"point_estimate":1.6076546217845256,"standard_error":0.0018088684856503627},"median":{"confidence_interval":{"confidence_level":0.95,"lower_bound":1.5977977515774457,"upper_bound":1.6079429782621848},"point_estimate":1.6009203946793846,"standard_error":0.0025605206445683984},"median_abs_dev":{"confidence_interval":{"confidence_level":0.95,"lower_bound":0.012579809112979071,"upper_bound":0.024133434517738934},"point_estimate":0.017340419658806918,"standard_error":0.0030258009297235836},"slope":{"confidence_interval":{"confidence_level":0.95,"lower_bound":1.5948314309791627,"upper_bound":1.5993854358293729},"point_estimate":1.5969598981039645,"standard_error":0.0011591327993589412},"std_dev":{"confidence_interval":{"confidence_level":0.95,"lower_bound":0.016124844954587814,"upper_bound":0.019770974224972572},"point_estimate":0.018143410776215382,"standard_error":0.0009297868952485326}}