{"mean":{"confidence_interval":{"confidence_level":0.95,"lower_bound":-0.0031093779324645465,"upper_bound":0.00008874652466992981},"point_estimate":-0.0012805145224457082,"standard_error":0.0008227802339063415},"median":{"confidence_interval":{"confidence_level":0.95,"lower_bound":-0.0002235664344322208,"upper_bound":0.00021069795373408396},"point_estimate":-0.00003261743921378901,"standard_error":0.00010260001882459328}}