{"mean":{"confidence_interval":{"confidence_level":0.95,"lower_bound":-0.0004596539216560307,"upper_bound":0.0027591922247456754},"point_estimate":0.0009020581189991272,"standard_error":0.0008579765224384886},"median":{"confidence_interval":{"confidence_level":0.95,"lower_bound":-0.0007430876387797269,"upper_bound":0.0003902286585815151},"point_estimate":-0.00017308483987010792,"standard_error":0.0002898583223666234}}