{"mean":{"confidence_interval":{"confidence_level":0.95,"lower_bound":-0.0004972325267830757,"upper_bound":0.0001841217991922328},"point_estimate":-0.00013829217692784557,"standard_error":0.0001735253754384438},"median":{"confidence_interval":{"confidence_level":0.95,"lower_bound":-0.00011195506528005605,"upper_bound":0.0002471487876956058},"point_estimate":0.00009489421115871366,"standard_error":0.0000877266115375191}}