{"mean":{"confidence_interval":{"confidence_level":0.95,"lower_bound":-0.9562920007928594,"upper_bound":-0.9561660048275217},"point_estimate":-0.9562393199528108,"standard_error":0.00003140705481237595},"median":{"confidence_interval":{"confidence_level":0.95,"lower_bound":-0.9562915693269618,"upper_bound":-0.9562556525125513},"point_estimate":-0.9562692812459083,"standard_error":8.829223949009805e-6}}