{"mean":{"confidence_interval":{"confidence_level":0.95,"lower_bound":-0.000293131251060999,"upper_bound":0.0004342747731682191},"point_estimate":0.000048930104119770945,"standard_error":0.00018579551451786215},"median":{"confidence_interval":{"confidence_level":0.95,"lower_bound":-0.00027666854862062884,"upper_bound":0.00023648873351689303},"point_estimate":-7.979225106424792e-6,"standard_error":0.0001336679631285985}}