{"mean":{"confidence_interval":{"confidence_level":0.95,"lower_bound":3.483639070501742,"upper_bound":3.4948154951586208},"point_estimate":3.4884172543129846,"standard_error":0.0028813419880758385},"median":{"confidence_interval":{"confidence_level":0.95,"lower_bound":3.482567485806347,"upper_bound":3.4833076684005153},"point_estimate":3.482950824558676,"standard_error":0.00018538569049707959},"median_abs_dev":{"confidence_interval":{"confidence_level":0.95,"lower_bound":0.0014232111712082912,"upper_bound":0.002553043828731403},"point_estimate":0.0019720942128154417,"standard_error":0.0002868474904586546},"slope":{"confidence_interval":{"confidence_level":0.95,"lower_bound":3.482426793414376,"upper_bound":3.4830810922622937},"point_estimate":3.482756425460463,"standard_error":0.00016679693047068442},"std_dev":{"confidence_interval":{"confidence_level":0.95,"lower_bound":0.004640345801373361,"upper_bound":0.04511225919893884},"point_estimate":0.028959359353500795,"standard_error":0.009943636885753022}}