{"mean":{"confidence_interval":{"confidence_level":0.95,"lower_bound":-0.0008021797321764029,"upper_bound":0.00035548799386990167},"point_estimate":-0.00023492308209704937,"standard_error":0.00029421227206836856},"median":{"confidence_interval":{"confidence_level":0.95,"lower_bound":-0.0004420021912892036,"upper_bound":0.00018158232964030476},"point_estimate":-0.00017645567270174745,"standard_error":0.00016634184509170294}}