{"mean":{"confidence_interval":{"confidence_level":0.95,"lower_bound":-0.9507621636134364,"upper_bound":-0.9506282758089356},"point_estimate":-0.9507065300290807,"standard_error":0.00003418033266719898},"median":{"confidence_interval":{"confidence_level":0.95,"lower_bound":-0.9507876630048201,"upper_bound":-0.9507011997013378},"point_estimate":-0.9507289219687539,"standard_error":0.00002305156650042235}}