{"mean":{"confidence_interval":{"confidence_level":0.95,"lower_bound":0.6205738823939888,"upper_bound":0.6226366714757812},"point_estimate":0.6214378520644425,"standard_error":0.0005341048212798266},"median":{"confidence_interval":{"confidence_level":0.95,"lower_bound":0.6202343480469951,"upper_bound":0.6204314845114991},"point_estimate":0.6202910624362314,"standard_error":0.00004732619651063759},"median_abs_dev":{"confidence_interval":{"confidence_level":0.95,"lower_bound":0.00025485313469614365,"upper_bound":0.0004444842850028186},"point_estimate":0.00033986637101411215,"standard_error":0.000045370065489807344},"slope":{"confidence_interval":{"confidence_level":0.95,"lower_bound":0.6203170646583588,"upper_bound":0.620485942425802},"point_estimate":0.6203966890855709,"standard_error":0.00004323692977240487},"std_dev":{"confidence_interval":{"confidence_level":0.95,"lower_bound":0.0009188130754699754,"upper_bound":0.008530948574764101},"point_estimate":0.005357986057762355,"standard_error":0.001926391723683492}}