{"mean":{"confidence_interval":{"confidence_level":0.95,"lower_bound":-0.9146092598104765,"upper_bound":-0.914530423004687},"point_estimate":-0.9145696101872272,"standard_error":0.000020104960816067407},"median":{"confidence_interval":{"confidence_level":0.95,"lower_bound":-0.9145937798524657,"upper_bound":-0.9145488371101391},"point_estimate":-0.914567986099999,"standard_error":0.000011934230254128226}}