{"mean":{"confidence_interval":{"confidence_level":0.95,"lower_bound":0.0061671173257379815,"upper_bound":0.009538453050186056},"point_estimate":0.007833779447377509,"standard_error":0.0008801821919672051},"median":{"confidence_interval":{"confidence_level":0.95,"lower_bound":0.002601159348754856,"upper_bound":0.008955623108601207},"point_estimate":0.005094682422589036,"standard_error":0.0015252731574923117}}