{"mean":{"confidence_interval":{"confidence_level":0.95,"lower_bound":0.4653553440880959,"upper_bound":0.46564743551022125},"point_estimate":0.4654832460117025,"standard_error":0.00007517976711945995},"median":{"confidence_interval":{"confidence_level":0.95,"lower_bound":0.4652232498961231,"upper_bound":0.4653691046001454},"point_estimate":0.4652805126057372,"standard_error":0.00004035738409108274},"median_abs_dev":{"confidence_interval":{"confidence_level":0.95,"lower_bound":0.00021818225765302346,"upper_bound":0.000359670612864291},"point_estimate":0.00028738022077328995,"standard_error":0.00003653190404858849},"slope":{"confidence_interval":{"confidence_level":0.95,"lower_bound":0.4653082969271479,"upper_bound":0.4654956000279386},"point_estimate":0.4653955405287717,"standard_error":0.000047924382459759295},"std_dev":{"confidence_interval":{"confidence_level":0.95,"lower_bound":0.0003871965351626035,"upper_bound":0.0011296535420607027},"point_estimate":0.000754074290980935,"standard_error":0.00022131603141172074}}