{"mean":{"confidence_interval":{"confidence_level":0.95,"lower_bound":-0.0013384420222224355,"upper_bound":8.68410557083302e-6},"point_estimate":-0.0005541060763268879,"standard_error":0.00035102926300726597},"median":{"confidence_interval":{"confidence_level":0.95,"lower_bound":-0.000381001867872377,"upper_bound":0.00022164859163194495},"point_estimate":-0.00006525027182802123,"standard_error":0.0001524220551975932}}