{"mean":{"confidence_interval":{"confidence_level":0.95,"lower_bound":0.7367949253271872,"upper_bound":0.7370976406832737},"point_estimate":0.736939576785979,"standard_error":0.00007763191897943483},"median":{"confidence_interval":{"confidence_level":0.95,"lower_bound":0.7366104348154927,"upper_bound":0.7368383478509027},"point_estimate":0.73671157471442,"standard_error":0.00006285095250401961},"median_abs_dev":{"confidence_interval":{"confidence_level":0.95,"lower_bound":0.0003092386212036002,"upper_bound":0.0005767575838920291},"point_estimate":0.0003967508992949049,"standard_error":0.00007133204330536814},"slope":{"confidence_interval":{"confidence_level":0.95,"lower_bound":0.7367996175020477,"upper_bound":0.7371116823515276},"point_estimate":0.73694553688416,"standard_error":0.00007986031008025501},"std_dev":{"confidence_interval":{"confidence_level":0.95,"lower_bound":0.0005738773988354784,"upper_bound":0.000981617155253126},"point_estimate":0.0007816608088805439,"standard_error":0.0001054517985188566}}