{"mean":{"confidence_interval":{"confidence_level":0.95,"lower_bound":-0.8504415484382455,"upper_bound":-0.8499906369210869},"point_estimate":-0.8501877809345472,"standard_error":0.00011582232910273994},"median":{"confidence_interval":{"confidence_level":0.95,"lower_bound":-0.8500292331492867,"upper_bound":-0.8499560921644601},"point_estimate":-0.8499918615302557,"standard_error":0.00001797104230471217}}