{"mean":{"confidence_interval":{"confidence_level":0.95,"lower_bound":0.00025983316688946184,"upper_bound":0.004169830851515565},"point_estimate":0.0021666325144942267,"standard_error":0.0009978779980634696},"median":{"confidence_interval":{"confidence_level":0.95,"lower_bound":0.0001949843074109392,"upper_bound":0.003623403339130693},"point_estimate":0.0017432390389204855,"standard_error":0.0009050647106431933}}