{"mean":{"confidence_interval":{"confidence_level":0.95,"lower_bound":3.4487661685720927,"upper_bound":3.4582195955227157},"point_estimate":3.4534894362972737,"standard_error":0.0024156988034629025},"median":{"confidence_interval":{"confidence_level":0.95,"lower_bound":3.444155599826795,"upper_bound":3.4614472721990803},"point_estimate":3.450912640801543,"standard_error":0.005264236916544885},"median_abs_dev":{"confidence_interval":{"confidence_level":0.95,"lower_bound":0.021356271573526257,"upper_bound":0.03184880219520331},"point_estimate":0.028148691752038574,"standard_error":0.0027187333087034054},"slope":{"confidence_interval":{"confidence_level":0.95,"lower_bound":3.4481050621100797,"upper_bound":3.4588355914047506},"point_estimate":3.45339541535903,"standard_error":0.0027397229463673903},"std_dev":{"confidence_interval":{"confidence_level":0.95,"lower_bound":0.021235736452193968,"upper_bound":0.026977567157731017},"point_estimate":0.024248870574330752,"standard_error":0.001461208953432278}}