{"mean":{"confidence_interval":{"confidence_level":0.95,"lower_bound":-0.956549599939214,"upper_bound":-0.9565225118581321},"point_estimate":-0.9565359468188633,"standard_error":6.88049027088006e-6},"median":{"confidence_interval":{"confidence_level":0.95,"lower_bound":-0.9565402684152152,"upper_bound":-0.9565180209134626},"point_estimate":-0.9565264121820553,"standard_error":5.936646550570266e-6}}