{"mean":{"confidence_interval":{"confidence_level":0.95,"lower_bound":-0.0003308435295887757,"upper_bound":0.0007010445064168868},"point_estimate":0.00012584595445574998,"standard_error":0.0002598190721638194},"median":{"confidence_interval":{"confidence_level":0.95,"lower_bound":-0.00026764585300764754,"upper_bound":0.00010302000953577028},"point_estimate":-0.00008537354882687254,"standard_error":0.00009472467901681352}}