{"mean":{"confidence_interval":{"confidence_level":0.95,"lower_bound":-0.00043815458235908484,"upper_bound":0.0002357579920441221},"point_estimate":-0.00009084837990847028,"standard_error":0.00017192110919192035},"median":{"confidence_interval":{"confidence_level":0.95,"lower_bound":-0.0002449577128995461,"upper_bound":0.0002977387604030657},"point_estimate":0.00005198863386701724,"standard_error":0.00013435451110623662}}