{"mean":{"confidence_interval":{"confidence_level":0.95,"lower_bound":-0.0013969359926011614,"upper_bound":0.0006079713301710743},"point_estimate":-0.0003587394118630405,"standard_error":0.0005079918168688065},"median":{"confidence_interval":{"confidence_level":0.95,"lower_bound":-0.0015879226411340541,"upper_bound":0.0005810857272581238},"point_estimate":-0.0008268780040120438,"standard_error":0.0005698260323386545}}