{"mean":{"confidence_interval":{"confidence_level":0.95,"lower_bound":-0.0009548297196104725,"upper_bound":0.0001199744732608251},"point_estimate":-0.000360442769101188,"standard_error":0.00027443994454303484},"median":{"confidence_interval":{"confidence_level":0.95,"lower_bound":-0.00034353457961910916,"upper_bound":0.00019523333562121437},"point_estimate":-0.00010827240877786526,"standard_error":0.00014148388324550983}}