{"mean":{"confidence_interval":{"confidence_level":0.95,"lower_bound":-0.004950787996127264,"upper_bound":-0.0016606426139444967},"point_estimate":-0.0031260030940264416,"standard_error":0.0008435666829935828},"median":{"confidence_interval":{"confidence_level":0.95,"lower_bound":-0.00289180966293201,"upper_bound":-0.00026672849173769997},"point_estimate":-0.0014007039947032673,"standard_error":0.0007926089508063153}}