{"mean":{"confidence_interval":{"confidence_level":0.95,"lower_bound":-0.24496724066832473,"upper_bound":-0.24298259684152596},"point_estimate":-0.24402901232480068,"standard_error":0.0005095101542987006},"median":{"confidence_interval":{"confidence_level":0.95,"lower_bound":-0.2453530549213845,"upper_bound":-0.2447147191742607},"point_estimate":-0.2450235875334591,"standard_error":0.00015970732908295114}}