{"mean":{"confidence_interval":{"confidence_level":0.95,"lower_bound":-0.021938168554743603,"upper_bound":-0.020348037315053025},"point_estimate":-0.02113185065464418,"standard_error":0.0004066740423581948},"median":{"confidence_interval":{"confidence_level":0.95,"lower_bound":-0.021847914106740918,"upper_bound":-0.02053910443092377},"point_estimate":-0.021204896456389566,"standard_error":0.00032579629123852234}}