{"mean":{"confidence_interval":{"confidence_level":0.95,"lower_bound":-0.9559112987585838,"upper_bound":-0.9558736677299136},"point_estimate":-0.9558904871119107,"standard_error":9.602731837594678e-6},"median":{"confidence_interval":{"confidence_level":0.95,"lower_bound":-0.9558873997231999,"upper_bound":-0.9558698946639994},"point_estimate":-0.955878268635981,"standard_error":4.393734290039779e-6}}