{"mean":{"confidence_interval":{"confidence_level":0.95,"lower_bound":-0.9244085586013795,"upper_bound":-0.9243337906581269},"point_estimate":-0.9243731299841738,"standard_error":0.00001906770945600279},"median":{"confidence_interval":{"confidence_level":0.95,"lower_bound":-0.9243955317515381,"upper_bound":-0.9243622515196305},"point_estimate":-0.9243786391519365,"standard_error":8.656159109288443e-6}}