{"mean":{"confidence_interval":{"confidence_level":0.95,"lower_bound":-0.002247612604602192,"upper_bound":0.00029121884934112303},"point_estimate":-0.0006983736969597976,"standard_error":0.0006727533320454144},"median":{"confidence_interval":{"confidence_level":0.95,"lower_bound":-0.0003541762783476621,"upper_bound":0.00023763245559971224},"point_estimate":-0.00004050238825903385,"standard_error":0.00015419536064546207}}