{"mean":{"confidence_interval":{"confidence_level":0.95,"lower_bound":-0.0059182015918449096,"upper_bound":-0.0006125871829412433},"point_estimate":-0.0029267425546720682,"standard_error":0.00136381130550593},"median":{"confidence_interval":{"confidence_level":0.95,"lower_bound":-0.00014707735940133748,"upper_bound":0.00028057934570879794},"point_estimate":0.00006472272091384568,"standard_error":0.00011407280835305568}}