{"mean":{"confidence_interval":{"confidence_level":0.95,"lower_bound":-0.8983138887607421,"upper_bound":-0.8982137984445853},"point_estimate":-0.8982689942014948,"standard_error":0.000025572063346302418},"median":{"confidence_interval":{"confidence_level":0.95,"lower_bound":-0.8983733392329547,"upper_bound":-0.8982826171384841},"point_estimate":-0.8983252472217512,"standard_error":0.000022870417661516516}}