{"mean":{"confidence_interval":{"confidence_level":0.95,"lower_bound":-0.00004891866016779877,"upper_bound":0.002801316901732476},"point_estimate":0.0010154260431212148,"standard_error":0.0008163909850921601},"median":{"confidence_interval":{"confidence_level":0.95,"lower_bound":-0.000041898508336912776,"upper_bound":0.0003648713135424586},"point_estimate":0.00015124443699554568,"standard_error":0.00010315058329297512}}