{"mean":{"confidence_interval":{"confidence_level":0.95,"lower_bound":-0.00043330219698742555,"upper_bound":0.0005066101544692833},"point_estimate":0.000044349120927433816,"standard_error":0.00023755260840109353},"median":{"confidence_interval":{"confidence_level":0.95,"lower_bound":-0.0002586025933258851,"upper_bound":0.0001693584246376112},"point_estimate":-0.000027427052253448103,"standard_error":0.00011479538971372849}}