{"mean":{"confidence_interval":{"confidence_level":0.95,"lower_bound":1.019162906481073,"upper_bound":1.0213144070444575},"point_estimate":1.0200076016104447,"standard_error":0.0005725565100193663},"median":{"confidence_interval":{"confidence_level":0.95,"lower_bound":1.0187470575508735,"upper_bound":1.0193422260717866},"point_estimate":1.0189432349182308,"standard_error":0.00015172017939771653},"median_abs_dev":{"confidence_interval":{"confidence_level":0.95,"lower_bound":0.0009678151833908592,"upper_bound":0.0016367304387617189},"point_estimate":0.001226584201419193,"standard_error":0.00016614073301768296},"slope":{"confidence_interval":{"confidence_level":0.95,"lower_bound":1.0190807274214766,"upper_bound":1.023069592997661},"point_estimate":1.0204461380395509,"standard_error":0.0011347555963945244},"std_dev":{"confidence_interval":{"confidence_level":0.95,"lower_bound":0.0015147818182757844,"upper_bound":0.00944393615789043},"point_estimate":0.00573910475231708,"standard_error":0.0025422100412940633}}