{"mean":{"confidence_interval":{"confidence_level":0.95,"lower_bound":-0.02020792372577605,"upper_bound":-0.015683714373712417},"point_estimate":-0.017926613752519027,"standard_error":0.0011525761053645595},"median":{"confidence_interval":{"confidence_level":0.95,"lower_bound":-0.021603498129125764,"upper_bound":-0.017458053977848293},"point_estimate":-0.019926633813109995,"standard_error":0.0010177927146329912}}