{"mean":{"confidence_interval":{"confidence_level":0.95,"lower_bound":-0.9500539129956694,"upper_bound":-0.949989959580522},"point_estimate":-0.9500172424296814,"standard_error":0.000016468065673156585},"median":{"confidence_interval":{"confidence_level":0.95,"lower_bound":-0.9500102988084183,"upper_bound":-0.9499855725167287},"point_estimate":-0.949997637803881,"standard_error":6.433498736109493e-6}}