{"mean":{"confidence_interval":{"confidence_level":0.95,"lower_bound":-0.9377013774545329,"upper_bound":-0.9374906423595117},"point_estimate":-0.9375818295726441,"standard_error":0.000054228661703517165},"median":{"confidence_interval":{"confidence_level":0.95,"lower_bound":-0.9375099026308629,"upper_bound":-0.9374820422170552},"point_estimate":-0.9374960396087162,"standard_error":7.158108186497881e-6}}