{"mean":{"confidence_interval":{"confidence_level":0.95,"lower_bound":0.7759813840923221,"upper_bound":0.7776395928160252},"point_estimate":0.7767374715505251,"standard_error":0.0004241311043633689},"median":{"confidence_interval":{"confidence_level":0.95,"lower_bound":0.7749543061891866,"upper_bound":0.7761844777173712},"point_estimate":0.7755308986421579,"standard_error":0.000263330415011673},"median_abs_dev":{"confidence_interval":{"confidence_level":0.95,"lower_bound":0.0014945066796518973,"upper_bound":0.0026720835806687297},"point_estimate":0.002222054540516732,"standard_error":0.00027545371893321596},"slope":{"confidence_interval":{"confidence_level":0.95,"lower_bound":0.7758200759280355,"upper_bound":0.7773331906079713},"point_estimate":0.7765165600403217,"standard_error":0.0003868514955280431},"std_dev":{"confidence_interval":{"confidence_level":0.95,"lower_bound":0.0024478156043237736,"upper_bound":0.005814168142590427},"point_estimate":0.004260418897532219,"standard_error":0.0008653546511191858}}