{"mean":{"confidence_interval":{"confidence_level":0.95,"lower_bound":-0.8846344113773378,"upper_bound":-0.8844658939798108},"point_estimate":-0.8845578652137047,"standard_error":0.00004471587927552577},"median":{"confidence_interval":{"confidence_level":0.95,"lower_bound":-0.8846155985089347,"upper_bound":-0.8845599203567637},"point_estimate":-0.8845811447576959,"standard_error":0.000014823154406172237}}