{"mean":{"confidence_interval":{"confidence_level":0.95,"lower_bound":0.0041018705406043075,"upper_bound":0.007481736052487869},"point_estimate":0.005438827496246246,"standard_error":0.0009150621846479209},"median":{"confidence_interval":{"confidence_level":0.95,"lower_bound":0.004441079868222619,"upper_bound":0.005003411482237041},"point_estimate":0.00473780867552942,"standard_error":0.00014422683205841087}}