{"mean":{"confidence_interval":{"confidence_level":0.95,"lower_bound":-0.7956960291325729,"upper_bound":-0.795492145976654},"point_estimate":-0.7955891776186422,"standard_error":0.000052127971256742124},"median":{"confidence_interval":{"confidence_level":0.95,"lower_bound":-0.7955731039328511,"upper_bound":-0.7954456851872246},"point_estimate":-0.7955121291299442,"standard_error":0.000035270656820714076}}