{"mean":{"confidence_interval":{"confidence_level":0.95,"lower_bound":-0.18784680450814953,"upper_bound":-0.18710845826411582},"point_estimate":-0.1874583263429629,"standard_error":0.0001886711069474719},"median":{"confidence_interval":{"confidence_level":0.95,"lower_bound":-0.1874923672323665,"upper_bound":-0.18704834069988563},"point_estimate":-0.18730781520634332,"standard_error":0.00012390157299627984}}