{"mean":{"confidence_interval":{"confidence_level":0.95,"lower_bound":-0.861069259417512,"upper_bound":-0.8609850060397883},"point_estimate":-0.8610261271107444,"standard_error":0.00002150093615239489},"median":{"confidence_interval":{"confidence_level":0.95,"lower_bound":-0.861040964215658,"upper_bound":-0.8609748843552132},"point_estimate":-0.8610047863420425,"standard_error":0.000017179284517234004}}