{"mean":{"confidence_interval":{"confidence_level":0.95,"lower_bound":4.556908391459072,"upper_bound":4.558639671598595},"point_estimate":4.55773895005667,"standard_error":0.0004424755984233851},"median":{"confidence_interval":{"confidence_level":0.95,"lower_bound":4.556135520765724,"upper_bound":4.557332985025847},"point_estimate":4.556817660985708,"standard_error":0.0003108691412893666},"median_abs_dev":{"confidence_interval":{"confidence_level":0.95,"lower_bound":0.0022928109469288957,"upper_bound":0.004037767338629524},"point_estimate":0.003141713907596313,"standard_error":0.00046292209742584885},"slope":{"confidence_interval":{"confidence_level":0.95,"lower_bound":4.556539502496241,"upper_bound":4.55830892383149},"point_estimate":4.557361678461801,"standard_error":0.00045272474334010973},"std_dev":{"confidence_interval":{"confidence_level":0.95,"lower_bound":0.0034791776215788548,"upper_bound":0.005290040006238699},"point_estimate":0.004443657956158104,"standard_error":0.00046220722832027297}}