{"mean":{"confidence_interval":{"confidence_level":0.95,"lower_bound":-0.9141943148430668,"upper_bound":-0.9139036456840262},"point_estimate":-0.9140476862782386,"standard_error":0.00006906640702467592},"median":{"confidence_interval":{"confidence_level":0.95,"lower_bound":-0.914279628376099,"upper_bound":-0.914012342662216},"point_estimate":-0.9141153485300073,"standard_error":0.00006727728877642226}}