{"mean":{"confidence_interval":{"confidence_level":0.95,"lower_bound":-0.797993393224299,"upper_bound":-0.7978380223399449},"point_estimate":-0.7979159768778564,"standard_error":0.00003929467252479924},"median":{"confidence_interval":{"confidence_level":0.95,"lower_bound":-0.7979629933288054,"upper_bound":-0.797858942900491},"point_estimate":-0.7979070848947285,"standard_error":0.00002701597497668332}}