{"mean":{"confidence_interval":{"confidence_level":0.95,"lower_bound":1.1765621466717393,"upper_bound":1.1770421996048592},"point_estimate":1.1767918086961107,"standard_error":0.00012241030814351539},"median":{"confidence_interval":{"confidence_level":0.95,"lower_bound":1.1763006762779753,"upper_bound":1.176613441724522},"point_estimate":1.1764678989093784,"standard_error":0.00008019444546875867},"median_abs_dev":{"confidence_interval":{"confidence_level":0.95,"lower_bound":0.000631128811005509,"upper_bound":0.0011716919522521965},"point_estimate":0.0008833137395196157,"standard_error":0.00014076730964036478},"slope":{"confidence_interval":{"confidence_level":0.95,"lower_bound":1.1764870034830996,"upper_bound":1.1770062387517155},"point_estimate":1.1767317180918666,"standard_error":0.00013285336886677358},"std_dev":{"confidence_interval":{"confidence_level":0.95,"lower_bound":0.0009315590365907116,"upper_bound":0.0015128946114622273},"point_estimate":0.0012305941527307285,"standard_error":0.0001489134945886021}}