{"mean":{"confidence_interval":{"confidence_level":0.95,"lower_bound":-0.9362355590736104,"upper_bound":-0.9360568533922281},"point_estimate":-0.9361437784144955,"standard_error":0.000045301461293732296},"median":{"confidence_interval":{"confidence_level":0.95,"lower_bound":-0.9360856187787827,"upper_bound":-0.9358992756595912},"point_estimate":-0.9359383521872668,"standard_error":0.00004895386599390681}}