{"mean":{"confidence_interval":{"confidence_level":0.95,"lower_bound":-0.8199888351615348,"upper_bound":-0.8195258072004241},"point_estimate":-0.8197662928903373,"standard_error":0.00011673148834176217},"median":{"confidence_interval":{"confidence_level":0.95,"lower_bound":-0.8197051820480942,"upper_bound":-0.8195263571286348},"point_estimate":-0.8196136562929658,"standard_error":0.0000462799074805177}}