{"mean":{"confidence_interval":{"confidence_level":0.95,"lower_bound":-0.953515861328481,"upper_bound":-0.9534767742333023},"point_estimate":-0.9534963579342506,"standard_error":9.972018452907473e-6},"median":{"confidence_interval":{"confidence_level":0.95,"lower_bound":-0.9535130006415591,"upper_bound":-0.9534821878133704},"point_estimate":-0.9534976110689437,"standard_error":7.610727365206716e-6}}