{"mean":{"confidence_interval":{"confidence_level":0.95,"lower_bound":-0.7292744770527327,"upper_bound":-0.7290931245502712},"point_estimate":-0.729182829783302,"standard_error":0.000046095644372768575},"median":{"confidence_interval":{"confidence_level":0.95,"lower_bound":-0.7292098346664386,"upper_bound":-0.729082720537159},"point_estimate":-0.7291303149581241,"standard_error":0.000033390561449614757}}