{"mean":{"confidence_interval":{"confidence_level":0.95,"lower_bound":-0.9072712974938085,"upper_bound":-0.9071691321106001},"point_estimate":-0.907219988557783,"standard_error":0.00002607010852804143},"median":{"confidence_interval":{"confidence_level":0.95,"lower_bound":-0.9072882385077194,"upper_bound":-0.9071841375686046},"point_estimate":-0.9072472222461161,"standard_error":0.000026970992789203373}}