{"mean":{"confidence_interval":{"confidence_level":0.95,"lower_bound":-0.0011978313012254854,"upper_bound":0.0019627172500776323},"point_estimate":0.0003577966962513557,"standard_error":0.0008139427491885875},"median":{"confidence_interval":{"confidence_level":0.95,"lower_bound":-0.0008296161397043367,"upper_bound":0.0017558350926560884},"point_estimate":0.0007199929409622552,"standard_error":0.0006440676645005507}}