{"mean":{"confidence_interval":{"confidence_level":0.95,"lower_bound":0.38788623419802276,"upper_bound":0.3881705419304292},"point_estimate":0.3880158543590626,"standard_error":0.0000728536132850192},"median":{"confidence_interval":{"confidence_level":0.95,"lower_bound":0.38773161902364184,"upper_bound":0.3878641464577095},"point_estimate":0.38778839704890067,"standard_error":0.000036996315925939214},"median_abs_dev":{"confidence_interval":{"confidence_level":0.95,"lower_bound":0.00020772278335990657,"upper_bound":0.00038322832704114915},"point_estimate":0.00030171207751376715,"standard_error":0.0000424279501748378},"slope":{"confidence_interval":{"confidence_level":0.95,"lower_bound":0.38782728789726056,"upper_bound":0.3880375449010597},"point_estimate":0.3879238543846011,"standard_error":0.00005381093216039296},"std_dev":{"confidence_interval":{"confidence_level":0.95,"lower_bound":0.0004299595977585959,"upper_bound":0.0010387772772805512},"point_estimate":0.0007313708688239678,"standard_error":0.000167117108584626}}