{"mean":{"confidence_interval":{"confidence_level":0.95,"lower_bound":-0.0024210927666015263,"upper_bound":0.00027272324921253586},"point_estimate":-0.0009381476188757842,"standard_error":0.0006915425208045241},"median":{"confidence_interval":{"confidence_level":0.95,"lower_bound":-0.00013872225304507876,"upper_bound":0.00022300874355130063},"point_estimate":0.000076374152020664,"standard_error":0.00009287893227318313}}