{"mean":{"confidence_interval":{"confidence_level":0.95,"lower_bound":-0.9486366063671561,"upper_bound":-0.948412503039093},"point_estimate":-0.94851908532151,"standard_error":0.00005723752303175454},"median":{"confidence_interval":{"confidence_level":0.95,"lower_bound":-0.948426954912303,"upper_bound":-0.9483526976835183},"point_estimate":-0.9483934395941229,"standard_error":0.000016966904678100824}}