{"mean":{"confidence_interval":{"confidence_level":0.95,"lower_bound":-0.9545743269478395,"upper_bound":-0.9545213179487491},"point_estimate":-0.954550217030775,"standard_error":0.000013668609197698392},"median":{"confidence_interval":{"confidence_level":0.95,"lower_bound":-0.9545705846640502,"upper_bound":-0.9545433738106658},"point_estimate":-0.9545543289862892,"standard_error":6.93706165222026e-6}}