{"mean":{"confidence_interval":{"confidence_level":0.95,"lower_bound":-0.0008387480217611014,"upper_bound":0.0001434489548022385},"point_estimate":-0.0002947948302205461,"standard_error":0.00025221767841551815},"median":{"confidence_interval":{"confidence_level":0.95,"lower_bound":-0.00014165093179109296,"upper_bound":0.00025825729906849834},"point_estimate":0.000052546313628276664,"standard_error":0.00010270479508791707}}