{"mean":{"confidence_interval":{"confidence_level":0.95,"lower_bound":-0.00005043502381169286,"upper_bound":0.0007665061871027167},"point_estimate":0.00033496825690115806,"standard_error":0.00020635081168511132},"median":{"confidence_interval":{"confidence_level":0.95,"lower_bound":-0.00005302396375217455,"upper_bound":0.0005926155151399714},"point_estimate":0.00030379329057206306,"standard_error":0.00016740707479810185}}