{"mean":{"confidence_interval":{"confidence_level":0.95,"lower_bound":-0.954618472782283,"upper_bound":-0.9545816406717906},"point_estimate":-0.9546010045270792,"standard_error":9.484935202084255e-6},"median":{"confidence_interval":{"confidence_level":0.95,"lower_bound":-0.9546165605913084,"upper_bound":-0.9545930593118062},"point_estimate":-0.9546040926611793,"standard_error":6.0477729944667355e-6}}