{"mean":{"confidence_interval":{"confidence_level":0.95,"lower_bound":-0.0010051144502790264,"upper_bound":0.00040441361094237704},"point_estimate":-0.0002806968993176451,"standard_error":0.00035876617672568595},"median":{"confidence_interval":{"confidence_level":0.95,"lower_bound":-0.0002612928078457033,"upper_bound":0.0003195736508065927},"point_estimate":0.00005554804723661988,"standard_error":0.000144510217094336}}