{"mean":{"confidence_interval":{"confidence_level":0.95,"lower_bound":-0.003723194413940505,"upper_bound":-0.0005749328331898593},"point_estimate":-0.0019400851186184287,"standard_error":0.0008113953855859086},"median":{"confidence_interval":{"confidence_level":0.95,"lower_bound":-0.000769008019193107,"upper_bound":-0.00012424723970656947},"point_estimate":-0.00036091264227589015,"standard_error":0.00014729275906777179}}