{"mean":{"confidence_interval":{"confidence_level":0.95,"lower_bound":-0.3466212475805197,"upper_bound":-0.34530202983196395},"point_estimate":-0.3459607358859691,"standard_error":0.00033823094304115343},"median":{"confidence_interval":{"confidence_level":0.95,"lower_bound":-0.346230580935178,"upper_bound":-0.3452105338956519},"point_estimate":-0.34575945475954795,"standard_error":0.0002590492170713425}}