{"mean":{"confidence_interval":{"confidence_level":0.95,"lower_bound":-0.002671698115633422,"upper_bound":-0.000042282527888623635},"point_estimate":-0.001096443992880114,"standard_error":0.0006898852183249199},"median":{"confidence_interval":{"confidence_level":0.95,"lower_bound":-0.0008352142137000307,"upper_bound":0.0001639414239104444},"point_estimate":-0.0002719500475750758,"standard_error":0.0002518588608024687}}