{"mean":{"confidence_interval":{"confidence_level":0.95,"lower_bound":-0.8814569774842638,"upper_bound":-0.8811500095728874},"point_estimate":-0.881277848384808,"standard_error":0.00007956948756078752},"median":{"confidence_interval":{"confidence_level":0.95,"lower_bound":-0.8813277016124089,"upper_bound":-0.881157599500454},"point_estimate":-0.881267320765832,"standard_error":0.000048723533488309966}}