{"mean":{"confidence_interval":{"confidence_level":0.95,"lower_bound":-0.9506855312893605,"upper_bound":-0.9506449128125708},"point_estimate":-0.9506648910727667,"standard_error":0.000010356205767988295},"median":{"confidence_interval":{"confidence_level":0.95,"lower_bound":-0.950688098960267,"upper_bound":-0.9506648555761646},"point_estimate":-0.950680431061795,"standard_error":5.9879651284488265e-6}}