{"mean":{"confidence_interval":{"confidence_level":0.95,"lower_bound":-0.00034339847979565066,"upper_bound":0.00024142100004241306},"point_estimate":-0.000049521841588684445,"standard_error":0.0001495496778446482},"median":{"confidence_interval":{"confidence_level":0.95,"lower_bound":-0.0004423200797537552,"upper_bound":0.00013356105828910003},"point_estimate":-0.00025933528869559463,"standard_error":0.00015141954046294935}}