{"mean":{"confidence_interval":{"confidence_level":0.95,"lower_bound":-0.8375619607797125,"upper_bound":-0.8374390790191902},"point_estimate":-0.837499316870554,"standard_error":0.000031159812901179277},"median":{"confidence_interval":{"confidence_level":0.95,"lower_bound":-0.8375318552522459,"upper_bound":-0.8374544765821527},"point_estimate":-0.8375034099617613,"standard_error":0.00002088276850514289}}