{"mean":{"confidence_interval":{"confidence_level":0.95,"lower_bound":0.38781756757255653,"upper_bound":0.3880051338643364},"point_estimate":0.3879056631870466,"standard_error":0.00004797752804233545},"median":{"confidence_interval":{"confidence_level":0.95,"lower_bound":0.3876921474207907,"upper_bound":0.3878220829640686},"point_estimate":0.38774202224273335,"standard_error":0.000039154518866905054},"median_abs_dev":{"confidence_interval":{"confidence_level":0.95,"lower_bound":0.0001754830099142582,"upper_bound":0.0003485283026497479},"point_estimate":0.0002493976014460739,"standard_error":0.000046840594420723484},"slope":{"confidence_interval":{"confidence_level":0.95,"lower_bound":0.38782805787910857,"upper_bound":0.3880432744307299},"point_estimate":0.3879265228545827,"standard_error":0.00005497670903363831},"std_dev":{"confidence_interval":{"confidence_level":0.95,"lower_bound":0.0003221264829173739,"upper_bound":0.0006310398507783506},"point_estimate":0.0004820635954255566,"standard_error":0.00007954495855432701}}