{"mean":{"confidence_interval":{"confidence_level":0.95,"lower_bound":5.109107290993025,"upper_bound":5.114632882767727},"point_estimate":5.111510395588806,"standard_error":0.0014166917753039444},"median":{"confidence_interval":{"confidence_level":0.95,"lower_bound":5.106948454345965,"upper_bound":5.108670935952331},"point_estimate":5.108087546917128,"standard_error":0.0005034763864618293},"median_abs_dev":{"confidence_interval":{"confidence_level":0.95,"lower_bound":0.002695718486004066,"upper_bound":0.0049022913950665025},"point_estimate":0.0037805738167166975,"standard_error":0.0005498221595709965},"slope":{"confidence_interval":{"confidence_level":0.95,"lower_bound":5.10810214186048,"upper_bound":5.110790321755524},"point_estimate":5.1093363259049696,"standard_error":0.0006887938631522458},"std_dev":{"confidence_interval":{"confidence_level":0.95,"lower_bound":0.006743414295423403,"upper_bound":0.021489264583993},"point_estimate":0.014230460081648518,"standard_error":0.004257289940305138}}