{"mean":{"confidence_interval":{"confidence_level":0.95,"lower_bound":-0.8875587580162474,"upper_bound":-0.8873983736988315},"point_estimate":-0.8874833046760611,"standard_error":0.0000411821584106227},"median":{"confidence_interval":{"confidence_level":0.95,"lower_bound":-0.8876578713020751,"upper_bound":-0.8875378443334438},"point_estimate":-0.8875968482214981,"standard_error":0.00003098363113079268}}