{"mean":{"confidence_interval":{"confidence_level":0.95,"lower_bound":-0.4994440993065655,"upper_bound":-0.49782443538876925},"point_estimate":-0.4986261732877191,"standard_error":0.00041374331728667783},"median":{"confidence_interval":{"confidence_level":0.95,"lower_bound":-0.4995682780765759,"upper_bound":-0.4973521458432839},"point_estimate":-0.4984288108380631,"standard_error":0.0005663045323692033}}