{"mean":{"confidence_interval":{"confidence_level":0.95,"lower_bound":-0.8814319578860633,"upper_bound":-0.8807670246767848},"point_estimate":-0.8810722725872892,"standard_error":0.00017122746429813117},"median":{"confidence_interval":{"confidence_level":0.95,"lower_bound":-0.881319757198788,"upper_bound":-0.881235437968882},"point_estimate":-0.8812669970705254,"standard_error":0.000021074709034535252}}