{"mean":{"confidence_interval":{"confidence_level":0.95,"lower_bound":0.5817821637854743,"upper_bound":0.5823148476864694},"point_estimate":0.5820205195206526,"standard_error":0.00013687007444701041},"median":{"confidence_interval":{"confidence_level":0.95,"lower_bound":0.5815757339645302,"upper_bound":0.5817410610445949},"point_estimate":0.581626583504901,"standard_error":0.00004263563700076466},"median_abs_dev":{"confidence_interval":{"confidence_level":0.95,"lower_bound":0.0002818414692726063,"upper_bound":0.0005348967454501427},"point_estimate":0.00040253364445190753,"standard_error":0.00006543024559928546},"slope":{"confidence_interval":{"confidence_level":0.95,"lower_bound":0.581692061227894,"upper_bound":0.5820384777711655},"point_estimate":0.5818475997743243,"standard_error":0.00008872390918544186},"std_dev":{"confidence_interval":{"confidence_level":0.95,"lower_bound":0.0006759211470654827,"upper_bound":0.00200571846082849},"point_estimate":0.0013813791656103742,"standard_error":0.00034770799382467533}}