{"mean":{"confidence_interval":{"confidence_level":0.95,"lower_bound":-0.006851011882316485,"upper_bound":-0.004088636141417798},"point_estimate":-0.0053166595593223676,"standard_error":0.0007101260116185538},"median":{"confidence_interval":{"confidence_level":0.95,"lower_bound":-0.00480022447198869,"upper_bound":-0.004253581243346516},"point_estimate":-0.004543518733510221,"standard_error":0.00013588052190975205}}