{"mean":{"confidence_interval":{"confidence_level":0.95,"lower_bound":-0.0006424314753017718,"upper_bound":0.00028279205164308816},"point_estimate":-0.00016156635673503228,"standard_error":0.00023576577758915735},"median":{"confidence_interval":{"confidence_level":0.95,"lower_bound":-0.0003829243248233416,"upper_bound":0.0001418687894274573},"point_estimate":-0.0001334403836592557,"standard_error":0.00012897400576933438}}