{"mean":{"confidence_interval":{"confidence_level":0.95,"lower_bound":-0.004939472470134973,"upper_bound":-0.0014623830006182496},"point_estimate":-0.003026125032467686,"standard_error":0.0008900837776430693},"median":{"confidence_interval":{"confidence_level":0.95,"lower_bound":-0.0017659355003261101,"upper_bound":-0.0008256189414189707},"point_estimate":-0.0014049534237534633,"standard_error":0.00024552897867146105}}