{"mean":{"confidence_interval":{"confidence_level":0.95,"lower_bound":3.1032324756512852,"upper_bound":3.109503845111744},"point_estimate":3.1062328423968153,"standard_error":0.0016004303237779631},"median":{"confidence_interval":{"confidence_level":0.95,"lower_bound":3.101854100461208,"upper_bound":3.107275281812871},"point_estimate":3.1043564580815293,"standard_error":0.0015087871952598208},"median_abs_dev":{"confidence_interval":{"confidence_level":0.95,"lower_bound":0.010098162958273808,"upper_bound":0.018633731589974906},"point_estimate":0.015097710497051258,"standard_error":0.002201013203725398},"slope":{"confidence_interval":{"confidence_level":0.95,"lower_bound":3.1056335186621595,"upper_bound":3.1121207348601985},"point_estimate":3.1088735826794096,"standard_error":0.0016524185967909087},"std_dev":{"confidence_interval":{"confidence_level":0.95,"lower_bound":0.012052207843189658,"upper_bound":0.020484115037827995},"point_estimate":0.016096008473478144,"standard_error":0.002218517386784075}}