{"mean":{"confidence_interval":{"confidence_level":0.95,"lower_bound":-0.0017783850056994088,"upper_bound":0.0023388352568666114},"point_estimate":0.0002450913519740361,"standard_error":0.001048009730060258},"median":{"confidence_interval":{"confidence_level":0.95,"lower_bound":-0.0002831001435258241,"upper_bound":0.00013790097527976997},"point_estimate":-0.00006631506313969915,"standard_error":0.00010371151781134285}}