{"mean":{"confidence_interval":{"confidence_level":0.95,"lower_bound":-0.8814651986730168,"upper_bound":-0.8813794996414724},"point_estimate":-0.8814223524146452,"standard_error":0.000021987036463380327},"median":{"confidence_interval":{"confidence_level":0.95,"lower_bound":-0.8814642682292801,"upper_bound":-0.8813826562875356},"point_estimate":-0.8814253285501253,"standard_error":0.00002073711037688636}}