{"mean":{"confidence_interval":{"confidence_level":0.95,"lower_bound":2.482134150455525,"upper_bound":2.4836806015681483},"point_estimate":2.4828335170319216,"standard_error":0.0003978228772009111},"median":{"confidence_interval":{"confidence_level":0.95,"lower_bound":2.4814950339692032,"upper_bound":2.4821615447464325},"point_estimate":2.481781522579091,"standard_error":0.00016250363804990657},"median_abs_dev":{"confidence_interval":{"confidence_level":0.95,"lower_bound":0.001160224035503019,"upper_bound":0.0023416023145947664},"point_estimate":0.0017076786127957408,"standard_error":0.00030850100564660203},"slope":{"confidence_interval":{"confidence_level":0.95,"lower_bound":2.482038957586521,"upper_bound":2.483339378620137},"point_estimate":2.4826294001071214,"standard_error":0.00033267775956636984},"std_dev":{"confidence_interval":{"confidence_level":0.95,"lower_bound":0.002174080091777443,"upper_bound":0.00579341432231209},"point_estimate":0.003989029661998587,"standard_error":0.0009996223077471404}}