{"mean":{"confidence_interval":{"confidence_level":0.95,"lower_bound":2.986721056652199,"upper_bound":2.9879689538994882},"point_estimate":2.9873066661504364,"standard_error":0.0003186347778717977},"median":{"confidence_interval":{"confidence_level":0.95,"lower_bound":2.986011945566255,"upper_bound":2.987091222696705},"point_estimate":2.9865364510177157,"standard_error":0.00029946455962617926},"median_abs_dev":{"confidence_interval":{"confidence_level":0.95,"lower_bound":0.0015969285996441339,"upper_bound":0.00281059501180537},"point_estimate":0.0020912348191520357,"standard_error":0.000307149251386183},"slope":{"confidence_interval":{"confidence_level":0.95,"lower_bound":2.986873700295334,"upper_bound":2.988171575038137},"point_estimate":2.987470015709307,"standard_error":0.0003313968066975906},"std_dev":{"confidence_interval":{"confidence_level":0.95,"lower_bound":0.0021851558685858936,"upper_bound":0.004100409515458936},"point_estimate":0.0032042134059013377,"standard_error":0.0004887765495118485}}