{"mean":{"confidence_interval":{"confidence_level":0.95,"lower_bound":0.4767486770724153,"upper_bound":0.4769733331642131},"point_estimate":0.4768558303520043,"standard_error":0.00005733195099739587},"median":{"confidence_interval":{"confidence_level":0.95,"lower_bound":0.4766401256599554,"upper_bound":0.4768128325200906},"point_estimate":0.476692453037339,"standard_error":0.00004622621227788875},"median_abs_dev":{"confidence_interval":{"confidence_level":0.95,"lower_bound":0.00025982852631627537,"upper_bound":0.0004882891255677293},"point_estimate":0.0003952700374728096,"standard_error":0.000057515867140561424},"slope":{"confidence_interval":{"confidence_level":0.95,"lower_bound":0.4766723103800207,"upper_bound":0.4768698684425148},"point_estimate":0.4767673633797491,"standard_error":0.000050560561980371896},"std_dev":{"confidence_interval":{"confidence_level":0.95,"lower_bound":0.00042443461970030367,"upper_bound":0.0007350346113463291},"point_estimate":0.0005769150312227354,"standard_error":0.00008109741201546978}}