{"mean":{"confidence_interval":{"confidence_level":0.95,"lower_bound":0.0011735097371269986,"upper_bound":0.0026462086461429553},"point_estimate":0.001814047636524041,"standard_error":0.00037104321320315613},"median":{"confidence_interval":{"confidence_level":0.95,"lower_bound":0.0003174091666464651,"upper_bound":0.0034287807423740713},"point_estimate":0.0013162356261904318,"standard_error":0.0008344543872992384}}