{"mean":{"confidence_interval":{"confidence_level":0.95,"lower_bound":-0.9136181188975492,"upper_bound":-0.9133876824090981},"point_estimate":-0.9135079736529467,"standard_error":0.0000601177479724351},"median":{"confidence_interval":{"confidence_level":0.95,"lower_bound":-0.9134142694732488,"upper_bound":-0.9133565608515578},"point_estimate":-0.913384827853045,"standard_error":0.000014194741922460344}}