{"mean":{"confidence_interval":{"confidence_level":0.95,"lower_bound":-0.0009922049862206208,"upper_bound":0.0005956609641121934},"point_estimate":-0.00016254726424969057,"standard_error":0.000404656397132874},"median":{"confidence_interval":{"confidence_level":0.95,"lower_bound":-0.0004430715699499817,"upper_bound":0.00013303324503777247},"point_estimate":-0.00015694097975427201,"standard_error":0.00014904645955175546}}