{"mean":{"confidence_interval":{"confidence_level":0.95,"lower_bound":-0.0028016793419406443,"upper_bound":0.0009360674008154207},"point_estimate":-0.000832609033508569,"standard_error":0.0009518270557289916},"median":{"confidence_interval":{"confidence_level":0.95,"lower_bound":-0.0011365689787559141,"upper_bound":0.0014514504142013607},"point_estimate":-0.00019102237221169105,"standard_error":0.000686101619695169}}