{"mean":{"confidence_interval":{"confidence_level":0.95,"lower_bound":-0.949541952780654,"upper_bound":-0.9493249470779697},"point_estimate":-0.9494300938928163,"standard_error":0.00005470143379616868},"median":{"confidence_interval":{"confidence_level":0.95,"lower_bound":-0.9494186772203091,"upper_bound":-0.9493963322132042},"point_estimate":-0.9494079349193771,"standard_error":5.730347904509223e-6}}