{"mean":{"confidence_interval":{"confidence_level":0.95,"lower_bound":-0.9544171131833973,"upper_bound":-0.954246191163187},"point_estimate":-0.9543456613090773,"standard_error":0.000042456476679487354},"median":{"confidence_interval":{"confidence_level":0.95,"lower_bound":-0.9544521360059169,"upper_bound":-0.9543581058665273},"point_estimate":-0.9543979098342991,"standard_error":0.00002287441223402639}}