{"mean":{"confidence_interval":{"confidence_level":0.95,"lower_bound":0.0054702075595208675,"upper_bound":0.006402899345862306},"point_estimate":0.005943138960796013,"standard_error":0.00023891481359433015},"median":{"confidence_interval":{"confidence_level":0.95,"lower_bound":0.00613205235715375,"upper_bound":0.006731734173210713},"point_estimate":0.006424369581875533,"standard_error":0.00015373208115927704}}