{"mean":{"confidence_interval":{"confidence_level":0.95,"lower_bound":0.7761799555521808,"upper_bound":0.7779272911266422},"point_estimate":0.7769689332107386,"standard_error":0.0004477340455557057},"median":{"confidence_interval":{"confidence_level":0.95,"lower_bound":0.7750205027447892,"upper_bound":0.7764062034372367},"point_estimate":0.7756431938393116,"standard_error":0.0003340993925347164},"median_abs_dev":{"confidence_interval":{"confidence_level":0.95,"lower_bound":0.0016448702388390229,"upper_bound":0.003173802885012287},"point_estimate":0.002329446393195776,"standard_error":0.00036575587424341914},"slope":{"confidence_interval":{"confidence_level":0.95,"lower_bound":0.7757605347346995,"upper_bound":0.7769980344413163},"point_estimate":0.7763471962323925,"standard_error":0.0003168510417914793},"std_dev":{"confidence_interval":{"confidence_level":0.95,"lower_bound":0.0026129830040881362,"upper_bound":0.006451882966587002},"point_estimate":0.004488202534102331,"standard_error":0.0010790726052225005}}