{"mean":{"confidence_interval":{"confidence_level":0.95,"lower_bound":5.474832149393959,"upper_bound":5.477442085384574},"point_estimate":5.476040015957311,"standard_error":0.0006687567530896253},"median":{"confidence_interval":{"confidence_level":0.95,"lower_bound":5.4735609900716025,"upper_bound":5.475232072774788},"point_estimate":5.4745365527086225,"standard_error":0.0004079304724145962},"median_abs_dev":{"confidence_interval":{"confidence_level":0.95,"lower_bound":0.0027353815950537357,"upper_bound":0.004578910365384063},"point_estimate":0.003666795836128156,"standard_error":0.000470197588738397},"slope":{"confidence_interval":{"confidence_level":0.95,"lower_bound":5.474816757184577,"upper_bound":5.479168772231757},"point_estimate":5.476644713651673,"standard_error":0.0011378523299437574},"std_dev":{"confidence_interval":{"confidence_level":0.95,"lower_bound":0.004099982783336211,"upper_bound":0.009033966672318814},"point_estimate":0.006716450052373361,"standard_error":0.001274190161668826}}