{"mean":{"confidence_interval":{"confidence_level":0.95,"lower_bound":-0.9193861721853531,"upper_bound":-0.9193127385756914},"point_estimate":-0.919349125978903,"standard_error":0.000018713208111679218},"median":{"confidence_interval":{"confidence_level":0.95,"lower_bound":-0.9193843669239468,"upper_bound":-0.9193042839685134},"point_estimate":-0.9193308007435079,"standard_error":0.00002042444877007349}}