{"mean":{"confidence_interval":{"confidence_level":0.95,"lower_bound":-0.8027569178454823,"upper_bound":-0.8025405467853346},"point_estimate":-0.8026484725298549,"standard_error":0.000055195991692506064},"median":{"confidence_interval":{"confidence_level":0.95,"lower_bound":-0.8027357021985315,"upper_bound":-0.8026184489871168},"point_estimate":-0.8026718575277241,"standard_error":0.000029583429326288975}}