{"mean":{"confidence_interval":{"confidence_level":0.95,"lower_bound":-0.000550850024235197,"upper_bound":0.00047638605323644913},"point_estimate":-0.00003947846104901398,"standard_error":0.0002604680714419099},"median":{"confidence_interval":{"confidence_level":0.95,"lower_bound":-0.00023687447776277182,"upper_bound":0.00041050043648271917},"point_estimate":0.00012786647017404285,"standard_error":0.00016109884738524835}}