{"mean":{"confidence_interval":{"confidence_level":0.95,"lower_bound":-0.0036549049934397337,"upper_bound":3.2987808425736165e-6},"point_estimate":-0.0016916452664186288,"standard_error":0.0009332373231997449},"median":{"confidence_interval":{"confidence_level":0.95,"lower_bound":-0.0021680850548581043,"upper_bound":0.0005543644262022855},"point_estimate":-0.0003638903534513016,"standard_error":0.000675462443784725}}