{"mean":{"confidence_interval":{"confidence_level":0.95,"lower_bound":-0.8527106465914481,"upper_bound":-0.852261309487108},"point_estimate":-0.8524502039829224,"standard_error":0.00011772533658725938},"median":{"confidence_interval":{"confidence_level":0.95,"lower_bound":-0.8523064930833807,"upper_bound":-0.85223582316684},"point_estimate":-0.8522796688676992,"standard_error":0.000018677215154985368}}