{"mean":{"confidence_interval":{"confidence_level":0.95,"lower_bound":-0.0005036164673446087,"upper_bound":0.00032668152750094933},"point_estimate":-0.00006169059872052074,"standard_error":0.00021193227840399752},"median":{"confidence_interval":{"confidence_level":0.95,"lower_bound":-0.0003065956720864987,"upper_bound":0.00013000582400102267},"point_estimate":-0.00015463315512043163,"standard_error":0.00010821491105797756}}