{"mean":{"confidence_interval":{"confidence_level":0.95,"lower_bound":-0.003558126830345545,"upper_bound":0.001403872988376403},"point_estimate":-0.0009189125027363465,"standard_error":0.0012656293180878081},"median":{"confidence_interval":{"confidence_level":0.95,"lower_bound":-0.00012604410994943027,"upper_bound":0.0018253057627202196},"point_estimate":0.0009939953244768596,"standard_error":0.0004939572154334913}}