{"mean":{"confidence_interval":{"confidence_level":0.95,"lower_bound":-0.8862110578565773,"upper_bound":-0.8859386764334709},"point_estimate":-0.8860943259842484,"standard_error":0.00006977367622895763},"median":{"confidence_interval":{"confidence_level":0.95,"lower_bound":-0.8862293629671442,"upper_bound":-0.8861827499288116},"point_estimate":-0.8862060733522472,"standard_error":0.000011106664139288136}}