{"mean":{"confidence_interval":{"confidence_level":0.95,"lower_bound":13.035681404252655,"upper_bound":13.076699169987085},"point_estimate":13.05322785225977,"standard_error":0.010563586787996458},"median":{"confidence_interval":{"confidence_level":0.95,"lower_bound":13.031310946916003,"upper_bound":13.034203721202061},"point_estimate":13.03268839753294,"standard_error":0.0007387474729297001},"median_abs_dev":{"confidence_interval":{"confidence_level":0.95,"lower_bound":0.005444387710166848,"upper_bound":0.009372659776615359},"point_estimate":0.007197291544144977,"standard_error":0.0010593176208539942},"slope":{"confidence_interval":{"confidence_level":0.95,"lower_bound":13.031814798120887,"upper_bound":13.034463808172626},"point_estimate":13.0331090713408,"standard_error":0.0006770973459980801},"std_dev":{"confidence_interval":{"confidence_level":0.95,"lower_bound":0.01551299452736449,"upper_bound":0.16715519105127521},"point_estimate":0.10654232838784664,"standard_error":0.03696484952069005}}