{"mean":{"confidence_interval":{"confidence_level":0.95,"lower_bound":3.1694649823733276,"upper_bound":3.171102215162078},"point_estimate":3.170235974562792,"standard_error":0.0004185863764892216},"median":{"confidence_interval":{"confidence_level":0.95,"lower_bound":3.168655749838098,"upper_bound":3.1698559402338944},"point_estimate":3.1692796446787597,"standard_error":0.0002704328561338392},"median_abs_dev":{"confidence_interval":{"confidence_level":0.95,"lower_bound":0.0019130068259941165,"upper_bound":0.0032045035792164795},"point_estimate":0.0024216152706721863,"standard_error":0.000333665620707461},"slope":{"confidence_interval":{"confidence_level":0.95,"lower_bound":3.1693717097924554,"upper_bound":3.170916713959726},"point_estimate":3.1700896539394927,"standard_error":0.00039427992035672495},"std_dev":{"confidence_interval":{"confidence_level":0.95,"lower_bound":0.002784730413745512,"upper_bound":0.00550715252520176},"point_estimate":0.004203493579643817,"standard_error":0.0007016268496955259}}