{"mean":{"confidence_interval":{"confidence_level":0.95,"lower_bound":0.38783965409308274,"upper_bound":0.3881616955418259},"point_estimate":0.38798353613675923,"standard_error":0.00008230519092310936},"median":{"confidence_interval":{"confidence_level":0.95,"lower_bound":0.3876607873961939,"upper_bound":0.38779390043087425},"point_estimate":0.3876926357966487,"standard_error":0.00003892170188593213},"median_abs_dev":{"confidence_interval":{"confidence_level":0.95,"lower_bound":0.0001602937703366121,"upper_bound":0.00032911775536066266},"point_estimate":0.00022446977974109692,"standard_error":0.000046586620208744555},"slope":{"confidence_interval":{"confidence_level":0.95,"lower_bound":0.38781485322168197,"upper_bound":0.38807965779307824},"point_estimate":0.38793049989550754,"standard_error":0.00006760473911244617},"std_dev":{"confidence_interval":{"confidence_level":0.95,"lower_bound":0.0004168981212655069,"upper_bound":0.0012038681142863196},"point_estimate":0.0008266017566370155,"standard_error":0.0002085955623015569}}