{"mean":{"confidence_interval":{"confidence_level":0.95,"lower_bound":0.0013031875215107126,"upper_bound":0.002451691760424545},"point_estimate":0.001855393582805398,"standard_error":0.00029695430094636217},"median":{"confidence_interval":{"confidence_level":0.95,"lower_bound":0.0013093510971826984,"upper_bound":0.002503049303507421},"point_estimate":0.00200625264381582,"standard_error":0.0003084367213453365}}