{"mean":{"confidence_interval":{"confidence_level":0.95,"lower_bound":-0.8923652202873555,"upper_bound":-0.8922419918783365},"point_estimate":-0.8923047492443784,"standard_error":0.00003140248570964017},"median":{"confidence_interval":{"confidence_level":0.95,"lower_bound":-0.89239506771008,"upper_bound":-0.8923189302134519},"point_estimate":-0.892365674115722,"standard_error":0.000019015810028811483}}