{"mean":{"confidence_interval":{"confidence_level":0.95,"lower_bound":-0.00033889292103990155,"upper_bound":0.0003237351677949304},"point_estimate":-1.466452493659176e-6,"standard_error":0.00016924062508889457},"median":{"confidence_interval":{"confidence_level":0.95,"lower_bound":-0.00008131880212758347,"upper_bound":0.0003442215409588112},"point_estimate":0.00012672732202134718,"standard_error":0.00011304188410553404}}