{"mean":{"confidence_interval":{"confidence_level":0.95,"lower_bound":-0.00017992294850601156,"upper_bound":0.0008582634347717386},"point_estimate":0.0003141361718823621,"standard_error":0.000261222075879421},"median":{"confidence_interval":{"confidence_level":0.95,"lower_bound":-0.000273310285474615,"upper_bound":0.00033183267114877957},"point_estimate":-0.00001176179070705441,"standard_error":0.0001568452133798664}}