{"mean":{"confidence_interval":{"confidence_level":0.95,"lower_bound":-0.0005286390848582593,"upper_bound":0.0003201930420528852},"point_estimate":-0.00006499735134901652,"standard_error":0.00021801088188134012},"median":{"confidence_interval":{"confidence_level":0.95,"lower_bound":-0.00013395698292129055,"upper_bound":0.0003013893306276602},"point_estimate":0.000047556783497215704,"standard_error":0.00011137512908120457}}