{"mean":{"confidence_interval":{"confidence_level":0.95,"lower_bound":-0.00010773526084493221,"upper_bound":0.0021648984019193903},"point_estimate":0.0007230170754939369,"standard_error":0.0005961567992818914},"median":{"confidence_interval":{"confidence_level":0.95,"lower_bound":-0.00034058270992858844,"upper_bound":0.00019818706109179206},"point_estimate":-0.00007701197105691726,"standard_error":0.00013906366021762512}}