{"mean":{"confidence_interval":{"confidence_level":0.95,"lower_bound":-0.9260433647695575,"upper_bound":-0.9259847513703434},"point_estimate":-0.9260149233487069,"standard_error":0.000014832648655469037},"median":{"confidence_interval":{"confidence_level":0.95,"lower_bound":-0.9260368222586212,"upper_bound":-0.925986125242108},"point_estimate":-0.9260186608611278,"standard_error":0.000012163054878496048}}