{"mean":{"confidence_interval":{"confidence_level":0.95,"lower_bound":-0.9013708354057807,"upper_bound":-0.901288162107502},"point_estimate":-0.9013322738484809,"standard_error":0.00002089994720243921},"median":{"confidence_interval":{"confidence_level":0.95,"lower_bound":-0.9013610012355774,"upper_bound":-0.9013204548647089},"point_estimate":-0.901342247503931,"standard_error":0.000010337670485552867}}