{"mean":{"confidence_interval":{"confidence_level":0.95,"lower_bound":-0.00015538980286733392,"upper_bound":0.0010248889070159802},"point_estimate":0.00041803699486719914,"standard_error":0.00030388274411883307},"median":{"confidence_interval":{"confidence_level":0.95,"lower_bound":-0.00020338467594960274,"upper_bound":0.00017797251263845172},"point_estimate":-0.0000378937582257155,"standard_error":0.00009982777918610486}}