{"mean":{"confidence_interval":{"confidence_level":0.95,"lower_bound":-0.00354512722017051,"upper_bound":-0.0006699728202262113},"point_estimate":-0.0022177291822113032,"standard_error":0.0007385564652174513},"median":{"confidence_interval":{"confidence_level":0.95,"lower_bound":-0.00172505618949359,"upper_bound":-0.000772493125313467},"point_estimate":-0.0013594181137143169,"standard_error":0.0002508397952245912}}