{"mean":{"confidence_interval":{"confidence_level":0.95,"lower_bound":-0.0032179920887551307,"upper_bound":0.002128155423914163},"point_estimate":-0.0006475654089836969,"standard_error":0.0013414420457335834},"median":{"confidence_interval":{"confidence_level":0.95,"lower_bound":-0.001253307527780813,"upper_bound":0.0014547635615542731},"point_estimate":0.00013154681634608423,"standard_error":0.0006621263546314855}}