{"mean":{"confidence_interval":{"confidence_level":0.95,"lower_bound":-0.9202890074869791,"upper_bound":-0.9202337723895659},"point_estimate":-0.9202624932623453,"standard_error":0.000014115001497202127},"median":{"confidence_interval":{"confidence_level":0.95,"lower_bound":-0.9203012669952474,"upper_bound":-0.9202364963538784},"point_estimate":-0.9202696090653206,"standard_error":0.000016709890801997642}}