{"mean":{"confidence_interval":{"confidence_level":0.95,"lower_bound":-0.7084610637660609,"upper_bound":-0.7082745587321148},"point_estimate":-0.7083710036785847,"standard_error":0.000047418651922921976},"median":{"confidence_interval":{"confidence_level":0.95,"lower_bound":-0.7084481198036554,"upper_bound":-0.7083245162074674},"point_estimate":-0.7083877650605426,"standard_error":0.00003122905026950401}}