{"mean":{"confidence_interval":{"confidence_level":0.95,"lower_bound":-0.9543871022115694,"upper_bound":-0.9543328478842396},"point_estimate":-0.9543575446765028,"standard_error":0.00001391489984465111},"median":{"confidence_interval":{"confidence_level":0.95,"lower_bound":-0.9543472092417803,"upper_bound":-0.9543190749607827},"point_estimate":-0.9543314427902326,"standard_error":7.284890650529425e-6}}