{"mean":{"confidence_interval":{"confidence_level":0.95,"lower_bound":-0.8615273072722116,"upper_bound":-0.8611600224512354},"point_estimate":-0.8613842266783063,"standard_error":0.00009930995088995505},"median":{"confidence_interval":{"confidence_level":0.95,"lower_bound":-0.8615185020052321,"upper_bound":-0.8614480872129293},"point_estimate":-0.8614729025407205,"standard_error":0.000017831969582986303}}