{"mean":{"confidence_interval":{"confidence_level":0.95,"lower_bound":0.004261922115534228,"upper_bound":0.007095910316998181},"point_estimate":0.005447167633388261,"standard_error":0.0007320655766354857},"median":{"confidence_interval":{"confidence_level":0.95,"lower_bound":0.004225664975458843,"upper_bound":0.004902772422846979},"point_estimate":0.004653647814000239,"standard_error":0.00018722541887789966}}