{"mean":{"confidence_interval":{"confidence_level":0.95,"lower_bound":-0.9517773753776565,"upper_bound":-0.9515635638243639},"point_estimate":-0.951659834789607,"standard_error":0.00005485473520163866},"median":{"confidence_interval":{"confidence_level":0.95,"lower_bound":-0.9515661212315089,"upper_bound":-0.9515417311781786},"point_estimate":-0.9515551565349649,"standard_error":6.221426774852521e-6}}