{"mean":{"confidence_interval":{"confidence_level":0.95,"lower_bound":0.4793416685645512,"upper_bound":0.4809115449825531},"point_estimate":0.4801009422324001,"standard_error":0.0004012393282107327},"median":{"confidence_interval":{"confidence_level":0.95,"lower_bound":0.47860802842686,"upper_bound":0.4801659307412436},"point_estimate":0.4795155209032792,"standard_error":0.00039004592521119915},"median_abs_dev":{"confidence_interval":{"confidence_level":0.95,"lower_bound":0.0023629903845713554,"upper_bound":0.004033268201429384},"point_estimate":0.0031146379547326054,"standard_error":0.00042697445430379575},"slope":{"confidence_interval":{"confidence_level":0.95,"lower_bound":0.47874338499996455,"upper_bound":0.4799938212107577},"point_estimate":0.47935039909429317,"standard_error":0.0003194703085023071},"std_dev":{"confidence_interval":{"confidence_level":0.95,"lower_bound":0.0031417506189368406,"upper_bound":0.00487621793757863},"point_estimate":0.004026832233789171,"standard_error":0.000447365987095768}}