{"mean":{"confidence_interval":{"confidence_level":0.95,"lower_bound":-0.001976748034666796,"upper_bound":0.0025079104614755703},"point_estimate":0.00023205649333668532,"standard_error":0.001139700030797157},"median":{"confidence_interval":{"confidence_level":0.95,"lower_bound":-0.0008781821989326071,"upper_bound":0.004537718715969863},"point_estimate":0.0023774686848434534,"standard_error":0.0014344299305299017}}