{"mean":{"confidence_interval":{"confidence_level":0.95,"lower_bound":-0.9450692013413801,"upper_bound":-0.9448953266933914},"point_estimate":-0.9449726335606847,"standard_error":0.00004462597272441506},"median":{"confidence_interval":{"confidence_level":0.95,"lower_bound":-0.944892134576823,"upper_bound":-0.9447971871165232},"point_estimate":-0.9448367253396852,"standard_error":0.000023497558503191464}}