{"mean":{"confidence_interval":{"confidence_level":0.95,"lower_bound":-0.8899499752650627,"upper_bound":-0.889595682446957},"point_estimate":-0.8897978644663274,"standard_error":0.00009272112361492359},"median":{"confidence_interval":{"confidence_level":0.95,"lower_bound":-0.8898710117861454,"upper_bound":-0.8896944127922609},"point_estimate":-0.8897745047050586,"standard_error":0.00004468220562610483}}