{"mean":{"confidence_interval":{"confidence_level":0.95,"lower_bound":-0.9200314266925086,"upper_bound":-0.9197900640068489},"point_estimate":-0.91991960279565,"standard_error":0.00006222293997445365},"median":{"confidence_interval":{"confidence_level":0.95,"lower_bound":-0.9200799196997884,"upper_bound":-0.920030952688317},"point_estimate":-0.920054365098514,"standard_error":0.000012420239350010175}}