{"mean":{"confidence_interval":{"confidence_level":0.95,"lower_bound":0.6205962754892743,"upper_bound":0.6225491906646758},"point_estimate":0.6214269118443686,"standard_error":0.0005030421047364299},"median":{"confidence_interval":{"confidence_level":0.95,"lower_bound":0.620304941845779,"upper_bound":0.6204643048232525},"point_estimate":0.620376558641528,"standard_error":0.00004202392035965187},"median_abs_dev":{"confidence_interval":{"confidence_level":0.95,"lower_bound":0.0002572840984550614,"upper_bound":0.0004724092942112262},"point_estimate":0.0003573291261747518,"standard_error":0.000054206660432463264},"slope":{"confidence_interval":{"confidence_level":0.95,"lower_bound":0.620395159313777,"upper_bound":0.6205990868746709},"point_estimate":0.6204918787260038,"standard_error":0.00005203961687147175},"std_dev":{"confidence_interval":{"confidence_level":0.95,"lower_bound":0.0008708546880266319,"upper_bound":0.00783430509631172},"point_estimate":0.005037330639575505,"standard_error":0.0017217226442967795}}