{"mean":{"confidence_interval":{"confidence_level":0.95,"lower_bound":-0.9037922271617335,"upper_bound":-0.9036111985286022},"point_estimate":-0.9037024962091734,"standard_error":0.000045608105171323217},"median":{"confidence_interval":{"confidence_level":0.95,"lower_bound":-0.9037341399833976,"upper_bound":-0.9036798092886645},"point_estimate":-0.9037090651321747,"standard_error":0.000013804880063428572}}