{"mean":{"confidence_interval":{"confidence_level":0.95,"lower_bound":-0.8333677802122555,"upper_bound":-0.8332627503341467},"point_estimate":-0.8333191832902662,"standard_error":0.000026633952618966753},"median":{"confidence_interval":{"confidence_level":0.95,"lower_bound":-0.833368161777672,"upper_bound":-0.833275697989663},"point_estimate":-0.8333284309929616,"standard_error":0.000023529763348079298}}