{"mean":{"confidence_interval":{"confidence_level":0.95,"lower_bound":-0.0008919073700288771,"upper_bound":0.00003395669450494965},"point_estimate":-0.0003857807147701342,"standard_error":0.00023487136265358104},"median":{"confidence_interval":{"confidence_level":0.95,"lower_bound":-0.0004294042011008248,"upper_bound":0.0001354412622440737},"point_estimate":-0.00014716318377150372,"standard_error":0.0001385119146364549}}