{"mean":{"confidence_interval":{"confidence_level":0.95,"lower_bound":-0.9199406596528437,"upper_bound":-0.9192348907251762},"point_estimate":-0.9196128123810602,"standard_error":0.00018472476821901142},"median":{"confidence_interval":{"confidence_level":0.95,"lower_bound":-0.9200778747034958,"upper_bound":-0.9200364418538791},"point_estimate":-0.9200581257676479,"standard_error":0.000010057452129732625}}