{"mean":{"confidence_interval":{"confidence_level":0.95,"lower_bound":-0.0030984753884769093,"upper_bound":0.00014887776844357784},"point_estimate":-0.0012381253828050998,"standard_error":0.0008392604450832783},"median":{"confidence_interval":{"confidence_level":0.95,"lower_bound":-0.00020601891399674166,"upper_bound":0.0003057683931757189},"point_estimate":-0.00001378781459260292,"standard_error":0.00013535350910106575}}