{"mean":{"confidence_interval":{"confidence_level":0.95,"lower_bound":-0.0016848520363582722,"upper_bound":-0.00011471029251908806},"point_estimate":-0.0008404675337634337,"standard_error":0.0004018300286699887},"median":{"confidence_interval":{"confidence_level":0.95,"lower_bound":-0.0005212577113646866,"upper_bound":0.00011050662037837},"point_estimate":-0.00011329869629861378,"standard_error":0.00017168489864778}}