{"mean":{"confidence_interval":{"confidence_level":0.95,"lower_bound":-0.910346809174951,"upper_bound":-0.9100583491410921},"point_estimate":-0.9101808953481799,"standard_error":0.00007458284842345043},"median":{"confidence_interval":{"confidence_level":0.95,"lower_bound":-0.9100976873399953,"upper_bound":-0.9100598080169451},"point_estimate":-0.9100766540045633,"standard_error":9.473500019229882e-6}}