{"mean":{"confidence_interval":{"confidence_level":0.95,"lower_bound":-0.0004535442694083652,"upper_bound":0.0006895355773087972},"point_estimate":0.0000383317738412714,"standard_error":0.0002941568259964313},"median":{"confidence_interval":{"confidence_level":0.95,"lower_bound":-0.00038988604153311623,"upper_bound":0.00044573726790586576},"point_estimate":0.00002995845324216262,"standard_error":0.00022020889483437533}}