{"mean":{"confidence_interval":{"confidence_level":0.95,"lower_bound":-0.0005198691559492873,"upper_bound":0.0009479595719189102},"point_estimate":0.00013830701290351577,"standard_error":0.0003746634848069654},"median":{"confidence_interval":{"confidence_level":0.95,"lower_bound":-0.0004350673436837038,"upper_bound":0.0000952400740659165},"point_estimate":-0.00015027603531558853,"standard_error":0.0001333268520040914}}