{"mean":{"confidence_interval":{"confidence_level":0.95,"lower_bound":-0.9161772600719785,"upper_bound":-0.9158721031668209},"point_estimate":-0.9160463740521141,"standard_error":0.00007760679568322728},"median":{"confidence_interval":{"confidence_level":0.95,"lower_bound":-0.916245861492533,"upper_bound":-0.9162036825015001},"point_estimate":-0.9162306873257187,"standard_error":0.000011300569609496467}}