{"mean":{"confidence_interval":{"confidence_level":0.95,"lower_bound":-0.010464804426721513,"upper_bound":-0.006185035488853111},"point_estimate":-0.008295491262072185,"standard_error":0.0010916137508333941},"median":{"confidence_interval":{"confidence_level":0.95,"lower_bound":-0.010143871659711867,"upper_bound":-0.003878644830777039},"point_estimate":-0.00685336573881179,"standard_error":0.0016064050368674542}}