{"mean":{"confidence_interval":{"confidence_level":0.95,"lower_bound":0.6205707250606088,"upper_bound":0.6212276403296553},"point_estimate":0.6208304182147298,"standard_error":0.00017373886174176724},"median":{"confidence_interval":{"confidence_level":0.95,"lower_bound":0.6203966727061828,"upper_bound":0.6206124909757404},"point_estimate":0.620507320822357,"standard_error":0.00005760922264659486},"median_abs_dev":{"confidence_interval":{"confidence_level":0.95,"lower_bound":0.00030701169777108466,"upper_bound":0.0005340043716670673},"point_estimate":0.00041517373955156107,"standard_error":0.00005801887248618942},"slope":{"confidence_interval":{"confidence_level":0.95,"lower_bound":0.6205370982008676,"upper_bound":0.6208262857756541},"point_estimate":0.6206719402630096,"standard_error":0.00007422549073031766},"std_dev":{"confidence_interval":{"confidence_level":0.95,"lower_bound":0.0005315177729433013,"upper_bound":0.00285319584626733},"point_estimate":0.0017470069717264135,"standard_error":0.0007540691678246494}}