{"mean":{"confidence_interval":{"confidence_level":0.95,"lower_bound":-0.9049970145153785,"upper_bound":-0.9046704244812639},"point_estimate":-0.9048502831602372,"standard_error":0.00008303791843212205},"median":{"confidence_interval":{"confidence_level":0.95,"lower_bound":-0.9050718502519163,"upper_bound":-0.9049979371454422},"point_estimate":-0.9050390588684193,"standard_error":0.000019858959503879428}}