{"mean":{"confidence_interval":{"confidence_level":0.95,"lower_bound":-0.0012896116407707379,"upper_bound":-0.00021276403867540324},"point_estimate":-0.0007188810371742127,"standard_error":0.0002750866078403011},"median":{"confidence_interval":{"confidence_level":0.95,"lower_bound":-0.0007153849298084936,"upper_bound":-0.0000978081124226593},"point_estimate":-0.0004446864557108299,"standard_error":0.0001562697509891919}}