{"mean":{"confidence_interval":{"confidence_level":0.95,"lower_bound":-0.8839742109825072,"upper_bound":-0.8837799448680989},"point_estimate":-0.8838911294788561,"standard_error":0.00005083705569528663},"median":{"confidence_interval":{"confidence_level":0.95,"lower_bound":-0.883924274829865,"upper_bound":-0.8838797145070684},"point_estimate":-0.8839017225724871,"standard_error":0.00001140542734998613}}