{"mean":{"confidence_interval":{"confidence_level":0.95,"lower_bound":-0.004539098604440905,"upper_bound":-0.0007986140662508885},"point_estimate":-0.0024903855406771536,"standard_error":0.0009635897571278595},"median":{"confidence_interval":{"confidence_level":0.95,"lower_bound":-0.00046134521401389986,"upper_bound":0.00008565728011511453},"point_estimate":-0.00015746641154823493,"standard_error":0.0001437148251609156}}