{"mean":{"confidence_interval":{"confidence_level":0.95,"lower_bound":-0.8421169754297382,"upper_bound":-0.8418946040149293},"point_estimate":-0.842022453256826,"standard_error":0.00005602584331690236},"median":{"confidence_interval":{"confidence_level":0.95,"lower_bound":-0.8420969946900421,"upper_bound":-0.8420051874143926},"point_estimate":-0.8420539991932208,"standard_error":0.00002482414405742174}}